station_id,valid_time,go3,no2,c5h8,t2m,d2m,sp,wind_speed,wind_direction_deg,day_length_hours,dist_to_coast_km,elevation_mean_20km,elevation_std_20km,o3_value,neighbor_o3_lagged
17,2026-06-07T00:00:00Z,5.350097480472596e-09,6.31259953998072e-08,1.6550434076550052e-10,301.9807253706531,293.86288640934373,97715.26397181196,0.820254753980461,231.21923231233865,-10.1031,821.75,224.71,22.62,6.3,
17,2026-06-08T00:00:00Z,2.847470938802007e-08,1.9868922348122864e-08,3.612525331291042e-11,302.41311270962467,293.5252133799164,97472.39032506366,2.122703336766389,247.72409765691876,-10.0952,821.75,224.71,22.62,5.99,7.9
17,2026-06-09T00:00:00Z,3.010812871041135e-08,3.4249044885318134e-08,3.399233139315287e-11,302.1828500883562,289.8137401456608,97340.0141659541,2.361721553702007,245.06706822842972,-10.0878,821.75,224.71,22.62,3.95,7.4750000000000005
17,2026-06-10T00:00:00Z,4.53486010837637e-08,1.052516786775604e-08,1.3610634790024136e-11,304.1573824835612,290.7826366307484,97331.00337726742,2.6819948895787906,260.1873503440895,-10.0811,821.75,224.71,22.62,6.515000000000001,6.335
17,2026-06-11T00:00:00Z,2.094170462574557e-08,2.871788079345385e-08,3.518232329389274e-11,303.4327690537465,295.1495257611354,97294.71070794552,1.629056951076841,126.81108700395733,-10.0749,821.75,224.71,22.62,15.2,6.256666666666667
17,2026-06-12T00:00:00Z,7.824725836071944e-08,1.1730862056335768e-08,6.352872566881801e-12,299.77115567877155,296.48777706401734,97666.1168622264,3.808519012221677,127.80104782175624,-10.0694,821.75,224.71,22.62,17.5,29.2
17,2026-06-13T00:00:00Z,4.927546515288357e-08,2.181442330689006e-08,1.568436161943905e-11,300.0036546472795,296.60703574193093,97940.59213771086,2.1688472439750077,103.73585758778503,-10.0644,821.75,224.71,22.62,12.49,
17,2026-06-14T00:00:00Z,3.0591464724906415e-08,5.7688109221994476e-08,1.3214887920990756e-10,300.0075863624581,296.7515246207533,97783.65367493696,0.8755530100190281,240.25004887019287,-10.0601,821.75,224.71,22.62,4.915,5.640000000000001
17,2026-06-15T00:00:00Z,1.5566477954495112e-08,3.1927899116513595e-08,8.565993587325081e-11,300.2133610711181,294.79383435716977,97660.94895614416,0.9428269827835573,273.73246662586905,-10.0563,821.75,224.71,22.62,8.125,10.1
17,2026-06-16T00:00:00Z,2.5905641968374277e-08,3.5190446061579755e-08,2.5717170205071413e-11,299.8372431106195,295.589956941808,97906.21234416297,2.4417529097727044,272.14368115257827,-10.0532,821.75,224.71,22.62,2.94,8.31
17,2026-06-17T00:00:00Z,1.0587810914582578e-08,4.429036441931927e-08,2.3147816461611187e-10,301.65458578912313,295.5991704805043,97837.868677002,0.7645840331003813,164.9412854130761,-10.0507,821.75,224.71,22.62,3.515,23.075
17,2026-06-18T00:00:00Z,1.3812887842032526e-08,5.9318569115243936e-08,1.9607123935519976e-10,301.33429596644163,295.28062779249467,97786.78579406704,0.9363318769571084,171.67943644650308,-10.0488,821.75,224.71,22.62,10.665,10.615
17,2026-06-19T00:00:00Z,1.5146039637066673e-08,5.0501134495581375e-08,1.0448436554942408e-10,302.03766393497654,295.282902136254,97706.61299794554,0.906672291063346,274.8606592639948,-10.0475,821.75,224.71,22.62,27.15,11.366666666666667
17,2026-06-20T00:00:00Z,2.497278115821856e-08,3.1343640747148225e-08,4.375280511753551e-11,301.8317181057911,294.9184472048981,97752.90026466126,1.4112599124453162,273.0859069341375,-10.0468,821.75,224.71,22.62,6.255000000000001,16.816666666666666
17,2026-06-21T00:00:00Z,2.9864826712830245e-08,2.1887059711891208e-08,2.5515674808754945e-11,302.1703990819392,293.9677481437166,97710.83240807222,2.043646747186181,280.09525598122644,-10.0468,821.75,224.71,22.62,10.75,12.08
17,2026-06-22T00:00:00Z,2.360611112420156e-08,2.622104125361988e-08,5.3702656831998036e-11,301.74799389344025,294.28023331372486,97655.2835134746,1.6220627044222329,271.1618824057927,-10.0474,821.75,224.71,22.62,5.075,13.29
17,2026-06-23T00:00:00Z,3.6310173378047015e-08,2.594188008365944e-08,3.5677647950438064e-11,300.6878012248682,293.891095009728,97620.74812484103,1.604987740072192,284.0482990138992,-10.0486,821.75,224.71,22.62,,6.915
17,2026-06-24T00:00:00Z,2.1679525080707804e-08,2.9449722518216673e-08,1.9240290942771258e-10,301.63678366883784,294.5970850269987,97504.2656486544,1.2297861741822622,238.513311754663,-10.0504,821.75,224.71,22.62,,
17,2026-06-25T00:00:00Z,1.1182412159582936e-08,5.1982961384364295e-08,2.2447653694019318e-10,302.559482786023,296.0465597350926,97617.31095363387,0.5404638969905501,193.6756683536369,-10.0528,821.75,224.71,22.62,,
17,2026-06-26T00:00:00Z,1.2166764120138885e-08,4.9038574897277595e-08,1.7921218492511119e-10,302.8394457926309,296.95749842640026,97723.4350872777,0.9172618952400806,256.6820396028857,-10.0559,821.75,224.71,22.62,9.115,9.356666666666667
17,2026-06-27T00:00:00Z,7.080464023888622e-09,5.342804475795317e-08,3.654801386236723e-10,303.6710719236334,297.68450181150723,97663.9054648736,0.6968403842787781,174.23881287685225,-10.0595,821.75,224.71,22.62,14.6,15.274999999999999
17,2026-06-28T00:00:00Z,1.0718656188256632e-08,3.829388048719895e-08,3.0896047946859085e-10,303.6950755714633,297.2936513064508,97402.97098812532,0.7655776232472142,159.38861501878972,-10.0638,821.75,224.71,22.62,5.925000000000001,21.450000000000003
17,2026-06-29T00:00:00Z,3.3715974516789353e-08,2.6888826329723682e-08,1.3083526410234666e-10,303.2030266409307,297.6036635911171,97352.64498958406,1.2871458975175178,251.7549290331781,-10.0686,821.75,224.71,22.62,15.75,11.46
17,2026-06-30T00:00:00Z,1.4280761051011822e-08,3.96228202016091e-08,1.0681515076427728e-10,304.1251873663889,296.81795905246906,97326.93674781882,0.9457399720772692,176.45819232374592,-10.0741,821.75,224.71,22.62,0.7000000000000001,9.423333333333334
17,2026-07-01T00:00:00Z,5.09665409817384e-08,1.6642034444333538e-08,9.9370518619313e-12,302.61134968321346,298.5545877450156,97336.02051647293,3.0407742436561573,121.72836821292027,-10.0801,821.75,224.71,22.62,5.715,9.77
17,2026-07-02T00:00:00Z,5.6036053957463716e-08,1.8708119664218e-08,1.7566093231900046e-11,299.41852104773886,299.06278923200927,97535.15319026036,1.624167038496429,89.2287647361945,-10.0868,821.75,224.71,22.62,2.8,24.4
17,2026-07-03T00:00:00Z,5.637613496700268e-08,1.94670688793388e-08,1.7593026174527842e-11,300.0322832424111,299.08705238610133,97490.79107627082,2.6358624481631745,112.8796018812964,-10.094,821.75,224.71,22.62,4.1,18.4
17,2026-07-04T00:00:00Z,3.7027628201046956e-08,3.1734201229385475e-08,4.6686551931242566e-11,301.2663709245449,298.8075362845037,97416.00767284962,1.4264115276700098,74.75607940626189,-10.1018,821.75,224.71,22.62,6.65,18.0
17,2026-07-05T00:00:00Z,4.3099434053584456e-08,2.5674773080211374e-08,3.4006943167897256e-11,300.7344456955896,299.71951429960325,97322.37713992668,1.4927783399242345,113.8663079076426,-10.1102,821.75,224.71,22.62,5.2,0.24
17,2026-07-06T00:00:00Z,7.856533496865418e-08,1.2547984917253551e-08,1.186898587911629e-11,299.7695964517385,299.0426092648904,97370.52267829484,2.3595069695838022,85.66401543660004,-10.1192,821.75,224.71,22.62,4.75,25.2
17,2026-07-07T00:00:00Z,1.9998416978107297e-08,3.979563941331622e-08,7.288762989150266e-11,302.0398174096292,299.4159178904543,97282.07078289244,1.124153395312053,135.9774800798777,13.8713,821.75,224.71,22.62,1.95,12.036666666666667
17,2026-07-08T00:00:00Z,5.639665869550069e-08,1.6222826500967022e-08,1.6976036998692514e-11,300.8256849732056,299.3033471694354,97224.7787912503,2.256889716852833,104.57658142564428,13.8689,821.75,224.71,22.62,5.43,
17,2026-07-09T00:00:00Z,5.264491543345418e-08,1.655952688916319e-08,2.051857207541553e-11,298.9300434822478,298.5251737929675,97196.37099934452,2.8895590637560105,13.82904907214211,13.8585,821.75,224.71,22.62,14.75,11.950000000000001
17,2026-07-10T00:00:00Z,1.7262309634327723e-08,4.907294806926831e-08,7.030496522263787e-11,298.89580393521373,298.3798774598085,97295.51450348488,0.7053936413731531,204.213579605122,13.8475,821.75,224.71,22.62,5.18,25.833333333333332
17,2026-07-11T00:00:00Z,2.1968990016127683e-08,2.9867581722243324e-08,6.137960054692594e-11,300.82556382100785,298.3332901726511,97202.43480113566,1.7245987001506664,214.96254432446185,13.8359,821.75,224.71,22.62,9.15,18.05
17,2026-07-12T00:00:00Z,2.7201557805523603e-08,2.008801634588929e-08,9.540822334483435e-11,301.2844480224731,296.3211084425759,97036.57945758598,2.0649308292136035,247.17637984799944,13.8239,821.75,224.71,22.62,4.08,7.6499999999999995
17,2026-07-13T00:00:00Z,3.1525660188023544e-08,1.5001724053903353e-08,4.8811715081467725e-11,301.4263943805804,296.3114302680194,97183.45638472462,1.762108621016807,256.66334929246176,13.8113,821.75,224.71,22.62,8.705,8.991666666666667
17,2026-07-14T00:00:00Z,8.154289516622606e-09,3.7088657135326916e-08,1.7608408509554388e-10,300.7979631434977,298.2124174576118,97393.4693143084,1.293279938547052,285.4151726030556,13.7981,821.75,224.71,22.62,15.95,10.864999999999998
17,2026-07-15T00:00:00Z,2.851070054553626e-08,2.13487936992608e-08,5.045181902119606e-11,299.8523791330277,298.1457572398069,97555.13523447122,2.0133454563077486,267.9527971726679,13.7845,821.75,224.71,22.62,7.550000000000001,11.925000000000002
17,2026-07-16T00:00:00Z,1.8769559896012823e-08,2.6553080606743483e-08,1.7214819938611258e-10,302.20239026382745,296.5310197354908,97605.95244493696,1.9766068196355195,261.14385193548856,13.7704,821.75,224.71,22.62,6.94,8.343333333333334
17,2026-07-17T00:00:00Z,1.9043891721844363e-08,2.5939973568126125e-08,1.3998575876597407e-10,303.21103945733734,295.6259677397696,97488.2602892486,2.87203731908924,255.66385301630663,13.7558,821.75,224.71,22.62,7.154999999999999,7.173333333333333
17,2026-07-18T00:00:00Z,3.0574764269339125e-08,1.7370480041921795e-08,5.87567813319392e-11,302.1564771215472,296.9156026629339,97450.37754473487,3.102314656004045,242.6725373511128,13.7407,821.75,224.71,22.62,1.84,5.025
17,2026-07-19T00:00:00Z,3.050862193665921e-08,1.6066246929941808e-08,3.9061050609652026e-11,303.4378532744166,295.16812429264934,97463.22304419552,2.490812585316842,255.53422980788903,13.7252,821.75,224.71,22.62,2.275,7.260000000000001
17,2026-07-20T00:00:00Z,1.4768539650134026e-08,3.37584744764003e-08,1.357757430796867e-10,301.9823608877357,299.25864440495127,97470.56252461844,1.314657961103466,114.94931938412016,13.7092,821.75,224.71,22.62,7.755000000000001,27.75
17,2026-07-21T00:00:00Z,3.688958330186901e-08,2.0733680572550544e-08,3.269981254723211e-11,299.3070375859779,298.9382184056468,97618.96581613386,1.465701832310072,107.9032029645645,13.6927,821.75,224.71,22.62,7.3,
17,2026-07-22T00:00:00Z,6.082826961089643e-08,1.20711176678181e-08,1.6050637505211217e-11,298.6122524543086,297.6873662247047,97576.31659851564,3.884051295166964,104.28449687978488,13.6759,821.75,224.71,22.62,9.25,
17,2026-07-23T00:00:00Z,4.7544088710379865e-08,1.5184611299232982e-08,2.094077832974985e-11,299.563768997563,297.45883321614616,97436.56718078456,3.005187470247594,99.68161718503336,13.6585,821.75,224.71,22.62,2.05,
17,2026-07-24T00:00:00Z,5.942614314947e-08,1.217790443886528e-08,1.6186092572589468e-11,299.23153730505345,297.93055007006666,97387.5405505294,3.861346060655112,95.5957260553388,13.6408,821.75,224.71,22.62,12.3,17.0
17,2026-07-25T00:00:00Z,3.8342795835049925e-08,1.721954273670855e-08,2.4893875271137922e-11,299.40361764576755,298.70145574445127,97474.02063894036,2.9559630878621403,116.38501952504208,13.6227,821.75,224.71,22.62,3.675,25.950000000000003
17,2026-07-26T00:00:00Z,3.6411196554191175e-08,2.22151909503826e-08,4.382024783587766e-11,300.14595901077,299.439084375582,97606.8708534746,1.514267550168994,83.20277158116602,13.6041,821.75,224.71,22.62,11.9,6.01
17,2026-07-27T00:00:00Z,1.8361038682835128e-08,4.195094663709475e-08,1.1167036205733003e-10,300.87769629917426,299.70967937730745,97397.29977548835,1.3220618761860392,99.97663343502026,13.5852,821.75,224.71,22.62,,
17,2026-07-28T00:00:00Z,4.871635643592103e-08,1.947263855694666e-08,2.258208401904859e-11,300.01152816252034,299.4803834016664,97300.92409896269,1.7809512334190731,104.645292170642,13.5659,821.75,224.71,22.62,8.125,
17,2026-07-29T00:00:00Z,3.3973155318381536e-08,3.39937393218643e-08,6.057697362593564e-11,299.5936455888731,298.8602467506149,97393.311687954,1.3377268040339227,96.94153369393668,13.5462,821.75,224.71,22.62,17.25,
17,2026-07-30T00:00:00Z,2.8086672805215586e-08,3.44415180561827e-08,4.782187083960728e-11,300.18161926893947,299.7450300918501,97300.229772002,1.4484998948252965,100.77589758174668,13.5261,821.75,224.71,22.62,13.0,
17,2026-07-31T00:00:00Z,4.6160195125057285e-08,1.4182203382535532e-08,1.7249581964099382e-11,300.59112320437663,298.0100639191891,97436.2306389934,3.6972487557013305,101.61980215961944,13.5058,821.75,224.71,22.62,21.2,
17,2026-08-01T00:00:00Z,4.712710490255644e-08,1.497469233338939e-08,2.2837748234012227e-11,299.45562046130465,298.5338006130304,97406.94046961842,3.397521815893368,89.3256897694909,13.485,821.75,224.71,22.62,24.35,11.0
17,2026-08-02T00:00:00Z,5.3770341283656495e-08,1.5519176088656472e-08,2.5603939432256383e-11,299.4927835955617,298.7945963658116,97438.9027819061,2.63891886381641,90.91589051285976,13.464,821.75,224.71,22.62,0.4,11.0
17,2026-08-03T00:00:00Z,3.952076144702213e-08,1.9433350980098847e-08,3.9618857146135906e-11,299.6548210277051,299.0167677734373,97442.15130397111,1.846670411124756,114.30416917014747,13.4426,821.75,224.71,22.62,,18.61
17,2026-08-04T00:00:00Z,3.586964227885989e-08,2.1796492015971127e-08,3.804071080040428e-11,299.2073832747008,298.7988135919034,97557.72795809274,1.4853534211252573,114.58130468436714,13.4209,821.75,224.71,22.62,24.4,112.95
17,2026-08-05T00:00:00Z,2.973996098912668e-08,3.687063974707231e-08,5.6204650094151397e-11,299.16168082445046,298.6280282294353,97418.25981238388,0.7106520817814381,211.1327052830252,13.3989,821.75,224.71,22.62,14.9,6.16
17,2026-08-06T00:00:00Z,5.3576425332801167e-08,1.6524065582564423e-08,3.1383297992327367e-11,298.77631145384646,298.343411586496,97468.02175065607,1.0823224153633182,156.94074769484575,13.3766,821.75,224.71,22.62,29.95,14.466666666666667
17,2026-08-07T00:00:00Z,3.571202758117811e-08,2.540790624280896e-08,6.849068137303338e-11,298.9760998259479,298.2280758789157,97427.48916896268,1.9642548097730643,48.51035563120963,13.3541,821.75,224.71,22.62,10.9,11.8
17,2026-08-08T00:00:00Z,5.845643881515084e-08,1.4805825793580249e-08,4.5945603062934106e-11,298.0577327460555,297.7333551037972,97475.00296936328,1.5072356491847665,35.93785217788313,13.3312,821.75,224.71,22.62,,6.045
17,2026-08-09T00:00:00Z,5.8981503184589776e-08,1.4733150573073155e-08,2.4305100794599875e-11,299.3250736155344,298.5772458499175,97670.201693401,2.306551696197637,102.7387831061022,13.3081,821.75,224.71,22.62,,
17,2026-08-10T00:00:00Z,3.6093349763272393e-08,3.0539281980697956e-08,6.880994077968124e-11,300.0426672942629,299.43109921573387,97569.8121398736,1.2098398745106014,120.35880936985492,13.2848,821.75,224.71,22.62,3.675,48.85333333333333
17,2026-08-11T00:00:00Z,4.2698611457624647e-08,2.0143761093206703e-08,3.3922435305397397e-11,299.7525207635333,298.79648082789333,97547.84068732052,2.2833521977685587,115.88648484885934,13.2612,821.75,224.71,22.62,16.85,16.335
17,2026-08-12T00:00:00Z,2.84539586559827e-09,7.248500903517264e-08,2.732684225658586e-10,299.7505186976896,299.59347435009704,97665.9427608787,0.5472924909233332,3.875211057077909,13.2373,821.75,224.71,22.62,18.1,7.72
17,2026-08-13T00:00:00Z,1.6313571987516646e-08,5.4736323394391366e-08,3.2987724575588486e-10,300.66910225680607,299.8829726756925,97678.25826324354,1.7666535284463485,270.39486271511726,13.2132,821.75,224.71,22.62,2.55,9.603333333333333
17,2026-08-14T00:00:00Z,2.30393722940752e-08,3.8002318607409564e-08,1.0023004419696976e-10,300.8603928063941,299.4225449147883,97558.78142411166,0.7140466337910049,85.69671574361715,13.1889,821.75,224.71,22.62,4.5,10.1
17,2026-08-15T00:00:00Z,7.2877751974782174e-09,5.954410887489395e-08,2.1681436903877343e-10,299.95137785537344,299.2781576837476,97673.58670002082,0.5269053733756641,203.7506741833368,13.1644,821.75,224.71,22.62,3.66,14.5
17,2026-08-16T00:00:00Z,2.4736072894673022e-08,2.674410011494636e-08,9.455552815608314e-11,299.4359720566483,299.084282972904,97573.15248883417,1.1531862811090945,215.6949011504906,13.1397,821.75,224.71,22.62,12.15,
17,2026-08-17T00:00:00Z,2.1590843913241867e-08,2.6175144916778997e-08,8.816832393414724e-11,299.4961942891414,298.6757822490391,97554.25283013728,1.5257467029706455,253.3188429654753,13.1148,821.75,224.71,22.62,,25.6
17,2026-08-18T00:00:00Z,2.8550449571710673e-08,2.6217354411249706e-08,6.298054704374437e-11,298.8631371744058,298.590346341943,97741.84477710816,1.3108086073269958,151.55854974084045,13.0897,821.75,224.71,22.62,16.2,30.075
17,2026-08-19T00:00:00Z,2.478679681861153e-08,3.412166665234734e-08,9.47676514419928e-11,299.18656495647207,298.80173760759374,97757.5067647572,0.4603094675075062,113.25533895816898,13.0644,821.75,224.71,22.62,4.065,46.8
17,2026-08-20T00:00:00Z,5.3148428183445953e-08,2.3764503087988977e-08,3.3589255040029286e-11,299.0007913497358,298.5966346226656,97773.05202084614,0.7467746425380268,85.47356104726393,13.0389,821.75,224.71,22.62,,1.49
17,2026-08-21T00:00:00Z,8.629952867189707e-09,6.897779427532654e-08,3.5575543543211486e-10,300.1445681148723,299.4298228834589,97705.6371489078,0.7901421130133292,270.9907808505848,13.0133,821.75,224.71,22.62,5.665,19.39
17,2026-08-22T00:00:00Z,3.3220896117968585e-08,2.7038313504288183e-08,5.3308416994932025e-11,298.90481678202684,298.5666646856132,97737.87950426068,1.5693427483970024,232.8748987749618,12.9875,821.75,224.71,22.62,16.299999999999997,2.15
17,2026-08-23T00:00:00Z,2.758155090190426e-08,3.6397363507990915e-08,6.101960412411557e-11,299.01353389884093,298.57918743273405,97775.91154914066,0.8310089836747871,67.27530481972374,12.9615,821.75,224.71,22.62,21.6,16.0
17,2026-08-24T00:00:00Z,3.9840641158265195e-08,2.645875606892816e-08,3.941170142559223e-11,298.9302844536071,298.68905234803185,97828.33352494542,1.4262002715112831,143.2605407654525,12.9354,821.75,224.71,22.62,,0.975
17,2026-08-25T00:00:00Z,3.3039153799005525e-08,3.096758800655284e-08,5.4625661082214223e-11,299.4538847027171,298.87466480732235,97793.72691026394,1.0808093161948389,128.40656293448626,12.9092,821.75,224.71,22.62,23.15,15.366666666666667
17,2026-08-26T00:00:00Z,2.336404605186205e-08,5.886257887172422e-08,1.5288975637605938e-10,300.4090421658037,299.1697458724608,97724.14346634444,1.578252161878068,120.95895631228284,12.8828,821.75,224.71,22.62,9.3,16.04
17,2026-08-27T00:00:00Z,1.435238693731832e-08,4.758234020984695e-08,1.0889816039119904e-10,300.7650019206488,299.4760069414039,97599.32846161166,0.7225451457241698,211.32274535543016,12.8563,821.75,224.71,22.62,7.205,23.325000000000003
17,2026-08-28T00:00:00Z,1.6930156919005158e-08,3.611410349614668e-08,8.976088939045348e-11,300.26018371384373,297.69832524360174,97587.67366371951,2.7019082263760144,271.20909672017694,12.8296,821.75,224.71,22.62,,
17,2026-08-29T00:00:00Z,3.2607619536038386e-08,1.5576076308284124e-08,2.8786569898729527e-11,299.9857479862546,295.41856746634073,97603.84700223488,2.7538823084885533,264.28361084878753,12.8028,821.75,224.71,22.62,7.515,13.993333333333334
17,2026-08-30T00:00:00Z,3.629651151923401e-08,1.2917206465267782e-08,2.3135485004765967e-11,300.2383389069575,295.1472031858899,97571.94231711845,2.7758103487294257,264.60098014323984,12.776,821.75,224.71,22.62,,
17,2026-08-31T00:00:00Z,3.4538133349267465e-08,1.0688457012440258e-08,2.2954340747996464e-11,300.1445042295024,294.49843048630584,97686.15726138726,2.7474840792739545,270.42770972724685,12.749,821.75,224.71,22.62,12.35,12.5
17,2026-09-01T00:00:00Z,2.130559482038444e-08,2.8331046903431427e-08,2.0466406464131834e-10,300.0226891138924,295.1439062555532,97754.48766069891,1.9924322583069245,277.2558096408314,12.7219,821.75,224.71,22.62,8.864999999999998,14.475
17,2026-09-02T00:00:00Z,4.1378155671804444e-08,2.22678881757424e-08,2.5950359680947303e-11,299.0162301057326,298.28047820684026,97939.07039098488,1.004799012904701,108.63973268146134,12.6947,821.75,224.71,22.62,,
17,2026-09-03T00:00:00Z,3.955349294987048e-08,2.5261018283586372e-08,2.5103895925544128e-11,298.6163006408265,297.9574070507379,97858.09874251056,0.61034255853648,189.32015977730524,12.6674,821.75,224.71,22.62,,22.15
17,2026-09-04T00:00:00Z,2.5040156376917222e-08,3.499146745978637e-08,4.789917996714242e-11,299.5232087519561,298.550829305294,97850.2188617794,0.7613355818474546,75.59452610314217,12.64,821.75,224.71,22.62,,0.353
17,2026-09-05T00:00:00Z,3.4852972190614884e-08,2.6660470661265823e-08,1.9866089964890348e-11,299.54874111468274,298.38767483591545,98040.2347640791,1.7731321135432496,45.29691944028511,12.6126,821.75,224.71,22.62,,
17,2026-09-06T00:00:00Z,8.391488175994735e-09,5.508330970074334e-08,1.619401386153311e-10,298.3568601331315,297.83530504135314,98047.3246578804,1.1375203565641363,31.66447771191535,12.585,821.75,224.71,22.62,,
50,2026-06-07T00:00:00Z,4.942802007090489e-09,6.500799875740855e-08,1.9543646002833308e-10,301.9492017870222,293.9243027794787,97684.63637378432,0.69994697309732,218.29761544076507,-10.0947,829.27,217.82,11.84,21.2,
50,2026-06-08T00:00:00Z,2.5193021585188725e-08,2.2655567865894543e-08,4.7396404699279605e-11,302.19966332153126,293.5717707658372,97440.72028945232,2.033451649499653,246.64074810301432,-10.0867,829.27,217.82,11.84,26.450000000000003,28.665
50,2026-06-09T00:00:00Z,2.9401275805983032e-08,3.610709276837019e-08,4.03580088037848e-11,302.10516744906926,289.8650128648322,97305.20464314093,2.2661787161571936,245.27723705262656,-10.0793,829.27,217.82,11.84,,1.895
50,2026-06-10T00:00:00Z,4.5120760248245564e-08,1.0507912507101558e-08,1.5193394763594272e-11,304.24115156160923,290.72059742309085,97294.4013469124,2.7627931225513973,256.0504423569398,-10.0725,829.27,217.82,11.84,26.200000000000003,10.700000000000001
50,2026-06-11T00:00:00Z,2.575724742178264e-08,2.6539972206929222e-08,2.995692746459693e-11,303.57764368017814,295.1963260606881,97260.74666127512,1.7657518967012005,131.37665540349678,-10.0663,829.27,217.82,11.84,11.565,
50,2026-06-12T00:00:00Z,7.810424559660065e-08,1.1974173804350281e-08,6.926679091962064e-12,299.6813408785312,296.40551557767947,97630.15557927731,3.9625848253658655,129.36506425320354,-10.0607,829.27,217.82,11.84,26.4,
50,2026-06-13T00:00:00Z,4.902266055897456e-08,2.2109251485031745e-08,1.7509402099783818e-11,299.9831559785955,296.55844509405813,97909.33372018785,2.27663872534736,103.41797061772016,-10.0558,829.27,217.82,11.84,24.8,
50,2026-06-14T00:00:00Z,2.3515382303075792e-08,6.347905454648527e-08,1.8430258998649238e-10,299.966934361587,296.9432823350391,97755.34200378436,0.7641456520455165,237.6650792925335,-10.0514,829.27,217.82,11.84,7.215,2.445
50,2026-06-15T00:00:00Z,1.1902725301143864e-08,3.63774839894301e-08,1.1591255464424916e-10,300.21880552689294,295.1317434487223,97628.8093450804,0.7855342593221908,277.66784461142703,-10.0476,829.27,217.82,11.84,17.35,13.343333333333334
50,2026-06-16T00:00:00Z,2.702181286704288e-08,3.4217416664144354e-08,3.053942594036976e-11,299.6873159499658,295.8973165211458,97880.15888510496,2.358700999613018,278.36523326134045,-10.0445,829.27,217.82,11.84,4.165,4.65
50,2026-06-17T00:00:00Z,8.080883548073683e-09,5.103016778847848e-08,3.252297488534093e-10,301.5097582374099,295.87121136160766,97808.0049444738,0.5693103351638416,136.85393672117743,-10.042,829.27,217.82,11.84,16.2,
50,2026-06-18T00:00:00Z,1.2193383412996526e-08,6.351683555271463e-08,3.164270925651141e-10,301.376285421399,295.4266273071188,97754.5077776633,0.7839933084710644,163.21374442157563,-10.0401,829.27,217.82,11.84,14.0,
50,2026-06-19T00:00:00Z,1.8089065686846568e-08,4.796451428106424e-08,1.0592095969804487e-10,302.0054652864584,295.3870399099905,97677.13839940012,0.896643911537356,281.76028960754763,-10.0388,829.27,217.82,11.84,23.200000000000003,19.666666666666668
50,2026-06-20T00:00:00Z,2.7629577587421065e-08,3.0530162743287705e-08,5.075086389398122e-11,301.6620550912821,294.977778483057,97721.04042318696,1.355657300427552,275.0510402983393,-10.0381,829.27,217.82,11.84,16.85,21.666666666666668
50,2026-06-21T00:00:00Z,3.1586505986169505e-08,2.216548527739168e-08,3.006789624158999e-11,301.88714308886915,294.04006399553094,97679.64616819313,1.9773068982065043,278.41255205091915,-10.0381,829.27,217.82,11.84,26.0,8.271666666666667
50,2026-06-22T00:00:00Z,2.2726061206032467e-08,2.7531575620596058e-08,7.11873112002012e-11,301.4853965094828,294.5351622504121,97622.90751695848,1.5448882901760703,267.80471715250496,-10.0386,829.27,217.82,11.84,14.95,21.474999999999998
50,2026-06-23T00:00:00Z,3.8667648629493895e-08,2.409383979023044e-08,3.815146065660392e-11,300.6109876773796,293.9318638138872,97588.48895009268,1.59823550511862,287.26570622065987,-10.0398,829.27,217.82,11.84,15.55,8.11
50,2026-06-24T00:00:00Z,1.6347563942753644e-08,3.4229292372790035e-08,2.795722229919897e-10,301.4791775378279,294.9536108709706,97474.52574823916,1.1495925863102494,227.7231132325898,-10.0417,829.27,217.82,11.84,,
50,2026-06-25T00:00:00Z,1.376344759857108e-08,5.2102679872014166e-08,2.626215043156741e-10,302.39792466934426,296.0213074974116,97587.20229879662,0.5892141775503278,145.52366608413044,-10.0441,829.27,217.82,11.84,,
50,2026-06-26T00:00:00Z,1.1126348127649829e-08,5.32654594935319e-08,2.6652153116868437e-10,302.7214718480542,297.18547862553373,97693.8182413212,0.7471756337302983,249.5275852241564,-10.0472,829.27,217.82,11.84,24.25,11.365
50,2026-06-27T00:00:00Z,7.120921330427936e-09,5.5842463260897335e-08,4.965073973352277e-10,303.58062876182487,298.0449234327017,97633.96744688784,0.565246927078765,145.52568985162085,-10.0508,829.27,217.82,11.84,26.3,
50,2026-06-28T00:00:00Z,6.681096571047051e-09,4.405109219693957e-08,4.736615700896278e-10,303.5412936277241,297.8781700916687,97371.97289818084,0.5458548362881211,98.07494597062008,-10.0551,829.27,217.82,11.84,23.5,
50,2026-06-29T00:00:00Z,3.10343958764642e-08,2.9714005215783293e-08,1.81647641397274e-10,303.5121219285767,297.5610489634255,97306.331775369,1.4313681512884902,238.32960321468968,-10.06,829.27,217.82,11.84,29.5,2.4
50,2026-06-30T00:00:00Z,1.9430214019208862e-08,3.6488383556559616e-08,7.77340656596984e-11,304.06427191145326,296.49545583829865,97291.94742373214,1.1375980696363202,172.16407996782794,-10.0655,829.27,217.82,11.84,18.35,
50,2026-07-01T00:00:00Z,4.8714603353572926e-08,1.7915916168730614e-08,1.2209344455832409e-11,302.6425841724861,298.57827452213303,97301.53199816548,3.1046985639518323,121.78373932898788,-10.0716,829.27,217.82,11.84,11.65,
50,2026-07-02T00:00:00Z,5.572575346563064e-08,1.884972871597698e-08,2.0222405217927138e-11,299.43103338808623,299.04876514547743,97495.65570366284,1.630534946904831,88.55717575274406,-10.0782,829.27,217.82,11.84,12.9,
50,2026-07-03T00:00:00Z,5.7083585137935147e-08,1.9905698809717244e-08,1.9858634458080968e-11,300.13381693750154,299.01809207453687,97456.34541512336,2.6904650496291955,111.7619099874027,-10.0855,829.27,217.82,11.84,6.574999999999999,
50,2026-07-04T00:00:00Z,3.5837551396152696e-08,3.229471820450993e-08,5.629120021116103e-11,301.2038435993958,298.84456303445404,97390.01509195846,1.4426080509146455,81.3742749614135,-10.0934,829.27,217.82,11.84,7.04,
50,2026-07-05T00:00:00Z,4.31164335841324e-08,2.623425206610418e-08,3.701861433693873e-11,300.76611566372776,299.6619268463313,97289.00004625056,1.7644503460737224,117.43470109185048,-10.1018,829.27,217.82,11.84,1.5,
50,2026-07-06T00:00:00Z,7.594041684410354e-08,1.3462888345453653e-08,1.4029699075867329e-11,299.76400190029267,298.9945479234748,97348.72878317776,2.367336370957604,93.47981993943492,-10.1108,829.27,217.82,11.84,1.8,
50,2026-07-07T00:00:00Z,2.2100034684981933e-08,3.9777126999196685e-08,7.231921684475814e-11,302.0240465522993,299.490084656933,97250.9683844124,1.2818418623370442,130.42602246081034,13.8797,829.27,217.82,11.84,,
50,2026-07-08T00:00:00Z,5.73102254122568e-08,1.679064073838003e-08,1.7338994886252274e-11,301.08859824263806,299.2327662472636,97196.65119630584,2.3909197671399864,110.13604063853816,13.8772,829.27,217.82,11.84,8.59,
50,2026-07-09T00:00:00Z,5.1130983234310483e-08,1.6361877850395154e-08,2.4929736565078336e-11,299.00098106002014,298.54920316910324,97178.21073495453,2.8698014137505163,18.56625174589101,13.8667,829.27,217.82,11.84,17.75,16.8725
50,2026-07-10T00:00:00Z,1.9816294759870575e-08,4.37481277647735e-08,7.164122343614854e-11,298.9213515846011,298.3126786322058,97264.56625386723,0.7507133106296293,202.92479765256056,13.8557,829.27,217.82,11.84,7.925000000000001,27.2
50,2026-07-11T00:00:00Z,2.119944926659374e-08,3.2030321792020734e-08,7.690628092522083e-11,300.6596406998991,298.4669595633122,97170.50907236549,1.3106311073903971,202.8644320128213,13.8441,829.27,217.82,11.84,4.605,22.5
50,2026-07-12T00:00:00Z,2.549545433788076e-08,2.2508229681014085e-08,1.2662239597898968e-10,301.2958010002769,296.4152136772625,97003.44216183871,1.9053855805227684,244.0185862965807,13.8319,829.27,217.82,11.84,5.2,15.315
50,2026-07-13T00:00:00Z,3.1941110108444923e-08,1.4894265706032476e-08,5.884974202671763e-11,301.4869700947712,296.3512561425919,97147.10239383344,1.6692210811791448,258.4233078373972,13.8193,829.27,217.82,11.84,5.215,25.315
50,2026-07-14T00:00:00Z,1.0755520904405135e-08,3.6052162815495816e-08,1.9792630187093463e-10,300.68646425710546,298.3425817015274,97372.17569914664,1.4210184817981732,291.76389059117474,13.8061,829.27,217.82,11.84,5.04,11.794
50,2026-07-15T00:00:00Z,3.017930461583633e-08,2.0744459933505563e-08,5.626658816944528e-11,299.7950369278165,298.0827694356078,97525.5534881225,1.882127318352863,268.37089302703794,13.7924,829.27,217.82,11.84,5.140000000000001,20.2825
50,2026-07-16T00:00:00Z,1.4750529684712575e-08,3.0334729868400064e-08,2.5077816319576976e-10,302.0584135503791,296.94657968000604,97570.45294128435,1.778259245701874,256.0392248715289,13.7783,829.27,217.82,11.84,9.165,15.775
50,2026-07-17T00:00:00Z,1.4682304365871166e-08,2.9507574746058982e-08,2.0188180209840027e-10,303.1309736838842,295.9926607841359,97454.49744688784,2.699339514374112,250.536411020914,13.7636,829.27,217.82,11.84,14.95,12.115
50,2026-07-18T00:00:00Z,2.8432914061212043e-08,1.8919401815333968e-08,7.697962629981499e-11,302.639851807809,296.592095885898,97408.83109886725,3.033773653014781,241.00959734371548,13.7484,829.27,217.82,11.84,13.8,9.85
50,2026-07-19T00:00:00Z,3.2077593838639304e-08,1.5116120402317495e-08,4.3352166374771916e-11,303.5160395060106,294.9906779406366,97426.73828752514,2.522953299783501,252.6535281494481,13.7328,829.27,217.82,11.84,7.890000000000001,6.925
50,2026-07-20T00:00:00Z,1.8769159527751563e-08,3.2175353187011486e-08,1.0982051806054924e-10,301.9528055304813,299.2386473322652,97437.11392385804,1.5202934379661692,123.48759925141096,13.7167,829.27,217.82,11.84,12.3,
50,2026-07-21T00:00:00Z,3.676684442947541e-08,2.1756608562303945e-08,3.5565061426850566e-11,299.26507405201994,298.8913779842944,97589.2379819216,1.7036562547418392,111.2660128105566,13.7002,829.27,217.82,11.84,1.1,
50,2026-07-22T00:00:00Z,6.061705636043029e-08,1.248548536423085e-08,1.7804889501328915e-11,298.65506572653555,297.6274760814331,97548.76912021857,3.9618159554321632,105.95513842745778,13.6832,829.27,217.82,11.84,9.3,
50,2026-07-23T00:00:00Z,4.636905551002407e-08,1.5801490453341573e-08,2.552751103094936e-11,299.54430007072864,297.5671927901956,97414.911911269,2.9544113545445407,100.44181606898742,13.6658,829.27,217.82,11.84,10.85,
50,2026-07-24T00:00:00Z,5.8417584433190596e-08,1.277713583892266e-08,1.8504278141856136e-11,299.313475973557,297.8750010723457,97362.92861323916,3.8579621612572503,97.11847737943708,13.648,829.27,217.82,11.84,16.8,
50,2026-07-25T00:00:00Z,3.9053462861415045e-08,1.7555046004094956e-08,2.757126964723116e-11,299.38730090720867,298.66052643437405,97443.1635907453,3.024376584023905,115.96988557445452,13.6298,829.27,217.82,11.84,15.05,
50,2026-07-26T00:00:00Z,3.600130155449804e-08,2.3030826120877763e-08,5.0574755666487135e-11,300.14749282080305,299.43911986144366,97582.77811008344,1.5943846322404145,81.9479846292236,13.6111,829.27,217.82,11.84,15.35,
50,2026-07-27T00:00:00Z,2.1508312911580855e-08,4.116983326597455e-08,1.06318514170153e-10,300.80582870906966,299.65954468800817,97367.25837997906,1.5969962525047658,88.33710995494468,13.5921,829.27,217.82,11.84,16.1,
50,2026-07-28T00:00:00Z,4.8911368159683e-08,2.078158003912662e-08,2.4969083669528094e-11,300.018339824742,299.4538925189802,97271.5274381317,1.7921016697691126,103.54666902187658,13.5727,829.27,217.82,11.84,17.8,
50,2026-07-29T00:00:00Z,3.5200506642179895e-08,3.304238817545738e-08,6.982081510145044e-11,299.64465149534846,298.9116807195246,97363.32077774004,1.3216739156950843,91.79138198466266,13.5529,829.27,217.82,11.84,9.05,
50,2026-07-30T00:00:00Z,2.910134620114057e-08,3.5429431019823364e-08,4.845909221404554e-11,300.1211276531042,299.66818150012466,97269.51165447384,1.4973215140821066,100.0400417078997,13.5328,829.27,217.82,11.84,26.15,
50,2026-07-31T00:00:00Z,4.5478517832482153e-08,1.4825775802103624e-08,1.992885545379125e-11,300.6682013229117,298.0845471913179,97409.45547385802,3.745413620107704,103.19490726343832,13.5123,829.27,217.82,11.84,68.3,
50,2026-08-01T00:00:00Z,4.633103711336141e-08,1.5563055597745052e-08,2.5908249752139803e-11,299.51940829647083,298.48151990422576,97382.61644448302,3.38182503487789,90.2785115650365,13.4915,829.27,217.82,11.84,17.8,
50,2026-08-02T00:00:00Z,5.4424921116754383e-08,1.5860327718515106e-08,2.8654347745867383e-11,299.48030235172774,298.7073274323415,97413.06061328216,2.6343824185645506,90.99776901407428,13.4703,829.27,217.82,11.84,20.585,
50,2026-08-03T00:00:00Z,4.0812884478368765e-08,2.02108214454778e-08,4.373163588082925e-11,299.6179864468996,299.04053641442664,97409.7646545966,1.863659393752933,108.00295384729718,13.4489,829.27,217.82,11.84,64.5,
50,2026-08-04T00:00:00Z,3.5442699194959444e-08,2.36649174290183e-08,4.467412121654624e-11,299.2050831781861,298.802975126167,97524.92997013564,1.5582392542309618,107.0130042918802,13.4271,829.27,217.82,11.84,32.6,
50,2026-08-05T00:00:00Z,3.4840050254096685e-08,3.2955943338664226e-08,5.913063592356426e-11,299.0478058468232,298.57804083180974,97389.31516442164,0.6765203696333572,145.4832642941439,13.405,829.27,217.82,11.84,27.3,
50,2026-08-06T00:00:00Z,5.1248708955608566e-08,1.8562604664553005e-08,3.717307894888712e-11,298.876870852986,298.3776365562631,97435.62470078217,1.034096311963711,155.64333731476808,13.3826,829.27,217.82,11.84,4.1,
50,2026-08-07T00:00:00Z,3.175717864968364e-08,2.609478246135531e-08,9.183463414782498e-11,299.1187654167172,298.3422130895149,97407.55478188171,1.690976054163682,51.47585830680429,13.3599,829.27,217.82,11.84,,
50,2026-08-08T00:00:00Z,5.3395102518971166e-08,1.640661209428823e-08,6.228265455317442e-11,298.2604572094545,297.9434630460961,97450.55847020322,1.3765852441070765,38.72107169847729,13.337,829.27,217.82,11.84,10.34,7.215
50,2026-08-09T00:00:00Z,5.9348766642374166e-08,1.5247258667812803e-08,2.7110775424447904e-11,299.2146056596514,298.5656873582236,97641.9169825282,2.3680113387535022,94.45115268233384,13.3138,829.27,217.82,11.84,,
50,2026-08-10T00:00:00Z,3.8449646352279464e-08,3.0009616880305234e-08,7.589991294936954e-11,299.94549379895307,299.35578875751287,97541.23278438784,1.1685254107294407,127.61364038552452,13.2903,829.27,217.82,11.84,12.44,
50,2026-08-11T00:00:00Z,4.1155273580104375e-08,2.141694594301284e-08,3.9390701924784807e-11,299.8485754219435,298.87464293294465,97516.43555440012,2.298743197232951,114.20615991844444,13.2666,829.27,217.82,11.84,17.45,
50,2026-08-12T00:00:00Z,5.166267179139136e-09,6.646207228302976e-08,2.9497348821770387e-10,299.67094382431986,299.51319020395,97638.5838045168,0.4824099563823063,12.313004376980238,13.2426,829.27,217.82,11.84,,18.7406
50,2026-08-13T00:00:00Z,1.5590177065718014e-08,5.7921050927357276e-08,4.5815512271506606e-10,300.60943485105884,299.8673822760299,97649.1211730089,1.6514901471935008,268.9281528177637,13.2184,829.27,217.82,11.84,5.6,14.2675
50,2026-08-14T00:00:00Z,2.1899373652755723e-08,3.905686071556044e-08,1.193056809184161e-10,300.7118517712192,299.3530763578769,97524.40629118608,1.2073573596197316,124.72234562393554,13.194,829.27,217.82,11.84,2.14,
50,2026-08-15T00:00:00Z,5.915484734943986e-09,6.143535568794569e-08,2.5594683662841484e-10,299.9729674537291,299.37964154441664,97642.30383574836,0.4591747802904626,175.77281416097384,13.1694,829.27,217.82,11.84,0.8,
50,2026-08-16T00:00:00Z,2.3486206121083292e-08,2.71984927217534e-08,1.0918573144806064e-10,299.519326330768,299.1400455960459,97538.03651076987,1.1542112626056986,219.1299756053188,13.1446,829.27,217.82,11.84,,30.9
50,2026-08-17T00:00:00Z,2.1085756791524492e-08,2.705414412682088e-08,1.04277613374306e-10,299.4654416316454,298.6265598836231,97522.0416657576,1.4760417215890342,245.9727481985533,13.1195,829.27,217.82,11.84,9.225,
50,2026-08-18T00:00:00Z,2.7070701560263235e-08,2.8278958231535567e-08,6.688745519088167e-11,298.954311254216,298.5681270301848,97709.60801632426,1.2785144944028004,153.72474953468753,13.0943,829.27,217.82,11.84,,
50,2026-08-19T00:00:00Z,2.327032848816624e-08,3.6018060100565626e-08,1.1398978104811138e-10,299.21059095449795,298.7116620574129,97727.91439437863,0.6085557528742999,119.3840362310227,13.0689,829.27,217.82,11.84,,
50,2026-08-20T00:00:00Z,5.025170441493897e-08,2.4291127148543986e-08,4.331971345995643e-11,299.02924806430144,298.6329246029759,97740.59253584663,0.863430460836032,98.4876852381079,13.0433,829.27,217.82,11.84,6.5,
50,2026-08-21T00:00:00Z,6.358999907478133e-09,7.04742739900892e-08,4.803270054152991e-10,300.1418468410852,299.44218969665906,97673.59093957514,0.7553270092135803,268.8090385548736,13.0176,829.27,217.82,11.84,40.6,17.2275
50,2026-08-22T00:00:00Z,3.4908141390992644e-08,2.7055978581143082e-08,5.625121925366047e-11,298.865046323302,298.5172935894032,97711.07519924048,1.5546771860320696,220.1496965829424,12.9916,829.27,217.82,11.84,10.9,92.4
50,2026-08-23T00:00:00Z,3.117387975511388e-08,3.513833083225752e-08,5.779330749805292e-11,298.975899314358,298.46052921321893,97744.75937396855,0.888394141894341,88.12298570383459,12.9656,829.27,217.82,11.84,2.915,
50,2026-08-24T00:00:00Z,3.5142256450421364e-08,2.880677688507764e-08,5.121676643129194e-11,299.124358162308,298.82243880752185,97788.97789149926,1.4052157431708932,143.06610977539103,12.9393,829.27,217.82,11.84,3.69,
50,2026-08-25T00:00:00Z,2.9345055018407697e-08,3.329326618044044e-08,6.746895872106512e-11,299.6539908917688,298.9952556654656,97758.66427142556,1.2264510106903583,140.880374835165,12.9129,829.27,217.82,11.84,3.3,
50,2026-08-26T00:00:00Z,1.6296254279320997e-08,6.887301568471307e-08,2.341176052153829e-10,300.54033229479774,299.26055978761474,97688.33560080364,1.4021683592188128,143.94669929252296,12.8864,829.27,217.82,11.84,4.975,
50,2026-08-27T00:00:00Z,1.3854751850820198e-08,4.952410858774859e-08,1.3752585781475274e-10,300.7624654256723,299.3554816052723,97569.00252181108,0.8144454123207109,172.13041154467143,12.8598,829.27,217.82,11.84,7.265,
50,2026-08-28T00:00:00Z,1.6964415422998694e-08,3.7068512910798126e-08,1.1978097643518928e-10,300.35420288634987,297.75625202161825,97556.80634120452,2.39920878691795,267.1545895518099,12.833,829.27,217.82,11.84,,
50,2026-08-29T00:00:00Z,3.2702950637543127e-08,1.5339644807011692e-08,3.316761183823222e-11,300.0655038402361,295.4001165922093,97569.08862761724,2.766707048129114,260.17156390048694,12.8061,829.27,217.82,11.84,,17.026666666666667
50,2026-08-30T00:00:00Z,3.713633374710402e-08,1.2246300918934878e-08,2.620789768157246e-11,300.32679365071226,295.09803821915347,97537.82875385802,2.8105716489671697,261.7042814201088,12.7791,829.27,217.82,11.84,,
50,2026-08-31T00:00:00Z,3.485875536393158e-08,1.0267084845705424e-08,2.6360463115096698e-11,300.2008390395122,294.4324565771835,97652.2216438826,2.785875703927848,268.15859761707486,12.752,829.27,217.82,11.84,13.85,32.4
50,2026-09-01T00:00:00Z,1.9706654540576842e-08,3.10587677355524e-08,2.8613768804043736e-10,299.999535565038,295.33001378301213,97723.1006363611,1.8597754586044484,271.30619919565214,12.7248,829.27,217.82,11.84,24.700000000000003,30.916666666666668
50,2026-09-02T00:00:00Z,3.664968378060272e-08,2.4315996494854756e-08,3.2739109826136547e-11,299.11966531212,298.272885469081,97908.78187886724,1.2029116567886262,110.17651138647452,12.6975,829.27,217.82,11.84,10.5,
50,2026-09-03T00:00:00Z,3.578116668499416e-08,2.6379565883125705e-08,3.0833560398559373e-11,298.7326600834824,298.0157816830243,97826.9061725896,0.6882472359878263,159.00453753864898,12.6701,829.27,217.82,11.84,13.1,
50,2026-09-04T00:00:00Z,2.349746072745969e-08,3.5955562353542586e-08,5.5547240274898886e-11,299.54485932774173,298.4979663794031,97821.12399948917,0.8614442813861334,90.786911558731,12.6426,829.27,217.82,11.84,,
50,2026-09-05T00:00:00Z,3.650318628066743e-08,2.3903965792946352e-08,2.4362228652350898e-11,299.5131966688108,298.3007602603123,98011.32332814092,1.7173543002977616,52.91031355113355,12.615,829.27,217.82,11.84,,
50,2026-09-06T00:00:00Z,6.848299334576208e-09,5.5670857783987934e-08,2.3164344913954807e-10,298.29274535418807,297.8278519695938,98020.92989955978,0.9197491727737732,51.57104376583171,12.5873,829.27,217.82,11.84,,
235,2026-06-07T00:00:00Z,3.681693332246266e-09,6.719727677565819e-08,2.594861822832923e-10,301.7961997165627,294.15882550110587,97715.6888393165,0.5488534241513419,201.1418588863275,-10.0967,836.38,215.55,16.04,1.5,
235,2026-06-08T00:00:00Z,2.3253969926493288e-08,2.5547441294411793e-08,6.873881930968604e-11,302.13873308910365,293.6183482695083,97468.2125175905,1.8431254982420089,249.5791044202965,-10.0888,836.38,215.55,16.04,6.715,
235,2026-06-09T00:00:00Z,2.4435363749771853e-08,4.0946316070420105e-08,6.894488980308657e-11,301.9655838107501,290.1762445819222,97330.220754172,1.858176560091997,248.8829060903577,-10.0814,836.38,215.55,16.04,1.125,
235,2026-06-10T00:00:00Z,4.1490185630857916e-08,1.3663806440460296e-08,2.072004320111746e-11,304.26526046200195,290.4630054383268,97329.9163691185,2.552202735614011,260.8028652879247,-10.0746,836.38,215.55,16.04,1.1749999999999998,
235,2026-06-11T00:00:00Z,2.9396701733539945e-08,2.540963272882785e-08,2.9121271422826517e-11,302.86892349318055,295.1684101984106,97305.656968567,2.251467883783264,120.97936407083016,-10.0684,836.38,215.55,16.04,8.465,4.91125
235,2026-06-12T00:00:00Z,7.949528000057885e-08,1.1098134101971986e-08,8.774446321866387e-12,299.51857297888046,296.4738650094922,97670.2136698125,4.111685552900192,125.24880470163134,-10.0629,836.38,215.55,16.04,9.925,36.8
235,2026-06-13T00:00:00Z,4.6367744488450284e-08,2.1828689002470223e-08,2.6459465932635917e-11,299.77094956239955,296.35742792633164,97947.078731167,2.1585615630342128,101.3901216261264,-10.0579,836.38,215.55,16.04,7.290000000000001,19.5
235,2026-06-14T00:00:00Z,1.819897637041661e-08,7.102008323353751e-08,2.8067384364618646e-10,299.743278743339,297.09236786672943,97786.7823916185,0.5884458966890722,205.20155782014896,-10.0535,836.38,215.55,16.04,1.815,
235,2026-06-15T00:00:00Z,1.1094708447415458e-08,3.804891532467482e-08,1.4152180642550203e-10,300.02008651716807,295.2383577593115,97660.428375671,0.6710652134003144,275.95732051626817,-10.0498,836.38,215.55,16.04,11.5,
235,2026-06-16T00:00:00Z,2.6476866851753958e-08,3.5417659045776354e-08,4.222188707298908e-11,299.8139211448223,295.85145839260736,97899.1912270055,2.348494227801126,282.677270222939,-10.0466,836.38,215.55,16.04,,
235,2026-06-17T00:00:00Z,7.653839310811631e-09,5.0478439219323394e-08,3.4351748183717937e-10,301.2706077429484,296.17437204053647,97838.423463687,0.5850377330547095,130.8332318609169,-10.0441,836.38,215.55,16.04,3.215,25.5
235,2026-06-18T00:00:00Z,1.9000302768593228e-08,5.86850350556604e-08,2.4135297705478604e-10,301.1099122114914,295.57672983389097,97788.333422586,0.9058050189391144,171.75207655236167,-10.0422,836.38,215.55,16.04,2.48,2.66
235,2026-06-19T00:00:00Z,1.6141985503897748e-08,5.076165714922387e-08,1.4093828126522938e-10,301.9358062069962,295.6342015890077,97702.87270123148,0.8129557273846577,286.33207381676124,-10.0409,836.38,215.55,16.04,,
235,2026-06-20T00:00:00Z,3.0190043727561284e-08,3.05174003027331e-08,5.541124412041168e-11,301.6945190376779,294.96364771570404,97745.246077417,1.4390676217547578,279.45870831705065,-10.0403,836.38,215.55,16.04,7.89,
235,2026-06-21T00:00:00Z,3.299787542403209e-08,2.3901414802519943e-08,3.751376894875857e-11,301.90852664102886,294.0484852773157,97703.9136639895,1.959284913087835,278.8819279459693,-10.0402,836.38,215.55,16.04,5.165,
235,2026-06-22T00:00:00Z,2.4256397095326828e-08,2.9288730941623494e-08,8.112772195892154e-11,301.5328561577984,294.55010185061866,97648.541476405,1.520126046095729,277.2444747792358,-10.0408,836.38,215.55,16.04,18.25,
235,2026-06-23T00:00:00Z,4.1002056389413786e-08,2.4135070207096217e-08,4.1140650666242194e-11,300.66368335032627,293.8240998697877,97612.3551339895,1.701643945419547,289.55270672800134,-10.042,836.38,215.55,16.04,1.65,
235,2026-06-24T00:00:00Z,1.5052105865498793e-08,3.755653471907181e-08,2.9733235185056637e-10,301.63770744596684,294.880640534749,97503.85901467453,1.0308082417644475,232.8874563016808,-10.0438,836.38,215.55,16.04,,
235,2026-06-25T00:00:00Z,1.3449716213709556e-08,5.296875276626616e-08,2.9171443201700057e-10,302.286456773484,296.22903626458776,97618.679048905,0.6122581183308364,148.76171534070576,-10.0462,836.38,215.55,16.04,,
235,2026-06-26T00:00:00Z,8.859963519028036e-09,5.5716832726777563e-08,3.3318395507332297e-10,302.636409103049,297.6359282821331,97722.9202373325,0.6573920737363491,227.09516465959376,-10.0493,836.38,215.55,16.04,2.15,
235,2026-06-27T00:00:00Z,1.0732584733740863e-08,5.433973256979133e-08,3.935402228198558e-10,303.5907838909528,297.9579381516572,97663.9156393365,0.6499139965555846,136.8581169782326,-10.053,836.38,215.55,16.04,3.665,21.646666666666665
235,2026-06-28T00:00:00Z,8.986147852584021e-09,4.3840487123363e-08,3.9498670936566525e-10,303.7775007155327,297.58258488232576,97403.52082705,0.5699794306399026,129.10289270740475,-10.0572,836.38,215.55,16.04,1.79,25.975
235,2026-06-29T00:00:00Z,3.8983830386405584e-08,2.8999840059698548e-08,1.5585736336568898e-10,303.3797580896182,297.8787736257588,97341.1451109335,1.1277735801695383,227.78380001141332,-10.0621,836.38,215.55,16.04,3.365,
235,2026-06-30T00:00:00Z,2.7013766137005033e-08,3.31024481700906e-08,7.458159848797992e-11,303.6145323931927,297.44851706138394,97330.1204140185,1.4952234065898216,149.45666230005227,-10.0676,836.38,215.55,16.04,,4.36
235,2026-07-01T00:00:00Z,4.9232397150671655e-08,1.677951689107732e-08,1.3629771818718706e-11,302.23521123744746,298.6212250964378,97345.4068074415,3.104070888388084,116.97539657604456,-10.0737,836.38,215.55,16.04,1.525,9.916666666666666
235,2026-07-02T00:00:00Z,5.3645165950443777e-08,1.8594052463890343e-08,2.6160337771352336e-11,299.52670545113864,298.9811840794776,97536.4306989895,1.1973727126006075,95.95868128900445,-10.0803,836.38,215.55,16.04,0.45,16.00166666666667
235,2026-07-03T00:00:00Z,5.6595007232034674e-08,1.828868923704831e-08,2.6043673908308272e-11,299.8802702533526,299.0075336187144,97498.5504061225,2.523155343660715,112.58948472234928,-10.0876,836.38,215.55,16.04,4.725,24.174999999999997
235,2026-07-04T00:00:00Z,3.6279032339820136e-08,3.0604996575061786e-08,7.04977896650067e-11,301.0604808550709,298.8752110249829,97420.64889196548,1.4321313042453747,73.0230102549837,-10.0954,836.38,215.55,16.04,5.4,11.785714285714286
235,2026-07-05T00:00:00Z,4.2068213504261234e-08,2.55741114864446e-08,4.6028401045040485e-11,300.6468235521338,299.77371361867114,97330.79328295749,1.5865872643630798,107.17125347026423,-10.1039,836.38,215.55,16.04,1.1,9.700000000000001
235,2026-07-06T00:00:00Z,7.895829892319617e-08,1.1649029958514596e-08,1.5622280568880895e-11,299.60230004281453,298.87012059512483,97390.92099477,1.8883764429775531,97.9591555122248,-10.1128,836.38,215.55,16.04,0.2,11.941999999999998
235,2026-07-07T00:00:00Z,2.0219871121704847e-08,3.9198927499589474e-08,1.1324179133765499e-10,301.89655480349177,299.46408547683205,97288.4650306955,1.1436534430768843,131.46293223222852,-10.1224,836.38,215.55,16.04,1.4,14.195
235,2026-07-08T00:00:00Z,5.589827890439997e-08,1.5768335652583842e-08,2.2591800945088325e-11,300.9013857621348,299.2466096419434,97228.704447526,2.327734475687896,101.95853533479595,-10.1325,836.38,215.55,16.04,0.8,13.643333333333336
235,2026-07-09T00:00:00Z,5.562522966293564e-08,1.4172392701280066e-08,2.666323998832448e-11,298.8868390391241,298.46830699449345,97198.08998865153,3.049873184834749,18.70078178335442,13.8569,836.38,215.55,16.04,4.055,11.874
235,2026-07-10T00:00:00Z,2.3897320264816223e-08,4.030703724231326e-08,7.322213627453468e-11,298.92862078743747,298.42467913922167,97292.32412949,0.9941571096626678,172.4173364053637,13.8537,836.38,215.55,16.04,4.515000000000001,24.8
235,2026-07-11T00:00:00Z,2.4798501709171922e-08,2.9875764216140865e-08,8.499524294539732e-11,300.27241022637713,298.57340744080176,97206.372195869,1.230009417439329,182.4327067821775,13.8421,836.38,215.55,16.04,5.015,
235,2026-07-12T00:00:00Z,2.1490441511835826e-08,2.610609984617912e-08,1.6423050671397203e-10,301.04810624070524,296.8074582170104,97038.0222014495,1.570495903095862,247.2964729433152,13.83,836.38,215.55,16.04,10.14,
235,2026-07-13T00:00:00Z,2.9667567446845305e-08,1.7155305845444226e-08,7.677531968795766e-11,301.3430314539693,296.65648856842296,97183.648922417,1.497909594983217,262.7378057701398,13.8173,836.38,215.55,16.04,5.125,
235,2026-07-14T00:00:00Z,7.844169115183238e-09,3.882018698216774e-08,2.2686392628373418e-10,300.685824422751,298.5236431987397,97389.201432041,1.312450943931129,292.73839178257435,13.8042,836.38,215.55,16.04,8.0,
235,2026-07-15T00:00:00Z,2.8292320003522485e-08,2.298733540678742e-08,7.292563044279575e-11,299.7801538306553,298.13306601827173,97558.76378918748,1.4795759956014265,229.8025746887015,13.7905,836.38,215.55,16.04,5.015,
235,2026-07-16T00:00:00Z,1.3371786918848717e-08,3.291476755414466e-08,2.7001454811789205e-10,301.9744725275132,297.17715388925694,97598.585355046,1.7250951449377776,259.45979809085,13.7763,836.38,215.55,16.04,3.14,
235,2026-07-17T00:00:00Z,1.273236186677977e-08,3.3797487698716745e-08,2.289300913228164e-10,302.9417430401778,296.3469384408599,97477.8680689695,2.5532310314139206,252.44348195987413,13.7617,836.38,215.55,16.04,8.715,
235,2026-07-18T00:00:00Z,2.540010229847109e-08,2.2503903027634532e-08,1.4639774926511645e-10,302.27074947331414,297.242821963737,97439.075082546,2.872645380580075,237.7949414398994,13.7466,836.38,215.55,16.04,2.29,
235,2026-07-19T00:00:00Z,2.541029819437439e-08,2.2151833390363573e-08,1.0700371789095188e-10,303.3695083859142,295.8054219767196,97459.719310244,1.98886606671109,239.83856744302767,13.731,836.38,215.55,16.04,2.33,
235,2026-07-20T00:00:00Z,2.409536793185485e-08,2.749860038078793e-08,9.965637192945047e-11,301.4788453430657,299.29664736475684,97477.612231345,1.7552167594977552,112.04410979625804,13.7149,836.38,215.55,16.04,4.375,23.033333333333335
235,2026-07-21T00:00:00Z,4.1218991149364414e-08,1.8405071653119317e-08,4.258958236807543e-11,299.13464787560605,298.73277996355773,97627.4272183445,1.5252401762382708,96.52511447193378,13.6984,836.38,215.55,16.04,3.925,45.160000000000004
235,2026-07-22T00:00:00Z,6.102642343344974e-08,1.1367059298557391e-08,2.1144015115304307e-11,298.65513220406297,297.6347818426645,97588.6490688605,3.987530573441992,105.17409178387616,13.6814,836.38,215.55,16.04,5.09,23.45
235,2026-07-23T00:00:00Z,4.734127222071514e-08,1.4456022155007444e-08,2.861832485049792e-11,299.5586932974038,297.5422743371533,97444.87265396948,3.0598536560025726,100.07773302444312,13.6641,836.38,215.55,16.04,6.84,20.525
235,2026-07-24T00:00:00Z,6.015940672492463e-08,1.144247637556842e-08,2.0788920586138408e-11,299.31886238111133,297.8840474652295,97401.04130371148,3.973531690810216,96.86919328932306,13.6462,836.38,215.55,16.04,10.85,22.688333333333333
235,2026-07-25T00:00:00Z,4.0948825268009885e-08,1.622854189863371e-08,3.0707195955525575e-11,299.39457065729493,298.65231429613425,97480.5331837115,3.0727665808091658,115.11327166461348,13.628,836.38,215.55,16.04,9.255,21.2525
235,2026-07-26T00:00:00Z,3.6320913763951774e-08,2.1652326918918975e-08,6.046363005786373e-11,300.0392717532501,299.413174332313,97612.923445562,1.5294293749039114,78.37116446860466,13.6094,836.38,215.55,16.04,6.35,22.384285714285713
235,2026-07-27T00:00:00Z,2.3836633611864013e-08,3.808122441056939e-08,1.0814773889705906e-10,300.67237316745366,299.5655230781322,97406.90046074,1.7281621226627877,82.80427767263664,13.5904,836.38,215.55,16.04,4.630000000000001,18.895
235,2026-07-28T00:00:00Z,5.4957632288222816e-08,1.7210848711289014e-08,2.8582491050257694e-11,299.8235383733389,299.2823792117342,97309.58511244148,1.8545799585586469,102.29838174595103,13.571,836.38,215.55,16.04,7.115,22.049999999999997
235,2026-07-29T00:00:00Z,4.183438718174233e-08,2.752234617901321e-08,6.583610185725189e-11,299.6538173887895,298.9585497733564,97390.710753925,1.42326801865642,97.9510385255795,13.5513,836.38,215.55,16.04,4.405,7.621999999999998
235,2026-07-30T00:00:00Z,2.801891680607452e-08,3.1545379832280896e-08,7.702471831235403e-11,300.03626004456885,299.65880907881126,97304.4327927595,1.428838185599582,96.99167791043875,13.5312,836.38,215.55,16.04,4.4,17.522000000000002
235,2026-07-31T00:00:00Z,4.5608765994947395e-08,1.3583398565628389e-08,2.3347372471473585e-11,300.5578169018531,297.97921594416977,97444.99626371152,3.747890035735547,101.92017781113644,13.5107,836.38,215.55,16.04,6.65,16.326666666666668
235,2026-08-01T00:00:00Z,4.8393888265799866e-08,1.3854729379792933e-08,2.9187924096244986e-11,299.4754345811152,298.4370193229815,97421.5312781065,3.450594149040948,90.42761412063992,13.4899,836.38,215.55,16.04,4.065,14.695
235,2026-08-02T00:00:00Z,5.476481934556456e-08,1.4222064233041235e-08,3.1775485139572663e-11,299.31799984622813,298.65424023769634,97452.6429323725,2.768723676367908,91.71624581934816,13.4688,836.38,215.55,16.04,2.515,31.502
235,2026-08-03T00:00:00Z,4.371424903554884e-08,1.7686204547763004e-08,4.785754541793726e-11,299.528596776335,298.9825604244426,97447.809895631,1.9773896150246788,109.7550351995893,13.4473,836.38,215.55,16.04,3.44,9.165000000000001
235,2026-08-04T00:00:00Z,3.94572071168529e-08,1.951059072618576e-08,4.9238990660463525e-11,299.1631474711387,298.8053391061128,97560.545271792,1.6941600901897895,107.86506632658008,13.4256,836.38,215.55,16.04,3.785,60.485
235,2026-08-05T00:00:00Z,3.5423720314947586e-08,2.9917693058972096e-08,7.401982802619938e-11,298.9218513721354,298.5142882714249,97423.835515811,0.5935729782195847,108.05509557429728,13.4035,836.38,215.55,16.04,3.5,8.0275
235,2026-08-06T00:00:00Z,6.047619991104942e-08,1.5370845576233668e-08,3.742619751835064e-11,298.7384141399903,298.3466466245752,97466.87361130049,0.9067607812432744,159.71101091051085,13.3811,836.38,215.55,16.04,6.16,11.2
235,2026-08-07T00:00:00Z,3.723986235865242e-08,2.250762320450945e-08,8.542233865977962e-11,298.99272114202495,298.3054975999915,97429.17199619152,2.042117449903452,53.58962642996863,13.3585,836.38,215.55,16.04,2.625,6.38
235,2026-08-08T00:00:00Z,5.109936112355458e-08,1.6242241302194037e-08,6.9393182850242e-11,298.4194235186122,298.0832384506042,97473.80582479252,1.5307913332032266,39.27508639600903,13.3356,836.38,215.55,16.04,4.065,12.706
235,2026-08-09T00:00:00Z,6.077318981978384e-08,1.3671948648386962e-08,3.07958347756232e-11,299.259748788416,298.5376641444781,97678.893490671,2.3637912151622587,97.72953772017333,13.3124,836.38,215.55,16.04,2.5,4.386666666666667
235,2026-08-10T00:00:00Z,4.166993762075001e-08,2.6357386934342903e-08,7.60218169725992e-11,299.87675563673395,299.28870499936386,97577.9418383355,1.3739549793050272,119.40626780485698,13.2889,836.38,215.55,16.04,6.875,17.502499999999998
235,2026-08-11T00:00:00Z,4.2954386688068215e-08,1.8679194018114485e-08,4.020377737281593e-11,299.8369732084824,298.82309122930155,97549.5991593165,2.4805789107042866,110.95263420234328,13.2653,836.38,215.55,16.04,3.36,22.8025
235,2026-08-12T00:00:00Z,2.260281402498584e-09,6.895418984359179e-08,4.229740505291119e-10,299.74438058126856,299.6099384848657,97666.060626187,0.5639099156279842,98.6312817781264,13.2413,836.38,215.55,16.04,2.19,11.682500000000001
235,2026-08-13T00:00:00Z,9.1174726236589e-09,7.047424573560072e-08,6.474703062027954e-10,300.6663022394722,299.91463986791166,97671.71139334448,1.366350787453124,273.3162477951129,13.2172,836.38,215.55,16.04,3.9,
235,2026-08-14T00:00:00Z,2.2693036531474093e-08,3.846505805653864e-08,1.2813398279084147e-10,300.6319802431358,299.6326727980466,97568.9035991585,1.217140283371057,96.21699551907358,13.1928,836.38,215.55,16.04,2.1,10.183333333333332
235,2026-08-15T00:00:00Z,6.414188205518692e-09,6.08826012922511e-08,3.2873096226733137e-10,299.96568514973444,299.3435674312989,97669.905049877,0.3814420582245093,170.53926165491873,13.1682,836.38,215.55,16.04,14.35,
235,2026-08-16T00:00:00Z,2.4325489447968877e-08,2.7800611704457023e-08,1.1492031957668861e-10,299.4910382071221,299.1101455393667,97566.6593618165,1.0734474763964994,220.8187341436123,13.1434,836.38,215.55,16.04,3.365,
235,2026-08-17T00:00:00Z,2.175651172460845e-08,2.8027225837490604e-08,1.0985799189764184e-10,299.43691866877543,298.77393647563645,97550.89605386047,1.2611389501107892,252.12655006846484,13.1184,836.38,215.55,16.04,1.56,
235,2026-08-18T00:00:00Z,3.308189299715485e-08,2.4168562190791186e-08,6.418753337702634e-11,298.7182334613233,298.4066554788873,97743.148191425,1.179783132875586,158.3246073019752,13.0932,836.38,215.55,16.04,2.94,31.0
235,2026-08-19T00:00:00Z,3.189649069631631e-08,2.9480590315619838e-08,9.65621796640051e-11,298.99333866525154,298.6665787124785,97762.90263548848,0.6512342484058093,102.55146084027632,13.0678,836.38,215.55,16.04,3.09,27.033333333333335
235,2026-08-20T00:00:00Z,5.3766484030054035e-08,2.1432189021833853e-08,6.145302213396422e-11,298.9334731769571,298.57321194474247,97773.584146643,0.7134088575661959,82.403798664769,13.0422,836.38,215.55,16.04,2.725,21.542857142857144
235,2026-08-21T00:00:00Z,7.281988449132394e-09,6.99474727765896e-08,4.953939185321417e-10,300.0437131388545,299.4809387739453,97700.9622595055,0.6356541313166013,268.7716896782014,13.0165,836.38,215.55,16.04,2.305,
235,2026-08-22T00:00:00Z,3.4505549283996035e-08,2.68270922580908e-08,5.950143678917076e-11,298.88959655807423,298.5435755465772,97732.07385071547,1.6072324425094269,231.2260971422864,12.9906,836.38,215.55,16.04,2.7,
235,2026-08-23T00:00:00Z,3.8619135192038274e-08,3.078404360442451e-08,5.389676753618768e-11,298.91249252999853,298.4586680525843,97776.0521495255,1.0256993025397685,67.32611143006326,12.9646,836.38,215.55,16.04,1.975,26.383333333333336
235,2026-08-24T00:00:00Z,4.1600246922760374e-08,2.527037309142029e-08,4.7812229176710887e-11,298.82659535001767,298.5714578227647,97827.140643736,1.3117099343838925,147.85250340924617,12.9384,836.38,215.55,16.04,2.505,
235,2026-08-25T00:00:00Z,3.668911242861368e-08,3.0640652782494024e-08,6.258962403198677e-11,299.3960699044088,298.8717115905816,97791.6813298325,1.145407657534747,161.60644489314507,12.912,836.38,215.55,16.04,2.475,0.775
235,2026-08-26T00:00:00Z,3.531422596097465e-08,5.219382599674724e-08,1.4106978619412838e-10,300.0448283608152,298.978444017535,97739.820343469,1.875130454158318,118.08918247655814,12.8855,836.38,215.55,16.04,2.405,36.92666666666667
235,2026-08-27T00:00:00Z,2.1672572528718814e-08,4.2589661443391844e-08,1.1572760447618195e-10,300.6178730311641,299.60651423322435,97606.91438702548,1.1098733165671912,147.59539149856104,12.8589,836.38,215.55,16.04,9.9,20.3
235,2026-08-28T00:00:00Z,1.2436496950732396e-08,4.247451718942294e-08,1.953124390756651e-10,300.04625477686534,298.49111934454567,97581.812246752,1.8407821162680988,229.7707405758495,12.8322,836.38,215.55,16.04,,
235,2026-08-29T00:00:00Z,2.9394117375565683e-08,1.871805753454011e-08,4.2320436560773766e-11,300.0488676881777,295.65026065534414,97594.884903538,2.7590178179421967,263.08590605034465,12.8053,836.38,215.55,16.04,9.83,
235,2026-08-30T00:00:00Z,3.3905411313968955e-08,1.5227262970642433e-08,3.2093963938490846e-11,300.3302182867851,295.395380182305,97566.7548199815,2.604671917346197,264.71708112725617,12.7784,836.38,215.55,16.04,,
235,2026-08-31T00:00:00Z,3.201327396094569e-08,1.3374887767035841e-08,3.9965797286117085e-11,300.2251811405498,294.75138809985754,97678.375717566,2.651945132883956,270.9272648868464,12.7513,836.38,215.55,16.04,13.1,
235,2026-09-01T00:00:00Z,1.5413868940589992e-08,3.4961651173549994e-08,2.861632519577861e-10,300.010849600845,296.1573103908966,97752.43250955,1.4815234043412122,251.33292116707813,12.7241,836.38,215.55,16.04,14.825,
235,2026-09-02T00:00:00Z,3.715088570635367e-08,2.178903763915763e-08,3.9074058968959205e-11,299.0263013502046,298.3230259539915,97941.180327457,1.0293968156725417,103.26490012267908,12.6968,836.38,215.55,16.04,,19.725
235,2026-09-03T00:00:00Z,3.21408342914955e-08,2.481830067910557e-08,4.30159009633544e-11,298.7140669722553,298.0060220858492,97855.76953572,0.6523985000800069,138.04098805290403,12.6694,836.38,215.55,16.04,,23.46666666666667
235,2026-09-04T00:00:00Z,2.6867576929588974e-08,3.081467143109901e-08,6.442084020735473e-11,299.4147887614977,298.4490721469732,97854.3318498725,0.9706070534523628,75.81806209890689,12.6419,836.38,215.55,16.04,,12.440000000000001
235,2026-09-05T00:00:00Z,3.8689407126555514e-08,2.1449761061426393e-08,2.5880227736800678e-11,299.4857565151475,298.2902048362024,98038.99370328,1.8316645613198563,47.482887388880265,12.6144,836.38,215.55,16.04,,
235,2026-09-06T00:00:00Z,1.6378393729964063e-08,4.3123145170453904e-08,1.62826477597499e-10,298.3849742072847,297.71926478440366,98046.317124441,1.2368905534782928,31.359827794910885,12.5868,836.38,215.55,16.04,,
301,2026-06-07T00:00:00Z,1.2044135148716844e-08,4.8354440380313696e-08,1.0018539539024872e-10,301.6506224487053,293.4005608340058,97647.2031946766,1.3127212497118563,244.2296703520554,-10.1117,802.74,235.57,27.88,15.2,
301,2026-06-08T00:00:00Z,3.5886238934026425e-08,1.3440360819843246e-08,1.6662609049133728e-11,302.465708064606,293.4430316369347,97410.13119704848,2.4978117805175,244.21771613784665,-10.1038,802.74,235.57,27.88,22.9,26.772222222222222
301,2026-06-09T00:00:00Z,3.5729901452438435e-08,2.5376763487554653e-08,1.897187690854345e-11,302.34463830844186,289.6157041589098,97286.75267653508,2.881759356669328,242.28500762025868,-10.0965,802.74,235.57,27.88,10.7,11.251249999999999
301,2026-06-10T00:00:00Z,4.9060153273925184e-08,7.805500212217072e-09,8.968847117151727e-12,303.9973324403777,291.3332826117754,97264.31813337728,3.1740221206182837,259.54664211820887,-10.0898,802.74,235.57,27.88,10.5,9.928
301,2026-06-11T00:00:00Z,2.8196029829632828e-08,2.0164771857095357e-08,3.0301318975225314e-11,303.9641615795522,295.41031315094733,97214.0243730746,1.3671553203470377,169.08369256406223,-10.0837,802.74,235.57,27.88,,14.397499999999999
301,2026-06-12T00:00:00Z,7.85283913383042e-08,1.0316964414657426e-08,4.526014794495252e-12,299.8327183272535,296.47741317318616,97594.4261780478,3.754839192489994,133.8712669527699,-10.0781,802.74,235.57,27.88,,
301,2026-06-13T00:00:00Z,5.2808744601909525e-08,1.9447728903214392e-08,9.817412206898428e-12,300.2535000308146,296.7838371239119,97859.6496618976,2.328660335580912,106.98920195705855,-10.0732,802.74,235.57,27.88,10.7,
301,2026-06-14T00:00:00Z,4.06953107783566e-08,3.584082478325853e-08,3.811613363415512e-11,300.2574966434824,296.16534756601936,97711.73080986412,1.2257434662411857,240.06529124195825,-10.0689,802.74,235.57,27.88,10.6,9.711666666666666
301,2026-06-15T00:00:00Z,2.4277836080746663e-08,2.1415225955027563e-08,4.074971034515259e-11,300.48942328817003,294.0295924228007,97594.57955768664,1.3916793156984133,268.3331607472897,-10.0652,802.74,235.57,27.88,10.465,16.5
301,2026-06-16T00:00:00Z,2.9324068663478645e-08,2.9316882631357212e-08,1.8046650495713046e-11,299.26760260639253,295.8586807902832,97844.6743033545,2.2720718063023004,259.18662620759136,-10.0621,802.74,235.57,27.88,10.55,5.863333333333333
301,2026-06-17T00:00:00Z,1.6576034189875323e-08,3.54017050967278e-08,1.0016202995559876e-10,301.6449816358406,295.0460355167924,97772.25497182817,1.1949527331258052,242.84283898728995,-10.0596,802.74,235.57,27.88,10.55,15.0
301,2026-06-18T00:00:00Z,1.4093212315769089e-08,4.872507750622292e-08,1.010269614110524e-10,301.1199247881369,295.0168028248261,97715.29772529224,1.2209509510918974,181.3229430748252,-10.0577,802.74,235.57,27.88,10.7,12.382499999999999
301,2026-06-19T00:00:00Z,1.4292299057022292e-08,4.6434974307686283e-08,8.000595937533225e-11,301.6510956622959,295.2140102840437,97645.5647463246,1.2760993504492033,260.9739294722424,-10.0564,802.74,235.57,27.88,10.5,14.522
301,2026-06-20T00:00:00Z,1.904697164948344e-08,2.99055325131333e-08,3.9897765680283696e-11,301.51759536905064,294.98562179201724,97695.00451210764,1.5140575044240634,266.0551138432372,-10.0557,802.74,235.57,27.88,,14.782
301,2026-06-21T00:00:00Z,2.7313487343517313e-08,1.85350548520452e-08,2.028622254942581e-11,302.02113990225644,293.9497969533494,97651.50629175895,2.13824259147475,281.442994875798,-10.0557,802.74,235.57,27.88,30.0,21.576666666666664
301,2026-06-22T00:00:00Z,2.4615172962895412e-08,2.092827442858103e-08,3.2746572673918607e-11,301.5318225648596,293.952553440241,97595.18025919984,1.7988328493909516,267.61165931535004,-10.0563,802.74,235.57,27.88,31.1,17.778
301,2026-06-23T00:00:00Z,2.8648006436051623e-08,2.6918953245866324e-08,3.8037976134990086e-11,300.2297902588835,293.99907350274043,97562.13358530184,1.5555280106609146,275.7685231964496,-10.0575,802.74,235.57,27.88,24.3,9.605
301,2026-06-24T00:00:00Z,3.1134570575419004e-08,1.904396148876698e-08,5.768346435050601e-11,301.13740713262507,294.53331602264313,97435.716785644,1.6143980465611274,238.9304174991848,-10.0593,802.74,235.57,27.88,,
301,2026-06-25T00:00:00Z,1.0099875006081674e-08,4.56042526762521e-08,2.7517317761416585e-10,302.2174669610112,296.1890964251103,97548.32399047929,0.6144115911134775,233.26976663486212,-10.0617,802.74,235.57,27.88,,
301,2026-06-26T00:00:00Z,1.7379157978547915e-08,3.4571500462096574e-08,9.884411241305039e-11,302.45334158748824,296.472583922343,97656.41945808464,1.3978741749893724,258.92389957862525,-10.0647,802.74,235.57,27.88,36.05,10.819999999999999
301,2026-06-27T00:00:00Z,7.1909686398951935e-09,4.4952004041722936e-08,2.444849661124482e-10,303.16360441572385,297.49921058427367,97598.01116164692,0.9911363296864852,217.41885059257004,-10.0683,802.74,235.57,27.88,,37.36666666666667
301,2026-06-28T00:00:00Z,1.5103239960249032e-08,2.9901859349607155e-08,1.4747497682152514e-10,303.337054820704,296.7926906058433,97335.5478002688,1.188267899999614,222.70081631975663,-10.0726,802.74,235.57,27.88,35.75,22.873333333333335
301,2026-06-29T00:00:00Z,4.0787526261294724e-08,1.5361726355526907e-08,3.53559762093223e-11,303.31653972837694,296.5246937378884,97281.7776034871,1.989284862557525,271.0283692570092,-10.0774,802.74,235.57,27.88,36.45,12.605999999999998
301,2026-06-30T00:00:00Z,1.808220069118721e-08,3.0241678732811895e-08,9.361242533652907e-11,304.00948284235653,295.46669881456694,97260.93179514023,1.2514777537039674,216.77360831348065,-10.0828,802.74,235.57,27.88,28.0,10.1525
301,2026-07-01T00:00:00Z,4.927507026657575e-08,1.5570324331801834e-08,1.0650409570993158e-11,302.8051973790083,298.42247797237525,97257.00754995296,2.7798689165238226,125.58550163255306,-10.0889,802.74,235.57,27.88,24.5,
301,2026-07-02T00:00:00Z,5.64659600503529e-08,1.7462550475920653e-08,1.2459673823816749e-11,299.46324213624047,299.1074693981664,97448.47518196145,2.068634406432854,96.76561291625175,-10.0955,802.74,235.57,27.88,34.4,
301,2026-07-03T00:00:00Z,5.661604278620145e-08,1.9127840405172645e-08,1.1802371861389506e-11,300.42668918567153,299.0287583590176,97409.87642662102,2.7879272533187995,112.49288732951234,-10.1027,802.74,235.57,27.88,31.45,
301,2026-07-04T00:00:00Z,3.611734634458754e-08,3.099339737669792e-08,3.0286040315756277e-11,301.38732336508224,298.75120703389325,97340.53982576232,1.4970612842809514,79.82041751833948,-10.1105,802.74,235.57,27.88,31.55,
301,2026-07-05T00:00:00Z,4.396978397767636e-08,2.3519253341898988e-08,2.5483033438093175e-11,301.03098869153746,299.6261830666683,97240.93120540674,1.4533333620822826,122.9330173290675,13.8812,802.74,235.57,27.88,31.5,
301,2026-07-06T00:00:00Z,7.354535950373239e-08,1.2998577289908265e-08,9.671343118330848e-12,300.05010046360724,299.2882689000811,97273.79430375564,2.2627844217155277,79.33894338979209,13.8796,802.74,235.57,27.88,31.5,
301,2026-07-07T00:00:00Z,2.1698350661757972e-08,3.685893120612778e-08,5.7115810014471793e-11,302.2093233332647,299.18852790943345,97207.72772531478,1.15613190167351,145.2106751978879,13.8703,802.74,235.57,27.88,3.4850000000000003,
301,2026-07-08T00:00:00Z,5.8819374626675465e-08,1.4508832875195356e-08,1.2342175662625815e-11,300.8595589123588,299.265736504006,97153.19932570629,2.3463714503163597,111.93552660935654,13.8605,802.74,235.57,27.88,3.5,
301,2026-07-09T00:00:00Z,4.9527306218362495e-08,1.8066985684078338e-08,1.5409292353806532e-11,299.0137248875493,298.5598939283409,97126.18216902167,2.7779471666787785,13.829341224080656,13.85,802.74,235.57,27.88,3.5,
301,2026-07-10T00:00:00Z,2.4460395585792173e-08,3.5881175028055526e-08,4.7159532258889046e-11,299.06874690231655,298.21365765798964,97233.1357389072,0.9787910571321274,252.54880416457056,13.8391,802.74,235.57,27.88,1.7,16.84875
301,2026-07-11T00:00:00Z,2.606116764386792e-08,2.228949819999087e-08,4.204530511641665e-11,301.5018707369716,297.3684824530104,97135.56819495228,2.5834713478299958,238.4986391341096,13.8276,802.74,235.57,27.88,1.7,23.4
301,2026-07-12T00:00:00Z,3.417946773153233e-08,1.2614245339978116e-08,3.643507786952489e-11,301.646667356701,295.84762208239533,96969.0052504362,2.820597796412977,250.4640749756743,13.8156,802.74,235.57,27.88,1.7,11.563749999999999
301,2026-07-13T00:00:00Z,3.417112704593699e-08,1.2352766406092228e-08,3.1816713077336795e-11,301.7080271137583,295.877217625163,97114.35161882482,2.2302779302034472,253.5389259020943,13.8031,802.74,235.57,27.88,1.7,22.7825
301,2026-07-14T00:00:00Z,1.3453723732198616e-08,3.0677773967099115e-08,1.1187088658958002e-10,301.0805418000172,297.5393364251537,97324.60053298064,1.1763977149473668,273.34863862930195,13.79,802.74,235.57,27.88,1.7,13.991999999999999
301,2026-07-15T00:00:00Z,2.522223257430261e-08,2.156565665511935e-08,4.697775902798113e-11,300.0036531269202,298.1951981744072,97489.78060070609,2.147623737588078,264.3917464245976,13.7765,802.74,235.57,27.88,11.0,11.080000000000002
301,2026-07-16T00:00:00Z,2.6219856089473344e-08,1.8512007844900032e-08,6.297303143183423e-11,302.5104609079878,295.5892000757124,97546.81358786412,2.500653242666215,265.1769120353111,13.7624,802.74,235.57,27.88,11.05,10.52
301,2026-07-17T00:00:00Z,2.7956652112679574e-08,1.69039012268735e-08,4.856118852470148e-11,303.3851744876156,294.70387183128537,97433.75675170944,3.4156961156994585,261.38647792890777,13.7479,802.74,235.57,27.88,11.1,7.858
301,2026-07-18T00:00:00Z,3.4580307125745255e-08,1.3042066767793056e-08,3.0505366699397474e-11,301.6096497478901,297.0042219539693,97396.9171117822,3.3975667936497462,245.3528109765684,13.7329,802.74,235.57,27.88,11.1,10.122222222222224
301,2026-07-19T00:00:00Z,3.198219750456257e-08,1.3800967492033596e-08,2.808436473321392e-11,303.20380371158296,294.9607585779878,97402.2576089496,2.8655515544052435,258.56708957991066,13.7174,802.74,235.57,27.88,11.0,7.153999999999999
301,2026-07-20T00:00:00Z,1.3305011600684832e-08,3.236080350099408e-08,1.4353351962065454e-10,302.41832228052533,298.84131500009016,97396.88167580518,0.992353507349323,159.93209303578726,13.7015,802.74,235.57,27.88,11.05,18.3
301,2026-07-21T00:00:00Z,3.743597338841675e-08,1.8916697293810632e-08,2.750417514785232e-11,299.4678068152712,298.9997421729215,97535.16501847928,1.4693557650853826,118.19848092014593,13.6851,802.74,235.57,27.88,15.5,
301,2026-07-22T00:00:00Z,6.308326991459385e-08,1.1268323208773024e-08,1.2458018148998363e-11,298.59897592762195,297.7428929566397,97486.51124077928,3.91419776314547,103.65157593680036,13.6683,802.74,235.57,27.88,8.5,
301,2026-07-23T00:00:00Z,4.872651979594905e-08,1.4638102563880353e-08,1.547577680491129e-11,299.5318225698836,297.45266464049337,97358.47774879826,2.9220999251998463,100.49480748465304,13.6511,802.74,235.57,27.88,17.0,
301,2026-07-24T00:00:00Z,5.985624952890653e-08,1.1773865802452574e-08,1.2439788607432552e-11,299.1820896309904,297.9661750533478,97301.09888195652,3.861840447598192,93.89657284548971,13.6334,802.74,235.57,27.88,17.0,
301,2026-07-25T00:00:00Z,3.6806901065133695e-08,1.6692417740203427e-08,1.9913699813992557e-11,299.4966189096857,298.67057751842566,97395.39175410788,3.0236740870401007,117.96650931394672,13.6154,802.74,235.57,27.88,17.0,
301,2026-07-26T00:00:00Z,3.734240198703424e-08,2.064052519188543e-08,3.096461417225017e-11,300.26522372709235,299.3551366580945,97527.69368544982,1.6367701291291137,91.62973352547758,13.5969,802.74,235.57,27.88,17.0,
301,2026-07-27T00:00:00Z,1.4150373901903493e-08,4.242145144439946e-08,1.2178011932329854e-10,301.0972454047867,299.74941608246354,97321.57781137704,1.0926661362512604,112.18701274493164,13.5781,802.74,235.57,27.88,17.0,
301,2026-07-28T00:00:00Z,4.0360016946280615e-08,2.194835399328828e-08,2.0733014889764623e-11,300.3475545004671,299.7164076948387,97222.15529474558,1.5048901764352831,108.04521066177298,13.5589,802.74,235.57,27.88,17.0,
301,2026-07-29T00:00:00Z,3.0928823653726183e-08,3.422379881319386e-08,4.621511799929201e-11,299.74709613357004,298.88031165245843,97322.45494080898,1.1069016128874574,99.18539077765207,13.5393,802.74,235.57,27.88,17.0,
301,2026-07-30T00:00:00Z,2.938749456823776e-08,3.328965943854024e-08,4.0376433392752977e-11,300.32935659873976,299.8679987423978,97225.69055832816,1.557446824502824,103.9306820892811,13.5193,802.74,235.57,27.88,17.0,
301,2026-07-31T00:00:00Z,4.839890540521254e-08,1.3324743254652362e-08,1.2459901123097494e-11,300.7070405290128,297.9745336620689,97352.33237686768,3.872740174241493,101.98592905081702,13.499,802.74,235.57,27.88,17.0,
301,2026-08-01T00:00:00Z,4.7815616689894644e-08,1.4426040640375706e-08,1.7468323463900598e-11,299.5266575664068,298.5560457460072,97317.68119055516,3.4184661257291262,88.24293738397398,13.4784,802.74,235.57,27.88,17.0,
301,2026-08-02T00:00:00Z,5.3926486591399865e-08,1.4890797799791528e-08,2.1025072521112363e-11,299.55428273565474,298.8580964318133,97352.3307627659,2.582754463669655,89.75869819150323,13.4575,802.74,235.57,27.88,17.0,
301,2026-08-03T00:00:00Z,3.524954220086782e-08,1.994536378689601e-08,3.366384562303579e-11,299.74256917011814,299.11756927044416,97363.99314997994,1.8284975384455064,118.99160112211362,13.4362,802.74,235.57,27.88,17.0,
301,2026-08-04T00:00:00Z,3.3558912087466887e-08,2.246373117648489e-08,2.9564980172327446e-11,299.343126013245,298.81866199621186,97483.4437804237,1.1465295461776286,130.9475244967713,13.4146,802.74,235.57,27.88,7.005,
301,2026-08-05T00:00:00Z,4.022247929387711e-08,2.993344538624904e-08,3.66945149022672e-11,299.2872805372966,298.6420057788588,97342.64073085428,1.2961305411095227,290.8632560407841,13.3927,802.74,235.57,27.88,6.995,12.965
301,2026-08-06T00:00:00Z,4.946233296171211e-08,1.4809910301985916e-08,2.9787350111933185e-11,298.8573618094791,298.2653051649327,97397.66985589088,1.0158041286938455,191.83141805477655,13.3705,802.74,235.57,27.88,5.58,9.696
301,2026-08-07T00:00:00Z,3.4117316261768235e-08,2.6875598353099233e-08,4.2640856180303005e-11,298.98975810035734,298.18237648260333,97358.10870524558,1.8424053410655856,33.06533990740425,13.3481,802.74,235.57,27.88,5.59,
301,2026-08-08T00:00:00Z,6.566570174215731e-08,1.1978717115695006e-08,2.1565177022905e-11,297.9455311073893,297.6002917168004,97402.25612621344,1.8179196634655383,43.96709751335676,13.3254,802.74,235.57,27.88,3.495,
301,2026-08-09T00:00:00Z,5.7494331300792326e-08,1.4015871094908764e-08,2.119515533101307e-11,299.3984190401507,298.6355252264738,97587.97092202528,2.3543445111712344,106.32980795918073,13.3024,802.74,235.57,27.88,3.51,
301,2026-08-10T00:00:00Z,3.8367655861895685e-08,2.7851910145512132e-08,5.933737397105811e-11,299.94648044204115,299.4167700942884,97491.6435591469,0.8250971215763068,135.99630156068298,13.2791,802.74,235.57,27.88,3.5,
301,2026-08-11T00:00:00Z,4.441233630531208e-08,1.908523070267529e-08,2.7625384144494504e-11,299.7637834168396,298.8469788988913,97477.7411978871,2.2089748394537465,125.22607234034672,13.2556,802.74,235.57,27.88,3.5,
301,2026-08-12T00:00:00Z,6.986927738713608e-09,6.294446980974673e-08,1.8177526676929801e-10,299.6712757900166,299.51933928309893,97594.75128338757,0.6409709674542716,28.81601955364815,13.2319,802.74,235.57,27.88,5.6,
301,2026-08-13T00:00:00Z,3.2017002549653684e-08,3.2333520294920126e-08,9.223350736202707e-11,300.40679797955363,299.5865748034988,97623.3269244688,2.227147344728301,267.9795571633603,13.2079,802.74,235.57,27.88,5.58,6.72
301,2026-08-14T00:00:00Z,3.240677697308976e-08,2.5377092106091134e-08,5.648904484877916e-11,300.9942338466526,298.9858117426769,97478.52967306768,1.1075261642025636,145.12255388544807,13.1837,802.74,235.57,27.88,7.015000000000001,
301,2026-08-15T00:00:00Z,1.5004495406221036e-08,4.4158020365255275e-08,1.2769254115819006e-10,299.7622639847107,299.2218168255933,97609.03812849605,0.8020086386001495,228.4150308866468,13.1594,802.74,235.57,27.88,6.279999999999999,15.637777777777778
301,2026-08-16T00:00:00Z,2.4161716666836297e-08,2.3774349436984142e-08,8.008941744601162e-11,299.46323797482887,299.03371707341023,97512.50557408822,1.1584778168556609,212.9150900875001,13.1348,802.74,235.57,27.88,6.3100000000000005,15.985
301,2026-08-17T00:00:00Z,2.393848823755525e-08,2.0383290190929066e-08,6.165237702865294e-11,299.74960687533246,298.24971220709574,97489.53863147304,2.0389262762912392,260.0058811633653,13.11,802.74,235.57,27.88,6.3,18.35
301,2026-08-18T00:00:00Z,2.335627662475716e-08,2.5545310446231956e-08,6.952408257911816e-11,299.2368937829125,298.496950734316,97671.28192259782,1.2867679404904733,170.39359625359185,13.085,802.74,235.57,27.88,3.51,35.3
301,2026-08-19T00:00:00Z,1.836791069583972e-08,3.4263574192433145e-08,9.082883334023848e-11,299.48812921339214,298.48859628399094,97680.3977246699,0.638980954610763,175.64140265607273,13.0598,802.74,235.57,27.88,7.025,47.650000000000006
301,2026-08-20T00:00:00Z,5.022665041614999e-08,2.3825855873203497e-08,2.282765241974884e-11,299.20057027435786,298.7097023132929,97707.89624329246,0.796420270214676,87.52775265401405,13.0344,802.74,235.57,27.88,3.5,
301,2026-08-21T00:00:00Z,1.2941266491625229e-08,5.670034672082985e-08,1.53402961346789e-10,300.2774795006281,299.25661012132707,97643.20219201276,1.0595663512434688,273.73142460796646,13.0089,802.74,235.57,27.88,0.7,16.2925
301,2026-08-22T00:00:00Z,3.657216692779271e-08,2.1435907297808537e-08,4.184064367592997e-11,298.95446570533727,298.4857329608078,97679.2549238898,1.3909801300846616,228.88997726014367,12.9832,802.74,235.57,27.88,9.09,16.5625
301,2026-08-23T00:00:00Z,2.5029853745962044e-08,3.2358194965824137e-08,6.544305670373616e-11,299.1649149773464,298.4012229030625,97702.44334671678,0.6725671057271373,154.84712959808112,12.9574,802.74,235.57,27.88,,
301,2026-08-24T00:00:00Z,3.6577961445400386e-08,2.4591490128821048e-08,4.216248174009117e-11,299.17725370582434,298.7301754661368,97755.99278709848,1.3514987883871028,141.2164910871847,12.9314,802.74,235.57,27.88,9.11,
301,2026-08-25T00:00:00Z,3.2036451071363715e-08,2.5836669363418757e-08,5.0361835943072695e-11,299.65154155726094,298.7984839885547,97718.5626676574,0.7228129228182695,140.76892518814486,12.9053,802.74,235.57,27.88,5.465,
301,2026-08-26T00:00:00Z,1.8147113696241985e-08,5.21274234900403e-08,1.7175329088511888e-10,300.53109272451024,299.1986373212392,97645.69480129558,1.439869205287198,183.59859218430356,12.879,802.74,235.57,27.88,0.7015,17.316666666666666
301,2026-08-27T00:00:00Z,1.8667451730135064e-08,3.9886887150333875e-08,7.816403027985723e-11,300.79581675327233,298.7562661847951,97528.82201456768,1.1840200500794018,267.9621740646157,12.8526,802.74,235.57,27.88,4.885,10.096
301,2026-08-28T00:00:00Z,2.8209741949532774e-08,2.1256351859941873e-08,3.207536818637369e-11,300.5275664973792,296.332622882954,97529.7816175842,3.557465673163393,275.0382629061271,12.8261,802.74,235.57,27.88,,
301,2026-08-29T00:00:00Z,3.5913299444227115e-08,1.2807073588507522e-08,2.183477468051965e-11,299.9493866614537,295.17670792068947,97544.5428595322,2.8183699068663204,265.19295749600235,12.7995,802.74,235.57,27.88,12.0,13.25
301,2026-08-30T00:00:00Z,3.7447247706499455e-08,1.1537437116414157e-08,1.842223330048549e-11,300.1438466039509,294.9487084563318,97510.3716345552,2.9005355087040026,264.3833159542607,12.7727,802.74,235.57,27.88,,
301,2026-08-31T00:00:00Z,3.496255887978884e-08,9.677067395327782e-09,1.8814169192947895e-11,299.9902594669527,294.42509147686343,97625.92585959804,2.898937182601858,269.7530562954882,12.7459,802.74,235.57,27.88,12.0,14.399999999999999
301,2026-09-01T00:00:00Z,2.8234822274420163e-08,1.707088859951271e-08,5.321961612206573e-11,299.7941402757456,294.4030350516337,97690.16950569334,2.355641826134039,279.02391084081466,12.7189,802.74,235.57,27.88,2.0,12.546666666666667
301,2026-09-02T00:00:00Z,4.03835697343709e-08,2.194565959909796e-08,2.5455013253583053e-11,299.06952898362533,298.17574490088066,97862.4094501572,1.0393883035491254,115.70934257896806,12.6918,802.74,235.57,27.88,0.7989999999999999,
301,2026-09-03T00:00:00Z,5.2585541466204255e-08,2.063595038279111e-08,1.4167406254815802e-11,298.61833349595776,297.9116090819481,97792.09802103866,0.6272464267871833,183.1752794072903,12.6647,802.74,235.57,27.88,,49.800000000000004
301,2026-09-04T00:00:00Z,2.7417407875636913e-08,3.322410664492575e-08,3.3120018301836126e-11,299.62802281722594,298.55013925447963,97775.70396633152,0.7582587002054022,88.25564028560284,12.6374,802.74,235.57,27.88,,
301,2026-09-05T00:00:00Z,3.1158295178633754e-08,2.9006793344109805e-08,1.601225060550414e-11,299.52331903343566,298.4969659518755,97971.8321602226,1.5692857467590833,47.34269844030122,12.6101,802.74,235.57,27.88,,
301,2026-09-06T00:00:00Z,1.07911908765907e-08,5.59550394247946e-08,1.1233812581336055e-10,298.16427148399896,297.7116730532314,97979.34119713445,1.0509764811666145,150.0348335740321,12.5827,802.74,235.57,27.88,,
5404,2026-06-07T00:00:00Z,5.20988120674355e-09,6.423471896458131e-08,1.8617588148971276e-10,301.9607168282204,293.8974617598724,97691.49255572275,0.7384481187043972,222.10823473695623,-10.0973,826.81,219.85,15.56,18.8,
5404,2026-06-08T00:00:00Z,2.6284805458236898e-08,2.17788846546404e-08,4.4058082834163147e-11,302.2662861552245,293.5551042857926,97447.9233995464,2.065282156563767,246.9264517843193,-10.0893,826.81,219.85,15.56,34.35,22.19333333333333
5404,2026-06-09T00:00:00Z,2.9677705838279416e-08,3.5469592221492546e-08,3.8413681676034266e-11,302.1351234115912,289.8467791288416,97313.47183444122,2.299066534222036,245.3150065878128,-10.082,826.81,219.85,15.56,28.35,3.0283333333333338
5404,2026-06-10T00:00:00Z,4.523018187892389e-08,1.0486781933110718e-08,1.470062519417803e-11,304.217168956002,290.74363679054164,97303.06498979052,2.747707760402009,257.2487210272762,-10.0752,826.81,219.85,15.56,11.2,6.800000000000001
5404,2026-06-11T00:00:00Z,2.4559394850345387e-08,2.7030714779500523e-08,3.110675652710795e-11,303.5436425009517,295.18290226714225,97268.4875103945,1.7361692622232363,130.91133184275554,-10.069,826.81,219.85,15.56,11.0,7.33
5404,2026-06-12T00:00:00Z,7.814462092966943e-08,1.1874533507033972e-08,6.756554045437481e-12,299.70327338883783,296.4309633228561,97638.64994080918,3.9141245709767754,128.989970410836,-10.0634,826.81,219.85,15.56,27.45,26.4
5404,2026-06-13T00:00:00Z,4.9139393318045986e-08,2.1977473911340576e-08,1.6954531556627708e-11,299.99066751874017,296.57376168476367,97916.17202411068,2.247407559013115,103.57235825382412,-10.0584,826.81,219.85,15.56,16.5,
5404,2026-06-14T00:00:00Z,2.5611847634764683e-08,6.165043238476284e-08,1.6937371168209337e-10,299.98092948575805,296.8809992922345,97761.46446072275,0.8003827459845128,238.45892749420517,-10.0541,826.81,219.85,15.56,13.0,1.9100000000000001
5404,2026-06-15T00:00:00Z,1.3140524737239276e-08,3.4947000707608725e-08,1.0674536623646915e-10,300.22335756384905,295.0213026959303,97636.11189111412,0.8367101243078894,276.5596220912464,-10.0503,826.81,219.85,15.56,22.55,10.815
5404,2026-06-16T00:00:00Z,2.6780210540126212e-08,3.4405171630923166e-08,2.909404824813221e-11,299.72343095388857,295.81203499660967,97885.6661436562,2.381841980953496,276.38448327229685,-10.0472,826.81,219.85,15.56,4.1,
5404,2026-06-17T00:00:00Z,8.886507645033798e-09,4.8933365003830454e-08,2.9809742600443145e-10,301.553789614789,295.7847522359204,97814.6209811457,0.635527771116012,144.4356994349091,-10.0447,826.81,219.85,15.56,9.915,15.9
5404,2026-06-18T00:00:00Z,1.2752193679448758e-08,6.209942640260732e-08,2.773689028021306e-10,301.3669756104172,295.3730136402258,97761.7577940686,0.8331645095752748,166.03531965050922,-10.0428,826.81,219.85,15.56,8.945,9.38
5404,2026-06-19T00:00:00Z,1.7269895698196544e-08,4.8566603307677376e-08,1.0525761877104116e-10,302.0135463947046,295.3552220875198,97683.72129851948,0.9065749805848268,279.6923948207915,-10.0415,826.81,219.85,15.56,33.8,17.35
5404,2026-06-20T00:00:00Z,2.684997227247089e-08,3.068573761540926e-08,4.857655879427473e-11,301.7117605881828,294.95713477735694,97728.3513035826,1.3751899221361952,274.4389130565708,-10.0408,826.81,219.85,15.56,26.05,30.0
5404,2026-06-21T00:00:00Z,3.1121282803460754e-08,2.2008046952724407e-08,2.8684902629136995e-11,301.9708884867329,294.01578311872146,97686.7373704681,1.998578350003128,278.91761188308027,-10.0408,826.81,219.85,15.56,42.35,6.885
5404,2026-06-22T00:00:00Z,2.3081011655012865e-08,2.7044190527263363e-08,6.592572725610828e-11,301.5615204926509,294.4543445973305,97630.34054893188,1.5689698832202468,268.8626613120037,-10.0414,826.81,219.85,15.56,37.2,19.4
5404,2026-06-23T00:00:00Z,3.792304708277405e-08,2.459756430088721e-08,3.743472648576813e-11,300.6294091650755,293.9175122174465,97595.89646488515,1.601292953408941,286.2671337324223,-10.0426,826.81,219.85,15.56,10.54,8.723333333333334
5404,2026-06-24T00:00:00Z,1.805480403442431e-08,3.2750156578510184e-08,2.5400207878848027e-10,301.5213622809898,294.8490885826857,97481.06776460948,1.1775998357138304,230.8881419600584,-10.0444,826.81,219.85,15.56,,
5404,2026-06-25T00:00:00Z,1.3149623080510997e-08,5.185207187265424e-08,2.5012832378472426e-10,302.4440438438703,296.0222224984126,97593.8869244938,0.5785535913669588,160.2539624564019,-10.0468,826.81,219.85,15.56,,
5404,2026-06-26T00:00:00Z,1.159506515959626e-08,5.186658401648188e-08,2.397821064858833e-10,302.7554951466428,297.1105769904724,97700.36115453589,0.800123759914381,251.6413929777832,-10.0499,826.81,219.85,15.56,23.75,5.136666666666667
5404,2026-06-27T00:00:00Z,7.187583722794683e-09,5.50061952070183e-08,4.548041171958785e-10,303.60632723590294,297.92497186041925,97640.64895224848,0.6133457526874823,153.8737845564397,-10.0535,826.81,219.85,15.56,48.0,33.0
5404,2026-06-28T00:00:00Z,7.956909530617658e-09,4.2204059912052084e-08,4.2315223423188046e-10,303.5867404151756,297.69444658437726,97378.93518169706,0.6202494162336853,117.1286097624306,-10.0578,826.81,219.85,15.56,10.075,34.5
5404,2026-06-29T00:00:00Z,3.1809816739628216e-08,2.8852090796530303e-08,1.6731794280823307e-10,303.42398026720343,297.564748717405,97317.69652473336,1.3960915150734383,242.23458115089488,-10.0627,826.81,219.85,15.56,44.2,8.38
5404,2026-06-30T00:00:00Z,1.8124330692517604e-08,3.7242265959056825e-08,8.529724215939931e-11,304.08447393378725,296.5660365718393,97300.16246969588,1.087818876739219,173.63234431067428,-10.0682,826.81,219.85,15.56,,10.613333333333332
5404,2026-07-01T00:00:00Z,4.926254863763927e-08,1.7549185728499104e-08,1.1620810187069259e-11,302.6320888014262,298.5674042380988,97309.43860198327,3.081203659522748,121.78747477973585,-10.0742,826.81,219.85,15.56,,11.65
5404,2026-07-02T00:00:00Z,5.5809194132598894e-08,1.878300249401676e-08,1.943731190787865e-11,299.42899816602755,299.05493019243625,97504.72767971003,1.629373030176858,88.8744124192442,-10.0809,826.81,219.85,15.56,0.1825,
5404,2026-07-03T00:00:00Z,5.6931453235099306e-08,1.9752641701089663e-08,1.9156648976088712e-11,300.1063615170984,299.0368107593208,97464.17636431276,2.67644129935472,112.11283013181448,-10.0882,826.81,219.85,15.56,25.5,
5404,2026-07-04T00:00:00Z,3.6211464847092274e-08,3.2088723492857044e-08,5.344832188252235e-11,301.22308308706846,298.8325107247733,97395.37974893193,1.437790911852137,79.52969401779666,-10.096,826.81,219.85,15.56,0.945,
5404,2026-07-05T00:00:00Z,4.319581187271895e-08,2.6005530032864273e-08,3.5972143064780406e-11,300.7586888169544,299.6753849343641,97296.57018285245,1.6858059202785889,116.64562246636348,-10.1044,826.81,219.85,15.56,,0.2
5404,2026-07-06T00:00:00Z,7.670477864321587e-08,1.3182853715538724e-08,1.3412146341535636e-11,299.76794865842584,299.0117718121222,97352.64063075432,2.361556184539608,91.166307393005,-10.1134,826.81,219.85,15.56,18.75,
5404,2026-07-07T00:00:00Z,2.1523953078562792e-08,3.9713996547405563e-08,7.23758736420133e-11,302.0300196394068,299.46446290549017,97257.90440229051,1.235170732455733,132.2238547608208,13.8771,826.81,219.85,15.56,5.625,2.17
5404,2026-07-08T00:00:00Z,5.7090741396468003e-08,1.6584797771963442e-08,1.7193110292534365e-11,301.0109688833095,299.2518168188154,97202.71020482208,2.3516653828287426,108.72184673217583,13.8746,826.81,219.85,15.56,1.8615,
5404,2026-07-09T00:00:00Z,5.153837379185363e-08,1.644744216827311e-08,2.35832911018591e-11,298.9802354945446,298.5417464346385,97181.34155746108,2.873887357953154,17.119680363983907,13.8642,826.81,219.85,15.56,26.9,13.633333333333333
5404,2026-07-10T00:00:00Z,1.9152289756879744e-08,4.519448510892518e-08,7.108914208878422e-11,298.9169186098009,298.3258798478796,97271.52995617724,0.7382017499469552,203.1146288898616,13.8531,826.81,219.85,15.56,2.725,19.483333333333334
5404,2026-07-11T00:00:00Z,2.1578527738869645e-08,3.1250490646470967e-08,7.18854491659859e-11,300.7155445260231,298.4045041132783,97177.85717762107,1.4434309837171555,206.4797385481302,13.8415,826.81,219.85,15.56,13.785,23.0
5404,2026-07-12T00:00:00Z,2.6004383143228843e-08,2.1817045434126872e-08,1.1771607549656104e-10,301.2943384108348,296.38660459789526,97011.09509216434,1.957885878977092,244.917891127699,13.8294,826.81,219.85,15.56,,14.766666666666666
5404,2026-07-13T00:00:00Z,3.18615504883098e-08,1.4905146486849243e-08,5.579072349518903e-11,301.47174514938666,296.3371633701525,97155.6433258069,1.7027071823104645,257.9140413161061,13.8168,826.81,219.85,15.56,52.85,6.13
5404,2026-07-14T00:00:00Z,9.967351079017548e-09,3.635229186358631e-08,1.9163728598426412e-10,300.7266910386225,298.29859793155856,97376.0252219682,1.3845739376021675,289.4856009939274,13.8036,826.81,219.85,15.56,41.2,7.723333333333334
5404,2026-07-15T00:00:00Z,2.9607537055085058e-08,2.095433659720476e-08,5.4600010449349496e-11,299.81520075186336,298.10094549698306,97532.14136378469,1.920481553360243,268.31893843015365,13.79,826.81,219.85,15.56,46.85,13.65
5404,2026-07-16T00:00:00Z,1.60416006886342e-08,2.9131774593881464e-08,2.2725312413338883e-10,302.1047095403437,296.8122627567971,97578.86039822277,1.845295038832646,257.61667956490635,13.7758,826.81,219.85,15.56,45.6,7.79
5404,2026-07-17T00:00:00Z,1.6076878473332073e-08,2.8390470308527707e-08,1.835260915387941e-10,303.1568413625762,295.874850115622,97462.43957724849,2.757998407453901,252.11456631260185,13.7612,826.81,219.85,15.56,25.85,16.993333333333336
5404,2026-07-18T00:00:00Z,2.9084471635121254e-08,1.8448466220861992e-08,7.161994691236004e-11,302.4895910727788,296.69248820766376,97419.06715117724,3.0568166792390525,241.51868273857397,13.746,826.81,219.85,15.56,11.665,13.25
5404,2026-07-19T00:00:00Z,3.161368102667205e-08,1.5394452213622468e-08,4.205976833625162e-11,303.48939594789687,295.0400560911075,97435.42898664447,2.514235007042891,253.51085646822423,13.7304,826.81,219.85,15.56,8.100000000000001,6.925
5404,2026-07-20T00:00:00Z,1.7755457755602245e-08,3.2515158550383766e-08,1.1641359064391701e-10,301.9662180652026,299.23320186254546,97444.72389334896,1.4609248935005874,122.17469409423626,13.7144,826.81,219.85,15.56,30.2,13.7
5404,2026-07-21T00:00:00Z,3.6855251600540045e-08,2.14096849083298e-08,3.4744248154553415e-11,299.2754008515975,298.9046009087532,97595.6637576188,1.633720675121655,110.40653778072851,13.6979,826.81,219.85,15.56,28.05,
5404,2026-07-22T00:00:00Z,6.074277613705022e-08,1.2339551000319924e-08,1.7270921676181917e-11,298.6416266341076,297.6439596008744,97554.38928353824,3.9397868607868,105.4697023827541,13.6809,826.81,219.85,15.56,35.85,
5404,2026-07-23T00:00:00Z,4.6733715588783526e-08,1.5603284565739955e-08,2.4155577608998242e-11,299.5469474622862,297.5352294226077,97418.98178850896,2.9672087214797416,100.25606744233878,13.6636,826.81,219.85,15.56,38.75,
5404,2026-07-24T00:00:00Z,5.873622035146431e-08,1.2589422078961305e-08,1.7801286006332926e-11,299.2880158864394,297.89206666985,97367.75495460948,3.8599471818546176,96.65566328565528,13.6458,826.81,219.85,15.56,65.25,
5404,2026-07-25T00:00:00Z,3.883973258788441e-08,1.7438456996092366e-08,2.6746363161356977e-11,299.39266517935,298.6710360616092,97449.939853995,3.0056801189941096,116.1378613921336,13.6276,826.81,219.85,15.56,38.3,15.05
5404,2026-07-26T00:00:00Z,3.614644886595796e-08,2.2754154259357157e-08,4.851599260781059e-11,300.1473462612663,299.4373173412285,97587.5355920569,1.5721194174144215,82.4298545671906,13.609,826.81,219.85,15.56,31.2,
5404,2026-07-27T00:00:00Z,2.0496113462201828e-08,4.1420194875562246e-08,1.0815782244225089e-10,300.8253548713127,299.6758694411816,97373.89319000312,1.51499477044089,91.80470945192496,13.59,826.81,219.85,15.56,23.55,
5404,2026-07-28T00:00:00Z,4.875423615952488e-08,2.0431518457069744e-08,2.4250295919311617e-11,300.01896290599365,299.46282077698737,97277.92402161294,1.7828319310358642,103.880596612611,13.5706,826.81,219.85,15.56,28.95,
5404,2026-07-29T00:00:00Z,3.48186096019562e-08,3.3296898351895594e-08,6.706097469595971e-11,299.6318007112588,298.90101965457234,97369.84856763754,1.3228248581324134,93.3360001044503,13.5508,826.81,219.85,15.56,17.549999999999997,
5404,2026-07-30T00:00:00Z,2.8857795338799802e-08,3.510222718395857e-08,4.812074491238933e-11,300.1388451269598,299.69205308653784,97276.29749114568,1.4837663323896138,100.28621046681846,13.5307,826.81,219.85,15.56,,
5404,2026-07-31T00:00:00Z,4.570518178889985e-08,1.4616370903921568e-08,1.911539110020736e-11,300.6450379210953,298.0614051699216,97414.96006834896,3.733567813089522,102.74584882894558,13.5103,826.81,219.85,15.56,,
5404,2026-08-01T00:00:00Z,4.658124610288147e-08,1.5375350779350547e-08,2.496996788808733e-11,299.4999716186711,298.49742316201355,97387.33206397394,3.385947292631443,89.978755993239,13.4895,826.81,219.85,15.56,13.15,
5404,2026-08-02T00:00:00Z,5.424412311149416e-08,1.5736986943784617e-08,2.7726845649660598e-11,299.48137310500834,298.73249932178726,97418.23250780808,2.6353008861491647,90.96522777749595,13.4684,826.81,219.85,15.56,6.765000000000001,
5404,2026-08-03T00:00:00Z,4.0413291265183235e-08,1.9969734010840643e-08,4.2472433852540806e-11,299.6280887869814,299.0340829442049,97416.951178856,1.8579576796586716,109.9711416311838,13.4469,826.81,219.85,15.56,8.145,
5404,2026-08-04T00:00:00Z,3.560822061932864e-08,2.30860397702586e-08,4.2609282111164914e-11,299.20705197631213,298.8013601725353,97532.32376308378,1.5313107095899632,109.658494345056,13.4252,826.81,219.85,15.56,19.6,
5404,2026-08-05T00:00:00Z,3.358123486557837e-08,3.3980705434662633e-08,5.8136529306214255e-11,299.0782293307081,298.59113737692394,97395.5852901188,0.699000114046075,163.97434416693295,13.4031,826.81,219.85,15.56,4.37,25.4
5404,2026-08-06T00:00:00Z,5.190695115731284e-08,1.796951639688082e-08,3.548684275585016e-11,298.8462860049736,298.36551968146944,97442.9248453081,1.054137794701064,156.56757021416888,13.3807,826.81,219.85,15.56,29.6,4.1
5404,2026-08-07T00:00:00Z,3.2838662763744415e-08,2.594778934757801e-08,8.492541262037357e-11,299.07610017460394,298.30881029001614,97411.19886536297,1.7687457795001975,50.237881799765134,13.3581,826.81,219.85,15.56,10.75,
5404,2026-08-08T00:00:00Z,5.490845366070639e-08,1.5930664465693276e-08,5.7515677465789375e-11,298.200721804481,297.88187391645573,97455.42045382444,1.419804325939117,37.907094932830205,13.3352,826.81,219.85,15.56,7.460000000000001,7.215
5404,2026-08-09T00:00:00Z,5.924286580060619e-08,1.5079147623998832e-08,2.622275300618317e-11,299.24729428433886,298.56933424748405,97647.93414258726,2.3493079210921453,96.82940425578168,13.312,826.81,219.85,15.56,2.14,
5404,2026-08-10T00:00:00Z,3.7793761046088255e-08,3.0111062167044344e-08,7.358077459189249e-11,299.9694621152421,299.37378691567847,97547.38628974848,1.1772656505807817,125.68008003389193,13.2886,826.81,219.85,15.56,6.515000000000001,15.5
5404,2026-08-11T00:00:00Z,4.1658482565051473e-08,2.100134534434545e-08,3.7680544984106135e-11,299.8200387456191,298.85153291035544,97523.51047851949,2.294123906387085,114.84410887348288,13.2649,826.81,219.85,15.56,7.890000000000001,17.45
5404,2026-08-12T00:00:00Z,4.5016661891862065e-09,6.813046895152161e-08,2.880598975901146e-10,299.6931878761207,299.5358972269803,97644.36969434428,0.5012646056594652,10.000031744928355,13.241,826.81,219.85,15.56,1.1275,17.51
5404,2026-08-13T00:00:00Z,1.5958318708775596e-08,5.692882668642273e-08,4.2134304033310864e-10,300.6189574617195,299.8660695307004,97655.73761890264,1.691177784675312,269.390803435655,13.2168,826.81,219.85,15.56,19.0,10.115
5404,2026-08-14T00:00:00Z,2.2317721963188635e-08,3.8721143204661896e-08,1.1346984922758403e-10,300.75488215689256,299.3710848429654,97532.32244805452,1.0759468626034565,114.15296575222678,13.1924,826.81,219.85,15.56,3.735,2.48
5404,2026-08-15T00:00:00Z,6.4305453772991155e-09,6.076728170298326e-08,2.4393964362662237e-10,299.96261909826643,299.34863172075273,97649.34368493776,0.4789500985112581,183.6070307270376,13.1679,826.81,219.85,15.56,2.87,10.206666666666665
5404,2026-08-16T00:00:00Z,2.3821968280594106e-08,2.7071220672470735e-08,1.0480518759781367e-10,299.4957341218359,299.12309816979564,97546.25501153704,1.1524436591396643,218.15618624731104,13.1431,826.81,219.85,15.56,30.8,35.1
5404,2026-08-17T00:00:00Z,2.1249480636839767e-08,2.6764690011120767e-08,9.920730381549507e-11,299.477386737842,298.63090607961965,97529.353997766,1.4990298137615046,248.2360333622397,13.1181,826.81,219.85,15.56,21.0,43.2
5404,2026-08-18T00:00:00Z,2.7439527844831665e-08,2.7666249815160614e-08,6.581195964420768e-11,298.93123231348665,298.56648364408375,97716.90216547862,1.284289260746958,153.46379359048476,13.0929,826.81,219.85,15.56,32.05,32.5
5404,2026-08-19T00:00:00Z,2.3699954003453998e-08,3.5401740235714874e-08,1.0781196737252736e-10,299.2053809398678,298.7270958594664,97734.38761692018,0.5758380054795124,118.36436644014756,13.0675,826.81,219.85,15.56,9.265,
5404,2026-08-20T00:00:00Z,5.099194055792176e-08,2.4160795000609736e-08,4.049344129223826e-11,299.0237654913907,298.6240912696164,97747.927685106,0.8267798084767468,94.69750657141893,13.042,826.81,219.85,15.56,24.15,
5404,2026-08-21T00:00:00Z,7.036957001363583e-09,6.99547300187567e-08,4.4431504302981266e-10,300.14284180870385,299.4369452025784,97680.83986225667,0.7675816578522728,269.359125890958,13.0162,826.81,219.85,15.56,5.96,19.035
5404,2026-08-22T00:00:00Z,3.440680636900806e-08,2.7044768604250174e-08,5.529279743929828e-11,298.8745205032837,298.5286150079941,97716.9643294961,1.5581040005321736,223.90520561320915,12.9903,826.81,219.85,15.56,22.55,46.833333333333336
5404,2026-08-23T00:00:00Z,3.0138910647669423e-08,3.5458546276560785e-08,5.849372795030652e-11,298.9891279819813,298.4912219802968,97751.62221228825,0.8697600851601806,84.28653768757773,12.9643,826.81,219.85,15.56,12.0,
5404,2026-08-24T00:00:00Z,3.643571291864817e-08,2.8134551299242598e-08,4.756625190487756e-11,299.07099887391047,298.78185500363065,97798.3009892158,1.4108272716202632,143.11185123932302,12.9381,826.81,219.85,15.56,,4.13
5404,2026-08-25T00:00:00Z,3.033589468213135e-08,3.2652270796480274e-08,6.380709592084419e-11,299.5957489621743,298.9586592179524,97766.70885658964,1.1823935091044926,137.5135783659412,12.9118,826.81,219.85,15.56,14.3,3.3
5404,2026-08-26T00:00:00Z,1.8290448310469972e-08,6.591388664140699e-08,2.085875567165277e-10,300.5024529928217,299.23044283695447,97696.5705219074,1.452854339965981,137.4415443726174,12.8853,826.81,219.85,15.56,,5.5
5404,2026-08-27T00:00:00Z,1.4071484721155556e-08,4.8864860883102816e-08,1.283605764914641e-10,300.76501938486297,299.377989223779,97575.79662867953,0.8003197963533213,183.1655079269704,12.8587,826.81,219.85,15.56,22.4,18.283333333333335
5404,2026-08-28T00:00:00Z,1.7044208302272155e-08,3.673863550113152e-08,1.1117753682795356e-10,300.3262719323606,297.7296924663477,97563.87628871106,2.4899265322067845,268.38153879517364,12.832,826.81,219.85,15.56,,
5404,2026-08-29T00:00:00Z,3.269643792832864e-08,1.5398896906118363e-08,3.180849873324373e-11,300.04122898665213,295.40487608413014,97577.22747992724,2.764430595210988,261.4009466704263,12.8051,826.81,219.85,15.56,35.85,11.39
5404,2026-08-30T00:00:00Z,3.6899784774253385e-08,1.2433209481089028e-08,2.5238606086533084e-11,300.2995056392502,295.1103070515538,97545.75662334896,2.8027332514033576,262.57871688755813,12.7781,826.81,219.85,15.56,,
5404,2026-08-31T00:00:00Z,3.4770496919271946e-08,1.0381507966891648e-08,2.528717661282688e-11,300.18261948203383,294.449923813422,97660.09597589102,2.77775436851142,268.83221927591364,12.7511,826.81,219.85,15.56,,13.3
5404,2026-09-01T00:00:00Z,2.0171730684202212e-08,3.029188125453743e-08,2.631728447455289e-10,300.0033685900717,295.275132541798,97730.18059179174,1.8995704063168488,273.0049850129391,12.7239,826.81,219.85,15.56,23.7,13.2
5404,2026-09-02T00:00:00Z,3.7923688889207925e-08,2.3738978423113188e-08,3.095188856104475e-11,299.09060167027826,298.2747843489975,97915.40808117724,1.1432374717112308,109.91016779649826,12.6966,826.81,219.85,15.56,5.915,
5404,2026-09-03T00:00:00Z,3.70844243191319e-08,2.5999073191705423e-08,2.902095789851003e-11,298.698756200245,297.99796365377034,97833.9227514424,0.6636687948899651,167.3829264744339,12.6692,826.81,219.85,15.56,9.225,20.0
5404,2026-09-04T00:00:00Z,2.4039693645132672e-08,3.558890812218965e-08,5.3186105784833275e-11,299.53886157451905,298.5131922683405,97827.41399085948,0.8303794151879463,86.58800661399849,12.6418,826.81,219.85,15.56,,
5404,2026-09-05T00:00:00Z,3.600310615407962e-08,2.4722574107748053e-08,2.3015577906325565e-11,299.5238994257172,298.3286016168626,98017.67019444122,1.7279423374838665,50.64181312883912,12.6142,826.81,219.85,15.56,,
5404,2026-09-06T00:00:00Z,7.362099113732232e-09,5.5441873888385834e-08,2.0973548118628574e-10,298.3097147135798,297.8285670457046,98026.43431754292,0.9842627040110976,48.65921080039354,12.5866,826.81,219.85,15.56,,
5541,2026-06-07T00:00:00Z,3.251733364188693e-09,7.04912457363938e-08,2.3094349565686592e-10,302.17142743976643,294.06849415570326,97687.47057219782,0.4438375455608694,208.979693757054,-10.0907,837.75,215.05,8.52,24.5,
5541,2026-06-08T00:00:00Z,2.239091033689852e-08,2.5910842456930973e-08,6.00882044942951e-11,302.2011587644912,293.58020754914213,97440.61756566267,1.8871013956365108,248.0837123111524,-10.0827,837.75,215.05,8.52,39.25,
5541,2026-06-09T00:00:00Z,2.70401796076418e-08,4.016445699699833e-08,4.9140489304253116e-11,302.1098681318761,289.9416535598646,97301.61070057834,2.0198827338483185,248.52767717932105,-10.0753,837.75,215.05,8.52,2.585,
5541,2026-06-10T00:00:00Z,4.3541820211751715e-08,1.1723638385444856e-08,1.7745901917344623e-11,304.35577685079744,290.46265832552393,97296.503743955,2.617630459078625,255.66902871986576,-10.0685,837.75,215.05,8.52,18.05,
5541,2026-06-11T00:00:00Z,2.5549288174591442e-08,2.8930850478319586e-08,2.6153209031570352e-11,303.41134926313174,295.0548150524252,97269.19392959072,2.1057371203474182,120.73371713551352,-10.0623,837.75,215.05,8.52,8.07,
5541,2026-06-12T00:00:00Z,7.790891758105943e-08,1.2386315758160762e-08,8.067765666329961e-12,299.5624498913359,296.4214400427996,97635.61472574534,3.965846873990324,127.28669232349408,-10.0567,837.75,215.05,8.52,51.3,
5541,2026-06-13T00:00:00Z,4.7553455589508844e-08,2.2828900410335973e-08,2.099210925664613e-11,299.8550795689726,296.46279332376395,97916.53308921508,2.233733930461291,102.40040130877786,-10.0517,837.75,215.05,8.52,29.950000000000003,
5541,2026-06-14T00:00:00Z,1.6915991504184104e-08,7.509513756002477e-08,2.5316985698872044e-10,299.84488528332906,297.2200836902954,97759.91034964252,0.5974397885534996,237.5379939401425,-10.0473,837.75,215.05,8.52,0.24125,
5541,2026-06-15T00:00:00Z,8.827571198768328e-09,4.121143650733488e-08,1.4208715341947588e-10,300.15142240617035,295.4508083263386,97630.49262991756,0.5783308774565186,282.0831026656298,-10.0436,837.75,215.05,8.52,33.45,6.8
5541,2026-06-16T00:00:00Z,2.6505464097086043e-08,3.6012869273090404e-08,3.5335082961889485e-11,299.8787484069936,295.8575512736676,97879.56839874994,2.4276014912369277,284.4254154550636,-10.0404,837.75,215.05,8.52,0.4465,
5541,2026-06-17T00:00:00Z,5.318679529020212e-09,5.529505844000752e-08,4.208587088191367e-10,301.5169717241214,296.1319937743795,97809.25183547748,0.4295576750523485,77.19791983614681,-10.0379,837.75,215.05,8.52,5.675,20.7
5541,2026-06-18T00:00:00Z,1.3170453659972851e-08,6.735561391777445e-08,3.29483465422042e-10,301.5510926888342,295.4354345599382,97757.74067512984,0.6673621097118391,161.76170975266027,-10.036,837.75,215.05,8.52,8.77,
5541,2026-06-19T00:00:00Z,1.965873576443873e-08,4.7813587851006244e-08,1.1702667997023562e-10,302.20495529047867,295.42421814681245,97676.9794092851,0.7869132018401986,290.2049471649506,-10.0347,837.75,215.05,8.52,31.35,21.45
5541,2026-06-20T00:00:00Z,3.1486511612996065e-08,2.99681645563181e-08,5.2126615008692365e-11,301.8217719913141,294.89618159200336,97719.13315534013,1.3388699971912563,278.92992759848613,-10.034,837.75,215.05,8.52,5.204,16.9
5541,2026-06-21T00:00:00Z,3.3951799861237925e-08,2.3004630945309106e-08,3.3091899187434005e-11,301.94579445845284,294.01294032586014,97678.32548225252,1.940804585352026,277.5815249382886,-10.034,837.75,215.05,8.52,43.2,1.57
5541,2026-06-22T00:00:00Z,2.3538386120060087e-08,2.9224402148951786e-08,8.388033013086687e-11,301.562115115704,294.66818413955855,97621.78205992018,1.4531142584190018,270.6616226347254,-10.0346,837.75,215.05,8.52,43.6,15.2
5541,2026-06-23T00:00:00Z,4.2676270231669776e-08,2.2671742945916837e-08,3.727876717376665e-11,300.8050014811276,293.8361196868966,97586.62496844004,1.6441216344165246,291.7257152252432,-10.0358,837.75,215.05,8.52,0.88,10.9
5541,2026-06-24T00:00:00Z,1.2295268348543072e-08,3.9811836846432315e-08,3.7057206560707456e-10,301.6882828788978,295.04016761630595,97476.90767378968,0.9818362050965916,226.0466879392705,-10.0376,837.75,215.05,8.52,,
5541,2026-06-25T00:00:00Z,1.6969207597750183e-08,5.2514391789194744e-08,2.1801710134951275e-10,302.5548517338467,295.83568935823416,97590.35201860766,0.6096237924818388,125.25668250360188,-10.04,837.75,215.05,8.52,,
5541,2026-06-26T00:00:00Z,1.0452356513633809e-08,5.986154640793537e-08,3.0851278814734846e-10,302.92103607775266,297.38037985396926,97695.89847744524,0.4896165575124195,247.1841032874794,-10.0431,837.75,215.05,8.52,8.895,
5541,2026-06-27T00:00:00Z,8.321195551504412e-09,5.912332300763013e-08,5.332905408085521e-10,303.8520766327177,297.98068624595686,97636.0446616477,0.5238529238061441,115.1280490620415,-10.0468,837.75,215.05,8.52,10.365,
5541,2026-06-28T00:00:00Z,5.005715407264371e-09,4.7294987578728326e-08,5.557706210553804e-10,303.7373548471788,298.05799581051264,97374.34468912004,0.4229493601380066,69.56032669366091,-10.0511,837.75,215.05,8.52,0.6699999999999999,25.400000000000002
5541,2026-06-29T00:00:00Z,2.6443514707435183e-08,3.631124107436918e-08,2.5304747375562355e-10,303.52547801817536,298.0527337190864,97307.25372085538,1.1469303020524808,224.5716133787033,-10.056,837.75,215.05,8.52,,
5541,2026-06-30T00:00:00Z,2.1174291012960152e-08,3.893858864064189e-08,6.644923791926182e-11,304.1551591088225,296.8787124632308,97294.28685883062,1.0897411925810712,151.01774712164703,-10.0615,837.75,215.05,8.52,0.8865000000000001,
5541,2026-07-01T00:00:00Z,4.7651840853317486e-08,1.8812643380600454e-08,1.3329981653400596e-11,302.508632133345,298.59810786382394,97309.09805169785,3.192422596352674,119.79913916960572,-10.0676,837.75,215.05,8.52,4.3,
5541,2026-07-02T00:00:00Z,5.529232796495699e-08,1.920448644988012e-08,2.3548528924161868e-11,299.4327367009699,299.0520087580443,97502.26522744005,1.378517052817363,85.82649975565593,-10.0743,837.75,215.05,8.52,0.3,14.3
5541,2026-07-03T00:00:00Z,5.78947366529648e-08,1.976915568862257e-08,2.3048800947467397e-11,299.950404539261,299.01924252884805,97464.03003172,2.6380885467370585,112.2026836088244,-10.0815,837.75,215.05,8.52,13.3,
5541,2026-07-04T00:00:00Z,3.659663603363928e-08,3.2144317645682626e-08,6.696999074005987e-11,301.1368740453888,298.8643904187407,97395.7667617252,1.402239861103293,80.73286077489546,-10.0894,837.75,215.05,8.52,14.0,7.08
5541,2026-07-05T00:00:00Z,4.390787394973278e-08,2.656197269621115e-08,3.998591802204991e-11,300.6245353841813,299.6565842190256,97297.95856732022,1.8391287936010297,116.53307927930835,-10.0979,837.75,215.05,8.52,11.75,
5541,2026-07-06T00:00:00Z,7.846175899274613e-08,1.3124901237270404e-08,1.5879292567146056e-11,299.6333242862921,298.8915985595105,97364.16323719369,2.3658903729729834,98.03008360276463,-10.1069,837.75,215.05,8.52,18.9,
5541,2026-07-07T00:00:00Z,2.200053963004229e-08,4.042555361878728e-08,8.022831896838119e-11,301.94222861982104,299.57303995886434,97256.55497677528,1.2767298603018786,126.8986122386122,-10.1165,837.75,215.05,8.52,16.35,
5541,2026-07-08T00:00:00Z,5.675515947922059e-08,1.7250836327745056e-08,1.9544383712216248e-11,301.09506622506376,299.21957108938835,97200.9053210927,2.3571645269673387,109.87246717121916,13.8734,837.75,215.05,8.52,16.05,
5541,2026-07-09T00:00:00Z,5.222074472836601e-08,1.5861124879792246e-08,2.772643232558036e-11,298.9615791908729,298.5250614864093,97182.83493529807,2.907672585173042,18.334466140467622,13.8706,837.75,215.05,8.52,37.95,20.298571428571428
5541,2026-07-10T00:00:00Z,1.732763640603751e-08,4.8905217858394796e-08,8.287246164501709e-11,298.87119750830544,298.30072450532595,97264.20818833292,0.6119834024821774,171.25695044059822,13.8595,837.75,215.05,8.52,25.700000000000003,
5541,2026-07-11T00:00:00Z,2.1116647104474162e-08,3.4478921820410985e-08,8.320630117642348e-11,300.3496261225461,298.68956617023724,97174.2405780354,0.9277514269509816,188.22205091574625,13.8479,837.75,215.05,8.52,20.05,
5541,2026-07-12T00:00:00Z,2.1267621928601347e-08,2.7541751922907e-08,1.6973167622543032e-10,301.11167984171146,296.6940403109239,97006.62191491527,1.5262278252357029,241.28205797952,13.8357,837.75,215.05,8.52,26.3,
5541,2026-07-13T00:00:00Z,3.1081720491919265e-08,1.6133940395247677e-08,6.859757945713699e-11,301.3684489410395,296.5765912371656,97149.89045790258,1.477681769538967,260.65368823311,13.823,837.75,215.05,8.52,49.0,
5541,2026-07-14T00:00:00Z,7.592968218583817e-09,3.9627162420773e-08,2.4061817145476777e-10,300.6223846886044,298.666017173536,97372.4415294918,1.5215569901802073,293.25079163543427,13.8098,837.75,215.05,8.52,23.95,7.015
5541,2026-07-15T00:00:00Z,3.1031608496650883e-08,2.1066976582420842e-08,5.989734352548619e-11,299.7503812089196,298.0411067246625,97527.56697837036,1.7793705476552666,271.08342025700125,13.7961,837.75,215.05,8.52,23.4,11.3
5541,2026-07-16T00:00:00Z,1.1566723124974281e-08,3.4132426528905055e-08,3.1853408457567096e-10,301.92055007636185,297.3642608313894,97569.26132910508,1.5812822035420475,254.26490317762477,13.7819,837.75,215.05,8.52,23.6,
5541,2026-07-17T00:00:00Z,1.0637380991047224e-08,3.4234566777500994e-08,2.610834350252093e-10,303.05309462142543,296.42710462236374,97451.46994324015,2.4801635074473896,247.6587873365593,13.7672,837.75,215.05,8.52,21.3,
5541,2026-07-18T00:00:00Z,2.6121008470561152e-08,2.1449362232198143e-08,9.668770929653194e-11,302.89070418845336,296.58837503000365,97404.35761085508,2.895136203947637,239.50471432055397,13.752,837.75,215.05,8.52,16.1,
5541,2026-07-19T00:00:00Z,3.1299473063276825e-08,1.6384556650185526e-08,5.060605006001287e-11,303.60441293226,295.0552106699297,97426.4428077229,2.313450728599744,250.515343318245,13.7364,837.75,215.05,8.52,12.2,
5541,2026-07-20T00:00:00Z,2.2712677925330713e-08,3.0792689708075095e-08,8.580896938614381e-11,301.762182475095,299.3050358563307,97441.80159200804,1.753964342568889,116.7227517050714,13.7203,837.75,215.05,8.52,13.0,
5541,2026-07-21T00:00:00Z,3.728811641619176e-08,2.2196932466463974e-08,3.9385437213720886e-11,299.13302037611857,298.83937247107235,97598.89161399016,1.7301541247461485,107.54311743086174,13.7037,837.75,215.05,8.52,13.2,
5541,2026-07-22T00:00:00Z,6.026204906909084e-08,1.2621774045697942e-08,1.9882467106093832e-11,298.6549490097499,297.57008236680304,97559.67378036256,3.9671880122595975,106.61733360842416,13.6867,837.75,215.05,8.52,13.05,
5541,2026-07-23T00:00:00Z,4.58359426551177e-08,1.5923894355642513e-08,2.8976682039921905e-11,299.5127266939091,297.5826408230065,97422.43751530263,2.964542948727599,100.64542778571588,13.6692,837.75,215.05,8.52,10.9,
5541,2026-07-24T00:00:00Z,5.839918974020797e-08,1.2896505708337766e-08,2.068139409079464e-11,299.331569254848,297.85858278370347,97373.29685739768,3.8737179001524416,98.0685718589215,13.6514,837.75,215.05,8.52,14.25,
5541,2026-07-25T00:00:00Z,3.998798160049503e-08,1.7613165456396443e-08,3.027205613985177e-11,299.3394647426389,298.6496505970297,97449.92652727268,3.0159648639386107,115.6964358487176,13.6331,837.75,215.05,8.52,10.805,
5541,2026-07-26T00:00:00Z,3.5789554747271354e-08,2.3468807428391123e-08,5.7926721821716175e-11,300.0814430710174,299.4601329020699,97590.17971522748,1.552234946356699,78.57530339777485,13.6144,837.75,215.05,8.52,10.07,15.1
5541,2026-07-27T00:00:00Z,2.30471222731416e-08,4.108620667206305e-08,1.0387099967767016e-10,300.64184850545723,299.6535893313629,97373.9760742704,1.7494838269241697,80.38289682327776,13.5954,837.75,215.05,8.52,11.6,16.1
5541,2026-07-28T00:00:00Z,5.2338049349686337e-08,2.000177992568132e-08,2.6127439973592136e-11,299.861349138269,299.32837791963567,97279.3375433228,1.8626130985290128,101.57178476674704,13.5759,837.75,215.05,8.52,23.35,
5541,2026-07-29T00:00:00Z,3.68802645460021e-08,3.2341636078491535e-08,7.869108663729418e-11,299.5945147060044,298.9760335783244,97365.63958368254,1.4000335769349015,90.36091950559056,13.5561,837.75,215.05,8.52,10.25,9.1
5541,2026-07-30T00:00:00Z,2.930523749343145e-08,3.561853228060926e-08,5.0874020536199445e-11,300.0251013400012,299.6062996087145,97274.6538998899,1.4514023791834318,98.535785993874,13.5359,837.75,215.05,8.52,9.35,
5541,2026-07-31T00:00:00Z,4.449118521275491e-08,1.5082493348412147e-08,2.270820420206483e-11,300.601056721211,298.0944654845092,97418.6909702727,3.6847807651938895,103.38549546254524,13.5154,837.75,215.05,8.52,7.859999999999999,
5541,2026-08-01T00:00:00Z,4.6098510712917023e-08,1.5712401017039988e-08,2.8922497327787888e-11,299.4748026496942,298.4697135135205,97394.27191953508,3.360640021445499,90.72850404410786,13.4945,837.75,215.05,8.52,8.504999999999999,14.0
5541,2026-08-02T00:00:00Z,5.4601978951586434e-08,1.589609403456782e-08,3.1273251808416545e-11,299.40072403991496,298.6511995027057,97423.11033659495,2.6616343305322974,91.56238903376564,13.4733,837.75,215.05,8.52,9.65,32.3
5541,2026-08-03T00:00:00Z,4.319888307870595e-08,1.9789834368871252e-08,4.7008464545358627e-11,299.54969308956373,298.9921652785772,97415.45323139282,1.866639590349597,106.27546009991724,13.4518,837.75,215.05,8.52,8.29,
5541,2026-08-04T00:00:00Z,3.74028141506297e-08,2.3009303609646963e-08,4.874376001212227e-11,299.1450057040567,298.7858166544066,97529.6129574651,1.6816749978801129,103.01608586516024,13.43,837.75,215.05,8.52,9.35,
5541,2026-08-05T00:00:00Z,3.309791378332342e-08,3.452975958528627e-08,6.898690818636696e-11,298.9110994781016,298.53804207683464,97395.3910008792,0.5217671547046295,77.70739354795158,13.4078,837.75,215.05,8.52,5.609999999999999,22.8
5541,2026-08-06T00:00:00Z,5.30531301065902e-08,1.9885279314688002e-08,3.909193332359463e-11,298.8249465105555,298.3954492207554,97438.39380345042,1.1563484179383088,143.50484340072745,13.3854,837.75,215.05,8.52,11.225,
5541,2026-08-07T00:00:00Z,3.0979352000193926e-08,2.6143210099542338e-08,1.0912824953682511e-10,299.1163177649895,298.3854128027345,97411.36553832282,1.691254449457691,55.228006131792895,13.3627,837.75,215.05,8.52,8.27,4.0225
5541,2026-08-08T00:00:00Z,4.89108131847533e-08,1.817828486900317e-08,7.924203502384772e-11,298.3510923671035,298.05193290707524,97454.10592523296,1.2545577144834332,34.45133093229945,13.3397,837.75,215.05,8.52,7.455,13.12857142857143
5541,2026-08-09T00:00:00Z,6.03125936042721e-08,1.5451815047148222e-08,2.8344391133557865e-11,299.1612591830519,298.5336750799838,97651.06528504255,2.337725576891398,90.42625834337908,13.3164,837.75,215.05,8.52,8.855,
5541,2026-08-10T00:00:00Z,3.801675882083252e-08,3.063733984330374e-08,7.87140837583839e-11,299.9173363741896,299.289784273189,97548.72842648694,1.3375701746041964,122.39791680353352,13.2929,837.75,215.05,8.52,8.97,
5541,2026-08-11T00:00:00Z,4.0743236255410323e-08,2.1528202884020213e-08,4.2188371654839136e-11,299.84938267834696,298.85241621020907,97520.23214519782,2.344592345514445,110.73260887103908,13.2691,837.75,215.05,8.52,10.69,
5541,2026-08-12T00:00:00Z,3.282311431184433e-09,6.971758824761676e-08,3.4434107853701877e-10,299.68997365084874,299.53336992207835,97641.92828897748,0.4169017114215078,2.2468112070520574,13.2451,837.75,215.05,8.52,6.095,13.562000000000001
5541,2026-08-13T00:00:00Z,8.663705508174777e-09,7.069189008549087e-08,6.295397658552055e-10,300.63130455028033,299.94773460142125,97647.45654449015,1.4552222882966064,270.70171434322464,13.2209,837.75,215.05,8.52,6.2,1.53
5541,2026-08-14T00:00:00Z,1.7577921394391373e-08,4.616715675777632e-08,1.438596973135541e-10,300.6039617078156,299.5650940829352,97533.37743422975,1.2510563573875102,108.6328895392546,13.1964,837.75,215.05,8.52,4.43,
5541,2026-08-15T00:00:00Z,2.964255030753968e-09,6.89258410769851e-08,3.060158798445389e-10,300.0238829517976,299.4067773581108,97642.82549462785,0.2869858000704148,151.56771807331114,13.1717,837.75,215.05,8.52,14.15,
5541,2026-08-16T00:00:00Z,2.3179281633073224e-08,2.9099665362721807e-08,1.183362348476032e-10,299.5279094674763,299.1677928555834,97536.60078019784,1.1274499625353398,221.76619200829612,13.1468,837.75,215.05,8.52,27.8,
5541,2026-08-17T00:00:00Z,1.989148715103504e-08,3.008274652979708e-08,1.1669071991878042e-10,299.358028625644,298.71387144085367,97522.54471848757,1.2974180512340376,242.8045302783971,13.1218,837.75,215.05,8.52,32.8,
5541,2026-08-18T00:00:00Z,2.8952348766159312e-08,2.8789673354330303e-08,6.46748097493915e-11,298.8026665897338,298.49148637479993,97713.17810443256,1.2296915366378645,148.87178825980868,13.0965,837.75,215.05,8.52,28.3,
5541,2026-08-19T00:00:00Z,2.666652808305556e-08,3.519710031777945e-08,1.1039498895374623e-10,299.06387474425946,298.7116254151258,97734.98199840426,0.6911949189885436,95.64175130785598,13.071,837.75,215.05,8.52,7.744999999999999,
5541,2026-08-20T00:00:00Z,4.989167148160513e-08,2.4674904374767306e-08,5.161055432854608e-11,298.959686686836,298.59932134083016,97740.58646512523,0.81083287659627,99.33230568582496,13.0454,837.75,215.05,8.52,26.700000000000003,
5541,2026-08-21T00:00:00Z,3.7209632079424192e-09,7.660159197907809e-08,6.240339038521253e-10,300.065671406164,299.520398642334,97672.53322849992,0.6234173897714493,265.51871834356405,13.0196,837.75,215.05,8.52,27.8,2.67
5541,2026-08-22T00:00:00Z,3.3079124356171446e-08,3.023784534935477e-08,6.191580328296488e-11,298.79662864843345,298.5089418415555,97711.20879266268,1.6437678835814835,221.20303563640687,12.9936,837.75,215.05,8.52,69.8,
5541,2026-08-23T00:00:00Z,3.352679722088091e-08,3.6522159166486816e-08,5.092195526464928e-11,298.91532817621595,298.4843831493085,97748.3963593873,0.9624001580238484,74.89402404364161,12.9674,837.75,215.05,8.52,22.615,5.53
5541,2026-08-24T00:00:00Z,3.515409816343452e-08,3.044068979623864e-08,4.8285205446212015e-11,299.0587253344585,298.7914406100143,97791.74061038044,1.4369055803451705,144.08784016031336,12.9411,837.75,215.05,8.52,0.03,
5541,2026-08-25T00:00:00Z,2.8057816968428154e-08,3.7224772274866186e-08,7.331664071395475e-11,299.57009058922085,299.0360952251862,97763.31700357022,1.434316334476264,140.0355385428672,12.9147,837.75,215.05,8.52,6.183350000000001,
5541,2026-08-26T00:00:00Z,1.7342406957793025e-08,7.365462382245675e-08,2.068079342961177e-10,300.4918141284001,299.1993916402189,97694.54812603476,1.4490886744156055,113.88746884078516,12.8881,837.75,215.05,8.52,34.2,
5541,2026-08-27T00:00:00Z,1.2447981221777802e-08,5.282342038327909e-08,1.472424264222759e-10,300.7705445551412,299.5629534874815,97573.78208751229,0.7593016848642651,126.30637493026742,12.8614,837.75,215.05,8.52,15.0,
5541,2026-08-28T00:00:00Z,1.1723373248230872e-08,4.516465682821933e-08,1.6155120688530219e-10,300.2020825036973,298.42140888404634,97555.82380787784,1.8814936895345813,264.4416353649042,12.8346,837.75,215.05,8.52,,
5541,2026-08-29T00:00:00Z,3.107828708091248e-08,1.6809019788522295e-08,3.679750543235341e-11,300.08378135238326,295.531695167535,97567.27766476262,2.753579017115216,259.4653383707495,12.8077,837.75,215.05,8.52,19.55,
5541,2026-08-30T00:00:00Z,3.6693615593858555e-08,1.2842426916491165e-08,2.8400362405206668e-11,300.37334058208705,295.1772532290321,97537.12455797258,2.7766182065887306,261.84762476336715,12.7806,837.75,215.05,8.52,,
5541,2026-08-31T00:00:00Z,3.471067232434205e-08,1.0694705811988009e-08,2.82685698375476e-11,300.2726360018113,294.4406893515043,97650.70806342996,2.749719097514075,268.394752877018,12.7534,837.75,215.05,8.52,41.5,11.9
5541,2026-09-01T00:00:00Z,1.533330835289507e-08,3.856956079719123e-08,4.0027456447501356e-10,300.0841661741871,295.7927147450644,97723.63531618254,1.6393153833692389,268.4735229776573,12.7262,837.75,215.05,8.52,40.3,
5541,2026-09-02T00:00:00Z,3.4828165135779536e-08,2.5128035902379403e-08,3.719963647943466e-11,299.1214589849933,298.32853993648445,97914.67698611484,1.1840075257060698,109.05297052690058,12.6988,837.75,215.05,8.52,18.15,
5541,2026-09-03T00:00:00Z,3.066104269965096e-08,2.8407912009653956e-08,3.610199415637715e-11,298.7505490315999,298.0395308877289,97828.35492332053,0.6623395492400369,150.32722998907255,12.6713,837.75,215.05,8.52,13.7,
5541,2026-09-04T00:00:00Z,2.332324934285648e-08,3.576899079754572e-08,6.351611337503039e-11,299.490567824219,298.48622994111554,97826.15308740748,0.8516462587608886,89.2977927555362,12.6437,837.75,215.05,8.52,,
5541,2026-09-05T00:00:00Z,3.8657676575842767e-08,2.229093597228076e-08,2.6819444286222434e-11,299.5272685277249,298.26129956705097,98014.46610235768,1.740274268896122,52.148425445592544,12.6161,837.75,215.05,8.52,,
5541,2026-09-06T00:00:00Z,6.273691293938495e-09,5.4240889934708577e-08,2.467765968146991e-10,298.3691108902244,297.8752490371322,98022.52939055496,0.9534762415966468,30.288930097106896,12.5884,837.75,215.05,8.52,,
5570,2026-06-07T00:00:00Z,8.150862418960697e-09,5.6031956792071455e-08,1.2350074989573902e-10,301.8116274248404,293.64990829124736,97702.98485192526,1.0999961540953715,242.56469565153895,-10.1099,810.51,232.01,28.95,24.8,
5570,2026-06-08T00:00:00Z,3.280622475090218e-08,1.5857006964208365e-08,2.2153450696449328e-11,302.49817458015264,293.48169457213714,97463.25021644976,2.318067081671938,246.5007072502963,-10.102,810.51,232.01,28.95,22.950000000000003,13.7775
5570,2026-06-09T00:00:00Z,3.288383561412275e-08,2.9505899908207083e-08,2.4349827465514264e-11,302.256804691336,289.7101652218832,97335.8907037362,2.6377071038763287,243.04360859219616,-10.0947,810.51,232.01,28.95,15.45,8.3825
5570,2026-06-10T00:00:00Z,4.7108391231176497e-08,9.277697790116428e-09,1.079804729582984e-11,304.0413123685178,291.0619564006989,97321.35666349845,2.8584920062325665,261.4747874249633,-10.088,810.51,232.01,28.95,24.25,7.296666666666667
5570,2026-06-11T00:00:00Z,2.1738377200010985e-08,2.5928084480478466e-08,3.6635561081751525e-11,303.6062559612485,295.2639817094605,97277.70419033073,1.3891135988913157,142.15455293963043,-10.0818,810.51,232.01,28.95,25.2,14.5
5570,2026-06-12T00:00:00Z,7.845243866982364e-08,1.1065646542096472e-08,5.2147629644864144e-12,299.85916147824935,296.50608436566233,97653.5734292786,3.741037328071979,129.8867354782848,-10.0763,810.51,232.01,28.95,37.650000000000006,
5570,2026-06-13T00:00:00Z,5.0953373701313624e-08,2.0732035571512014e-08,1.2107947427011336e-11,300.13121715855937,296.7099394084459,97923.02230370916,2.198066299372188,105.19720931682744,-10.0713,810.51,232.01,28.95,20.5,10.1
5570,2026-06-14T00:00:00Z,3.827759601264788e-08,4.504391293624558e-08,6.27436648590884e-11,300.1396579767084,296.41214880897286,97768.82475505026,1.0773795350718816,240.9279773503528,-10.067,810.51,232.01,28.95,1.095,6.272500000000001
5570,2026-06-15T00:00:00Z,2.0526545156258408e-08,2.5555950455326572e-08,5.299465291095911e-11,300.32028562112566,294.33687993088176,97650.08141114794,1.204392473089294,269.2671660673834,-10.0633,810.51,232.01,28.95,22.05,12.6
5570,2026-06-16T00:00:00Z,2.678968742277269e-08,3.305946912153865e-08,2.0165131441384803e-11,299.6427453633142,295.58775608164206,97895.61044310837,2.3921762302434053,264.0236365886814,-10.0602,810.51,232.01,28.95,2.0525,8.06
5570,2026-06-17T00:00:00Z,1.4212906603667194e-08,3.7870548894005553e-08,1.2756728260980406e-10,301.6952892661403,295.2501933682561,97826.642460587,1.0103049801432242,218.67238663843216,-10.0577,810.51,232.01,28.95,2.79,17.075
5570,2026-06-18T00:00:00Z,1.4117500113362496e-08,5.331703479499016e-08,1.2249092872739546e-10,301.19324448110234,295.1481159368624,97773.83989862376,1.1149303426934458,177.97843011438897,-10.0558,810.51,232.01,28.95,1.56,9.860000000000001
5570,2026-06-19T00:00:00Z,1.3385315109985465e-08,5.010789916246623e-08,9.269823596343943e-11,301.8590016328829,295.2156807076171,97697.15269470571,1.0626931124369023,265.4264094152925,-10.0545,810.51,232.01,28.95,0.934,13.423333333333332
5570,2026-06-20T00:00:00Z,2.0956484946810928e-08,3.1345911974136206e-08,3.9821600579708495e-11,301.73430230473,294.94780972900764,97745.78939358388,1.4675651372314142,268.94693990288096,-10.0538,810.51,232.01,28.95,1.47,26.32
5570,2026-06-21T00:00:00Z,2.7711523009158925e-08,2.0466687624600633e-08,2.1401107315702083e-11,302.19571049762965,293.9478386026376,97702.85574548022,2.107149538228346,281.3490651196901,-10.0538,810.51,232.01,28.95,45.85,12.2
5570,2026-06-22T00:00:00Z,2.394060563278143e-08,2.356751435459136e-08,3.7189260565194685e-11,301.739605657307,294.0496870621919,97647.38844084612,1.7335608185415825,270.20718629914325,-10.0544,810.51,232.01,28.95,32.4,23.9
5570,2026-06-23T00:00:00Z,3.17938872493709e-08,2.7329122006143357e-08,3.5920290188499446e-11,300.5035700953079,293.9437738227176,97613.52539181564,1.5765343869240631,278.9059421665827,-10.0556,810.51,232.01,28.95,6.915,13.5
5570,2026-06-24T00:00:00Z,2.7743708233855516e-08,2.275717435747141e-08,9.1129583569536e-11,301.4610372393186,294.4318342127778,97491.6897672029,1.432774823852992,242.73178871294775,-10.0574,810.51,232.01,28.95,,
5570,2026-06-25T00:00:00Z,8.918217121554407e-09,4.980675822151747e-08,2.431050649699634e-10,302.4511370830989,296.1629509839529,97604.46691571796,0.5410906937526574,228.6223684213219,-10.0598,810.51,232.01,28.95,,
5570,2026-06-26T00:00:00Z,1.4360847680584992e-08,4.090321450306139e-08,1.1161884125331103e-10,302.688750939112,296.6669551288749,97711.4036908034,1.210225275307497,260.4045930598439,-10.0628,810.51,232.01,28.95,17.8,9.01
5570,2026-06-27T00:00:00Z,6.709574783571495e-09,4.8867913480459455e-08,2.7211441379511474e-10,303.449376466397,297.5306600392557,97652.333877163,0.8463648478646693,207.3775692904534,-10.0665,810.51,232.01,28.95,23.15,38.74125
5570,2026-06-28T00:00:00Z,1.3980016218381044e-08,3.269478188247577e-08,1.7675419748396507e-10,303.56720761017243,296.88482843869025,97391.1690985625,1.0111639200283824,208.9251076444394,-10.0707,810.51,232.01,28.95,13.95,28.5625
5570,2026-06-29T00:00:00Z,3.8387800011989826e-08,2.011719565922983e-08,6.010740913539301e-11,303.1331198589954,297.1136780834745,97345.23739840166,1.5559347440936908,266.77200300944185,-10.0755,810.51,232.01,28.95,25.95,9.033333333333333
5570,2026-06-30T00:00:00Z,1.3239913865421356e-08,3.6855983690054654e-08,1.1593308386138688e-10,304.0763440354879,296.3724688236971,97316.91108330622,0.9968245688539076,197.58208785100757,-10.081,810.51,232.01,28.95,13.7,8.831666666666667
5570,2026-07-01T00:00:00Z,5.152837594112898e-08,1.5584499323235733e-08,9.049046352213192e-12,302.70593496612565,298.49880514071793,97320.0022231966,2.9084791609108795,123.57627442119748,-10.087,810.51,232.01,28.95,23.25,
5570,2026-07-02T00:00:00Z,5.64109745124194e-08,1.8150586901814325e-08,1.399875717695312e-11,299.42817059950534,299.0800803342157,97518.66842430146,1.8454926886239404,92.7025425686472,-10.0936,810.51,232.01,28.95,11.9,27.5
5570,2026-07-03T00:00:00Z,5.594544784183691e-08,1.9258824725048223e-08,1.3986045798361636e-11,300.18416064932546,299.09074976707547,97474.11523567242,2.682929967880364,112.97543931721276,-10.1008,810.51,232.01,28.95,19.4,31.5
5570,2026-07-04T00:00:00Z,3.6873219478731616e-08,3.136551310264464e-08,3.4865201458715206e-11,301.3467412480621,298.77123095001093,97398.91157522112,1.4568934938492446,74.382731206344,-10.1086,810.51,232.01,28.95,8.195,25.2
5570,2026-07-05T00:00:00Z,4.309535676085004e-08,2.4703633409527542e-08,2.93845175751198e-11,300.86462430787697,299.7111723446058,97304.7564933703,1.3662784699622774,115.82755783515114,-10.117,810.51,232.01,28.95,3.82,25.2
5570,2026-07-06T00:00:00Z,7.700070620050709e-08,1.2500216068012953e-08,9.85735648593276e-12,299.903074479679,299.1697136593016,97342.15272698933,2.3254108259133703,79.63695805000283,13.8741,810.51,232.01,28.95,7.41,31.5
5570,2026-07-07T00:00:00Z,1.9876026633030193e-08,3.8660098937878596e-08,6.560755686683917e-11,302.1253186233376,299.2923596556952,97267.06591162345,1.0841749550333657,141.87199553009052,13.8721,810.51,232.01,28.95,4.145,12.4
5570,2026-07-08T00:00:00Z,5.704242547750736e-08,1.5341492416388674e-08,1.4677577696892007e-11,300.7481087723729,299.3189815183633,97210.10688606252,2.25260648380143,105.140846706172,13.8623,810.51,232.01,28.95,4.140000000000001,3.5
5570,2026-07-09T00:00:00Z,5.1804478345416064e-08,1.725924239400394e-08,1.6543195150133518e-11,298.9461993674089,298.5361624170633,97178.73467789762,2.8487676639143515,12.370378047192622,13.8518,810.51,232.01,28.95,22.950000000000003,
5570,2026-07-10T00:00:00Z,1.9549853692069146e-08,4.490706552065649e-08,5.880831463154944e-11,298.95872755117324,298.3539667446322,97286.19069565106,0.8243407555491511,230.40938166006129,13.8409,810.51,232.01,28.95,6.095000000000001,19.06833333333333
5570,2026-07-11T00:00:00Z,2.354289405001605e-08,2.5951584819192112e-08,4.8174478179286034e-11,301.1951671609271,297.9121484908951,97190.66475665044,2.2579399781992846,231.1445943137121,13.8294,810.51,232.01,28.95,6.175000000000001,25.74166666666667
5570,2026-07-12T00:00:00Z,3.1360265270319626e-08,1.5267657658092982e-08,5.234002504146359e-11,301.45574377006847,296.0492171200173,97025.16260699216,2.480818125337546,250.1720674494814,13.8174,810.51,232.01,28.95,11.2,6.32
5570,2026-07-13T00:00:00Z,3.2502763268176955e-08,1.3794751358758137e-08,3.699285213284408e-11,301.534640908491,296.08715864881793,97172.7420827211,2.003339557268044,254.37497109277615,13.8048,810.51,232.01,28.95,19.45,8.536666666666667
5570,2026-07-14T00:00:00Z,1.0032204753976763e-08,3.421395129965514e-08,1.3450539039985686e-10,300.9444209681486,297.8502217848849,97378.72374506028,1.180688243935195,279.07021076140563,13.7918,810.51,232.01,28.95,16.3,4.75
5570,2026-07-15T00:00:00Z,2.66412613267558e-08,2.151279927989011e-08,4.631111940607578e-11,299.93349624387804,298.19600611142897,97543.65040679713,2.131459883270308,265.60451661228325,13.7782,810.51,232.01,28.95,10.005,12.31
5570,2026-07-16T00:00:00Z,2.3483836971816734e-08,2.1527580960209666e-08,8.952749944575437e-11,302.3921018809785,295.96016445404734,97599.40437755024,2.271833134788241,264.6810716415207,13.7641,810.51,232.01,28.95,17.0,8.21
5570,2026-07-17T00:00:00Z,2.4617664222601947e-08,2.0363735403782414e-08,7.128785795676035e-11,303.3173366863236,295.07193309045067,97483.207631538,3.172257698470091,260.10541520093363,13.7496,810.51,232.01,28.95,13.55,6.420000000000001
5570,2026-07-18T00:00:00Z,3.329670470096929e-08,1.4668241307050075e-08,3.761500545577589e-11,301.7418019608912,297.0521367700196,97448.69093190107,3.263380516931788,244.5491709616836,13.7346,810.51,232.01,28.95,12.455,5.4275
5570,2026-07-19T00:00:00Z,3.0699564792426424e-08,1.5261868143135815e-08,3.202946344512994e-11,303.30857039533004,295.1419249122044,97456.13640533072,2.666879833516624,258.0902931420396,13.7191,810.51,232.01,28.95,4.640000000000001,7.953333333333333
5570,2026-07-20T00:00:00Z,1.1695740697009265e-08,3.4285180799102294e-08,1.5473661114195636e-10,302.1914663284365,299.1119562082762,97456.84212655653,1.0684488546648585,128.5362638074137,13.7031,810.51,232.01,28.95,11.0,
5570,2026-07-21T00:00:00Z,3.6939471934049355e-08,1.9670559470143155e-08,2.887501341443924e-11,299.415275048914,298.98979361254203,97599.17418759296,1.3799712566694724,111.2556997761078,13.6868,810.51,232.01,28.95,10.155,10.0
5570,2026-07-22T00:00:00Z,6.172548702758998e-08,1.1634679588005984e-08,1.3663353662847076e-11,298.5941948863009,297.7436957801696,97553.51573194092,3.866507751538237,103.31640169244729,13.6699,810.51,232.01,28.95,17.75,8.5
5570,2026-07-23T00:00:00Z,4.848018337961e-08,1.4766681087301391e-08,1.6581643862610252e-11,299.57073855950296,297.4163959362138,97416.63829968436,2.99253559322367,99.61993837342776,13.6527,810.51,232.01,28.95,19.55,17.0
5570,2026-07-24T00:00:00Z,5.99008041642619e-08,1.1811499020944613e-08,1.3529813974988616e-11,299.1833113630625,297.9653421305913,97365.01785407789,3.8576430899840672,94.24603555871016,13.635,810.51,232.01,28.95,29.65,17.0
5570,2026-07-25T00:00:00Z,3.7320922373617216e-08,1.6920788538085103e-08,2.1559910612527293e-11,299.4542186326702,298.708706112624,97457.19302847426,2.958012189073413,117.10556175106636,13.6169,810.51,232.01,28.95,10.395,17.0
5570,2026-07-26T00:00:00Z,3.6908915010434254e-08,2.1303369698013e-08,3.514298452981605e-11,300.20481438602,299.4055337180457,97587.4339202211,1.5407179800140942,87.38219931026626,13.5985,810.51,232.01,28.95,13.1,11.0
5570,2026-07-27T00:00:00Z,1.550613518140186e-08,4.237004102245439e-08,1.174139480749528e-10,301.0248596978772,299.7401156568743,97381.14304298304,1.1097737986745837,110.2633257188242,13.5796,810.51,232.01,28.95,2.55,7.98
5570,2026-07-28T00:00:00Z,4.48935324041007e-08,2.0075463985812197e-08,2.0847868343437152e-11,300.1671511965688,299.60488951400697,97283.22715151664,1.6670799579942226,106.73121859721024,13.5604,810.51,232.01,28.95,15.35,11.0
5570,2026-07-29T00:00:00Z,3.2074992763421026e-08,3.45934595574969e-08,5.005226945889469e-11,299.64213756408253,298.8281785928986,97380.1096010782,1.244275465388252,99.8228394804852,13.5408,810.51,232.01,28.95,7.68,11.0
5570,2026-07-30T00:00:00Z,2.8091574227694266e-08,3.368205921245574e-08,4.4571423040984016e-11,300.2797947505683,299.82948252947153,97285.178645587,1.4820978509146694,102.50381721329362,13.5208,810.51,232.01,28.95,6.24,11.0
5570,2026-07-31T00:00:00Z,4.7418300233212375e-08,1.3612971437599966e-08,1.3949395373452587e-11,300.6247307769946,297.97103652869583,97415.58250093152,3.757170388581392,101.15442241330948,13.5005,810.51,232.01,28.95,,17.0
5570,2026-08-01T00:00:00Z,4.768712368745036e-08,1.45550292352084e-08,1.9148575815751957e-11,299.4721010407818,298.5616038164004,97383.00733343152,3.416594796578368,88.52451915396342,13.4798,810.51,232.01,28.95,16.65,17.0
5570,2026-08-02T00:00:00Z,5.35484113124178e-08,1.51932794266898e-08,2.230102808640199e-11,299.5424836132961,298.86171463617256,97416.85039985237,2.6140327133132115,90.33822724094723,13.4588,810.51,232.01,28.95,9.72,17.0
5570,2026-08-03T00:00:00Z,3.696401906986854e-08,1.9475187625183088e-08,3.5323016847447846e-11,299.7170739486553,299.05679433005866,97426.33398726412,1.834839884828366,118.41159888241634,13.4375,810.51,232.01,28.95,8.04,11.0
5570,2026-08-04T00:00:00Z,3.463432626383678e-08,2.1606215214879888e-08,3.186767651757419e-11,299.27088891951723,298.809494269839,97543.59044946512,1.314095262504429,123.52901840051484,13.4159,810.51,232.01,28.95,26.1,
5570,2026-08-05T00:00:00Z,3.196444152172038e-08,3.542315715225437e-08,4.585029194708415e-11,299.28385120341864,298.6619575180296,97401.97435134296,0.9573833854596066,280.31188146726515,13.394,810.51,232.01,28.95,4.630000000000001,23.0
5570,2026-08-06T00:00:00Z,5.2464428387468164e-08,1.4864867002237e-08,2.835447752741989e-11,298.786168193838,298.30165968592087,97455.62143110237,1.0352295531800488,172.41778432207224,13.3718,810.51,232.01,28.95,20.25,7.6499999999999995
5570,2026-08-07T00:00:00Z,3.677671778156991e-08,2.5617715623719027e-08,4.6925664576996764e-11,298.9344288852715,298.16192877737785,97410.96239276664,2.0158989359467663,41.44095282086993,13.3494,810.51,232.01,28.95,7.065,
5570,2026-08-08T00:00:00Z,6.387254831365943e-08,1.2798855219493416e-08,2.727653322418685e-11,297.9265069568185,297.5870768598802,97458.97950907506,1.6889683984026234,39.00002088104553,13.3266,810.51,232.01,28.95,6.715,2.99
5570,2026-08-09T00:00:00Z,5.8074730112448655e-08,1.4266262385566813e-08,2.2014215843522936e-11,299.4021012696052,298.6100057157715,97650.6005262789,2.311739905707616,107.92901958633496,13.3036,810.51,232.01,28.95,2.115,3.5
5570,2026-08-10T00:00:00Z,3.6197070705339065e-08,2.9644139025259884e-08,6.25896278253281e-11,300.0533415618435,299.47321269807486,97552.136464663,1.046075905895746,124.64514512975434,13.2803,810.51,232.01,28.95,5.535,
5570,2026-08-11T00:00:00Z,4.3882971272465046e-08,1.935094932975139e-08,2.922868805013027e-11,299.724528052129,298.7942663711062,97534.85611908072,2.240136782631453,120.52661921599012,13.2568,810.51,232.01,28.95,13.85,
5570,2026-08-12T00:00:00Z,4.017910432351515e-09,7.03556134719447e-08,2.2127508163697147e-10,299.7452752594719,299.5897686624043,97651.4343388615,0.6202322898186835,12.652444821058808,13.2331,810.51,232.01,28.95,2.075,
5570,2026-08-13T00:00:00Z,2.379720298468093e-08,4.2397530987940686e-08,1.5640120039257342e-10,300.5989547277916,299.7680275912198,97671.10611108952,2.013972081752884,269.5332591420903,13.2091,810.51,232.01,28.95,13.6,18.7
5570,2026-08-14T00:00:00Z,2.781410753084206e-08,3.129024215500302e-08,7.203392056135762e-11,300.9868407261231,299.2373280253321,97541.86243095854,0.6624591828977351,97.00465849333185,13.1849,810.51,232.01,28.95,3.22,4.01
5570,2026-08-15T00:00:00Z,1.1154147298900529e-08,5.156549264351453e-08,1.5946957708367824e-10,299.86769904878355,299.2181874780614,97663.39254129742,0.6932743700287248,228.7096748559594,13.1604,810.51,232.01,28.95,4.545,18.92571428571429
5570,2026-08-16T00:00:00Z,2.5068180913406265e-08,2.5024492711813776e-08,8.219220364878782e-11,299.4144785197373,299.0408179386821,97566.09205230969,1.1632169592530706,212.8201677135881,13.1358,810.51,232.01,28.95,15.45,18.16
5570,2026-08-17T00:00:00Z,2.2897648333113886e-08,2.305174240930064e-08,7.043507110899463e-11,299.6218999981828,298.5290673177921,97544.31750164196,1.7625891008899872,258.8969619413692,13.111,810.51,232.01,28.95,17.6,18.05
5570,2026-08-18T00:00:00Z,2.6784787760734583e-08,2.5150263796185137e-08,6.450794915791486e-11,299.00126992292604,298.5936687796861,97729.06160237658,1.3299158106096325,158.42437761462213,13.086,810.51,232.01,28.95,16.55,37.5
5570,2026-08-19T00:00:00Z,2.2145451627132258e-08,3.380579057702433e-08,8.845089059747125e-11,299.3222828252621,298.73266613201594,97740.63061931849,0.4401532101008855,138.81230409601395,13.0608,810.51,232.01,28.95,3.665,21.0
5570,2026-08-20T00:00:00Z,5.3303556706030174e-08,2.347364904538584e-08,2.43251515450928e-11,299.07739578003327,298.63149901206725,97763.24563788914,0.7416495292651587,81.55121960844001,13.0354,810.51,232.01,28.95,14.5,2.0
5570,2026-08-21T00:00:00Z,1.1616484046004833e-08,6.256422412868692e-08,2.0321804441762742e-10,300.2125445235855,299.3451060928545,97696.88559000188,0.9301798510038974,273.67472138671724,13.0099,810.51,232.01,28.95,14.85,35.5
5570,2026-08-22T00:00:00Z,3.4342933224605305e-08,2.4197134436603528e-08,4.684911037443895e-11,298.9564886527353,298.56018105339865,97728.19805040045,1.4881280282649862,235.4392137652177,12.9842,810.51,232.01,28.95,13.7,13.794
5570,2026-08-23T00:00:00Z,2.484420879538687e-08,3.505598518631979e-08,6.577178289277811e-11,299.09345341570105,298.55377898532885,97761.83373381592,0.7381087787880111,92.37344009629356,12.9583,810.51,232.01,28.95,6.16,
5570,2026-08-24T00:00:00Z,4.0360121141521717e-08,2.4545215452160774e-08,3.742353091942141e-11,298.9658680969928,298.6682399919385,97817.59396954771,1.3986263338408855,142.34623091935936,12.9323,810.51,232.01,28.95,3.035,2.45
5570,2026-08-25T00:00:00Z,3.438430400556577e-08,2.7263011024527236e-08,4.712360643938312e-11,299.478349429783,298.7973579352251,97780.05055304144,0.8506163639984202,128.56746492884918,12.9061,810.51,232.01,28.95,1.6749999999999998,
5570,2026-08-26T00:00:00Z,2.3733064011842734e-08,5.182097673230716e-08,1.4133914820137076e-10,300.41943789814104,299.16908961968164,97709.21175398964,1.577872557784087,143.2254935196492,12.8798,810.51,232.01,28.95,2.01,15.725000000000001
5570,2026-08-27T00:00:00Z,1.6373125828015444e-08,4.3395446693745655e-08,8.658179681534689e-11,300.77220361210743,299.2199716855277,97585.54744033355,0.8571482015942715,257.26855775070953,12.8534,810.51,232.01,28.95,4.26,11.4
5570,2026-08-28T00:00:00Z,2.221644184826969e-08,2.8420575927121656e-08,4.804346686893888e-11,300.36393619954174,297.0283576393449,97579.93267102265,3.241852041556271,274.47530771872755,12.8269,810.51,232.01,28.95,,
5570,2026-08-29T00:00:00Z,3.415082494276327e-08,1.43002045225978e-08,2.3992640853862472e-11,299.9421655074788,295.30510400343167,97597.20823565108,2.7743143950698586,266.1532089025701,12.8002,810.51,232.01,28.95,17.5,14.01
5570,2026-08-30T00:00:00Z,3.6522102686643944e-08,1.2512228702870887e-08,1.9941219676251348e-11,300.16421080393025,295.07520292045587,97564.01932905654,2.8143360875340178,265.4347628398154,12.7734,810.51,232.01,28.95,,
5570,2026-08-31T00:00:00Z,3.4605873061158785e-08,1.0375604740618624e-08,1.9961492848115678e-11,300.05358239391694,294.4952939259881,97678.86046726696,2.794230383945604,270.882589183188,12.7465,810.51,232.01,28.95,17.6,13.3
5570,2026-09-01T00:00:00Z,2.546483947342828e-08,2.1383237636049504e-08,9.203980857132272e-11,299.9298907707783,294.69731582496274,97744.39987687972,2.222855672959075,280.61233216944606,12.7195,810.51,232.01,28.95,14.3,13.2
5570,2026-09-02T00:00:00Z,4.321769529176355e-08,2.1218134201712355e-08,2.2105321504704518e-11,298.99840250086856,298.2314370962168,97922.95085815107,0.957168319171318,110.71767597210932,12.6924,810.51,232.01,28.95,2.475,0.825
5570,2026-09-03T00:00:00Z,4.6587882640098975e-08,2.2754740871638047e-08,1.8074853246621737e-11,298.572957593257,297.9159603121316,97847.11124024246,0.5991444675323949,200.1277554256539,12.6653,810.51,232.01,28.95,1.865,35.06
5570,2026-09-04T00:00:00Z,2.6357819936754464e-08,3.416981775981813e-08,3.811762911532529e-11,299.56694385892774,298.5715687664824,97834.68114407788,0.7315339179756087,75.08135118750074,12.638,810.51,232.01,28.95,,
5570,2026-09-05T00:00:00Z,3.24343881194916e-08,2.8831218055325193e-08,1.6371657013437288e-11,299.5474749253215,298.4635240814388,98027.17486686115,1.7198619739236054,43.70306649698452,12.6106,810.51,232.01,28.95,,
5570,2026-09-06T00:00:00Z,9.870901395224754e-09,5.560867752410848e-08,1.1837003742534572e-10,298.29177427613973,297.7825449801129,98034.092525261,1.170735237821041,69.4629402211331,12.5832,810.51,232.01,28.95,,
5586,2026-06-07T00:00:00Z,5.058483526265594e-09,6.343253777779022e-08,1.7126403098158566e-10,301.9575243808438,293.8964530242628,97725.27652382478,0.8103447849893384,231.4582084480928,-10.1041,822.08,224.3,24.03,0.0,
5586,2026-06-08T00:00:00Z,2.8439544837363046e-08,1.995622381512216e-08,3.705662557629386e-11,302.4194469698538,293.52710138755947,97482.08802419488,2.1096231405051338,248.0600368676485,-10.0962,822.08,224.3,24.03,31.4,9.7
5586,2026-06-09T00:00:00Z,2.94434828364175e-08,3.476236690505953e-08,3.668606870105744e-11,302.1600291371585,289.8499462802179,97349.4749714249,2.3211062369049014,245.09469251185752,-10.0888,822.08,224.3,24.03,15.9,7.2250000000000005
5586,2026-06-10T00:00:00Z,4.488690108630422e-08,1.0918791506297046e-08,1.4082567292277712e-11,304.1481452563575,290.7521441460991,97342.1629581058,2.641808979241475,261.2044268815605,-10.0821,822.08,224.3,24.03,5.005,7.0
5586,2026-06-11T00:00:00Z,2.07181424070023e-08,2.889511816727477e-08,3.5844017714997836e-11,303.3205669177173,295.1424330954654,97306.74428644164,1.664267679468212,124.371791117628,-10.0759,822.08,224.3,24.03,13.55,9.454999999999998
5586,2026-06-12T00:00:00Z,7.846887115079789e-08,1.1623814199429036e-08,6.4748442740957926e-12,299.7714687404386,296.50179771693416,97677.64147128392,3.8207084570348138,127.07041431098796,-10.0704,822.08,224.3,24.03,16.95,26.275
5586,2026-06-13T00:00:00Z,4.895845987554975e-08,2.1771676651205717e-08,1.6455779972677847e-11,299.9822875955152,296.58582041904225,97951.69430952534,2.143868682048557,103.43718256971744,-10.0654,822.08,224.3,24.03,4.66,14.1
5586,2026-06-14T00:00:00Z,3.03962717394755e-08,5.8358681254789576e-08,1.3872320272143538e-10,299.9843697161108,296.7593218868492,97793.5848007933,0.8617545384787239,237.7932828932067,-10.0611,822.08,224.3,24.03,3.875,5.9
5586,2026-06-15T00:00:00Z,1.5661470617895482e-08,3.177239761372674e-08,8.553557244432645e-11,300.1824065693642,294.7795788582797,97671.25521381618,0.9416310234567372,272.70898562251455,-10.0573,822.08,224.3,24.03,7.62,23.5
5586,2026-06-16T00:00:00Z,2.559639074350744e-08,3.554241764779136e-08,2.667682241237974e-11,299.8774849505358,295.5540273894499,97914.38883572834,2.4450894709353634,272.2044393077367,-10.0542,822.08,224.3,24.03,8.31,
5586,2026-06-17T00:00:00Z,1.0759095743936821e-08,4.3586279771400684e-08,2.2241429544584688e-10,301.6347417743405,295.6146633313917,97847.87274572956,0.7781379384355099,168.28172009669578,-10.0517,822.08,224.3,24.03,0.0,24.35
5586,2026-06-18T00:00:00Z,1.4841958582929816e-08,5.8412287372819834e-08,1.8034791883021588e-10,301.29239409914646,295.294503198134,97797.50333622465,0.9649820958779172,172.97252799584828,-10.0498,822.08,224.3,24.03,4.609999999999999,7.700749999999999
5586,2026-06-19T00:00:00Z,1.4527519773489512e-08,5.1346162814863424e-08,1.0922343214417041e-10,302.0327978051856,295.31131610473653,97715.87803110824,0.8896813532585548,274.5398779286561,-10.0485,822.08,224.3,24.03,9.585,17.1
5586,2026-06-20T00:00:00Z,2.4922523800406918e-08,3.155707792008313e-08,4.390857293149853e-11,301.84767118310725,294.91766007251783,97762.18462802534,1.4221181841587105,273.3567097163566,-10.0479,822.08,224.3,24.03,4.98,23.6
5586,2026-06-21T00:00:00Z,2.973032284818446e-08,2.2183016631814643e-08,2.603555762132342e-11,302.19767023348413,293.96721402469603,97720.08392912746,2.04570653363814,280.2139076743716,-10.0478,822.08,224.3,24.03,11.46,21.1
5586,2026-06-22T00:00:00Z,2.366700775260681e-08,2.6464208818954548e-08,5.3494200062206795e-11,301.77722319513657,294.265439680317,97664.7983858403,1.624927762756501,272.3957398621647,-10.0484,822.08,224.3,24.03,5.525,17.9
5586,2026-06-23T00:00:00Z,3.6327395143399225e-08,2.6211053290539146e-08,3.5894412415375645e-11,300.7021196420205,293.87748954303595,97630.05253056496,1.615063478559419,283.9890878252337,-10.0496,822.08,224.3,24.03,4.155,9.68
5586,2026-06-24T00:00:00Z,2.1883506058185043e-08,2.9386813862210967e-08,1.8416709964171207e-10,301.67299420671367,294.55285344449425,97514.17107892768,1.2226592512995458,240.1857944171417,-10.0514,822.08,224.3,24.03,,
5586,2026-06-25T00:00:00Z,1.0724025673506865e-08,5.2316512270199336e-08,2.3191562247603963e-10,302.556686486722,296.0906585227672,97627.37936652778,0.5307707982153284,196.8192356281954,-10.0538,822.08,224.3,24.03,,
5586,2026-06-26T00:00:00Z,1.1741441971909483e-08,4.9080583133809815e-08,1.8380552071678848e-10,302.83627889148005,297.00319867142144,97733.15796867567,0.9161073812317244,255.27208276248265,-10.0569,822.08,224.3,24.03,6.709999999999999,8.2
5586,2026-06-27T00:00:00Z,7.3807406293667945e-09,5.318021215543391e-08,3.4673360632452397e-10,303.676569068945,297.6666542020112,97673.72800171652,0.7007940153959532,175.59111087682362,-10.0605,822.08,224.3,24.03,11.28,20.3175
5586,2026-06-28T00:00:00Z,1.1297960847001248e-08,3.7823483282368894e-08,2.8595375252271893e-10,303.7321403573944,297.21545847659434,97413.15738516951,0.7803752446133572,167.57304341202445,-10.0648,822.08,224.3,24.03,6.87,21.575
5586,2026-06-29T00:00:00Z,3.5034839224438546e-08,2.6601092130019313e-08,1.2216534061673323e-10,303.165533537619,297.65051506025264,97364.6610677431,1.226269629976516,252.1900582941988,-10.0696,822.08,224.3,24.03,12.4,10.440000000000001
5586,2026-06-30T00:00:00Z,1.4470438497779269e-08,3.959521698336202e-08,1.09672402715564e-10,304.06612815892527,296.9848878294804,97338.1709297721,0.9697153956849308,173.79925429135048,-10.0751,822.08,224.3,24.03,10.45,9.006666666666666
5586,2026-07-01T00:00:00Z,5.13798999626544e-08,1.6372583287531273e-08,9.80980343035884e-12,302.5592840265324,298.56647448107765,97348.04814726228,3.038790052968528,121.06106329345812,-10.0811,822.08,224.3,24.03,10.6,8.418333333333335
5586,2026-07-02T00:00:00Z,5.58112316451261e-08,1.867575378131905e-08,1.7963114420831833e-11,299.4319535685283,299.0499643228365,97547.60354506497,1.5622321982199567,93.10087938447354,-10.0878,822.08,224.3,24.03,11.35,11.600000000000001
5586,2026-07-03T00:00:00Z,5.61747536985857e-08,1.9246321908923053e-08,1.8029747097475578e-11,299.9954122215641,299.09202666407447,97502.71754795915,2.610658901062737,113.01952281695893,-10.095,822.08,224.3,24.03,5.67,14.575
5586,2026-07-04T00:00:00Z,3.71349597862823e-08,3.1479752553465186e-08,4.723048715194089e-11,301.25508241308523,298.80984721374284,97425.64177981988,1.4270251864402046,73.06929691868804,-10.1028,822.08,224.3,24.03,8.225000000000001,11.633333333333335
5586,2026-07-05T00:00:00Z,4.285284539403191e-08,2.5609300255247232e-08,3.49510685998985e-11,300.720357550999,299.74095640682896,97334.00560423818,1.4451192394977743,111.63903566297633,-10.1112,822.08,224.3,24.03,7.525,6.746666666666666
5586,2026-07-06T00:00:00Z,7.909897023259307e-08,1.2259239690381092e-08,1.1853708191162926e-11,299.7488223896266,299.0276154368347,97381.58469585364,2.301052827435944,84.57640366898619,-10.1201,822.08,224.3,24.03,9.605,11.833333333333334
5586,2026-07-07T00:00:00Z,1.9553896700748462e-08,3.9724237854748536e-08,7.743689316183347e-11,302.0265694184947,299.40771823496067,97292.98378105312,1.0963364281036518,136.5581481972395,13.8704,822.08,224.3,24.03,10.85,11.508
5586,2026-07-08T00:00:00Z,5.612058358804888e-08,1.607286568094958e-08,1.7579196556398848e-11,300.77939306501145,299.3130390480435,97234.76435811192,2.240085515919507,102.79498175339168,13.868,822.08,224.3,24.03,8.785,2.8143333333333334
5586,2026-07-09T00:00:00Z,5.3422426609932335e-08,1.6227134844437542e-08,2.0371755049688088e-11,298.9098754386425,298.51296200426026,97203.7553133538,2.916248891796544,13.50066113983217,13.8575,822.08,224.3,24.03,8.985,21.1
5586,2026-07-10T00:00:00Z,1.7438343474658815e-08,4.903152559029357e-08,7.065275672870915e-11,298.8940252677975,298.4087978124217,97305.18181455682,0.7311963158604282,201.03660060868776,13.8465,822.08,224.3,24.03,6.5600000000000005,23.8
5586,2026-07-11T00:00:00Z,2.23529063154201e-08,2.952596504859905e-08,6.127037875240877e-11,300.78698973364413,298.36259077177215,97213.05330691017,1.7341494475452688,214.196763068502,13.835,822.08,224.3,24.03,7.395,17.715
5586,2026-07-12T00:00:00Z,2.695383591232644e-08,2.0181886241230995e-08,9.52997734186585e-11,301.25761690961184,296.3503695633048,97047.22047490648,2.042114552900248,247.88861304627773,13.8229,822.08,224.3,24.03,7.0,6.465
5586,2026-07-13T00:00:00Z,3.1203784819164203e-08,1.526541528957451e-08,4.984745355873709e-11,301.4043672371664,296.3426270189024,97194.75107083782,1.745560200148155,256.8811968077412,13.8103,822.08,224.3,24.03,9.325,8.825
5586,2026-07-14T00:00:00Z,7.657622992175608e-09,3.745914018256965e-08,1.7679026831673148e-10,300.8039345796035,298.22255486466395,97401.34254841662,1.2672785459124662,285.3696109447669,13.7972,822.08,224.3,24.03,12.85,10.3
5586,2026-07-15T00:00:00Z,2.8246782505238184e-08,2.1597857299408925e-08,5.165839776657689e-11,299.85332349025225,298.1582664140418,97565.33840372144,1.9728402662924336,264.8208010595852,13.7836,822.08,224.3,24.03,9.775,13.85
5586,2026-07-16T00:00:00Z,1.8893703550386192e-08,2.6543154745337196e-08,1.6608792129779523e-10,302.2039672820684,296.527664380101,97616.0327035662,1.9829849066351717,261.8595788152583,13.7695,822.08,224.3,24.03,7.75,9.19
5586,2026-07-17T00:00:00Z,1.9134163280503103e-08,2.6105551754288244e-08,1.363058716259656e-10,303.1929212797087,295.6398004540006,97497.53764642322,2.866398909484151,256.2725952803136,13.7549,822.08,224.3,24.03,5.89,9.25
5586,2026-07-18T00:00:00Z,3.0471589715887353e-08,1.7566305217240113e-08,6.274263496743674e-11,302.0716765606301,297.0140403046714,97461.3153045662,3.0948875458192737,242.5054477982468,13.7399,822.08,224.3,24.03,5.85,5.025
5586,2026-07-19T00:00:00Z,2.9618483724407054e-08,1.6921975324499688e-08,4.509141049015808e-11,303.4169129505811,295.2801924182455,97473.96661166016,2.426174632854802,254.5935499744016,13.7243,822.08,224.3,24.03,7.229999999999999,7.175
5586,2026-07-20T00:00:00Z,1.481042774517124e-08,3.3465263891788504e-08,1.3779987174065218e-10,301.9268685286584,299.27888987778124,97482.08916235255,1.3259184248937166,111.6392667282225,13.7083,822.08,224.3,24.03,14.7,21.36
5586,2026-07-21T00:00:00Z,3.744169154420709e-08,2.026280000138733e-08,3.309190894675549e-11,299.3013034287453,298.9219368579367,97629.86082548572,1.4232740606594465,105.31456029648376,13.6919,822.08,224.3,24.03,2.585,14.850000000000001
5586,2026-07-22T00:00:00Z,6.085379414230408e-08,1.1914766763028057e-08,1.628194743897902e-11,298.6112536009168,297.69499351390573,97587.4180707116,3.8811550960692047,104.03680804049456,13.675,822.08,224.3,24.03,30.4,20.116666666666667
5586,2026-07-23T00:00:00Z,4.776802402457944e-08,1.497610205074034e-08,2.0869366380367625e-11,299.57464369358047,297.4466193104432,97445.70888673572,3.026024226841175,99.51350610591471,13.6577,822.08,224.3,24.03,36.05,6.525
5586,2026-07-24T00:00:00Z,5.971642882567262e-08,1.1964631009996254e-08,1.624896024461523e-11,299.2268789243776,297.93624452101244,97398.06667627902,3.8768043009458832,95.42485765990824,13.64,822.08,224.3,24.03,32.55,11.65
5586,2026-07-25T00:00:00Z,3.8501842495893856e-08,1.704359260572027e-08,2.5032477760696997e-11,299.4106447550421,298.7058807725417,97484.969694654,2.9550792628009352,116.25739908331704,13.6218,822.08,224.3,24.03,27.1,19.76875
5586,2026-07-26T00:00:00Z,3.6477830980371686e-08,2.1996398454608957e-08,4.4371008007384957e-11,300.1344828867788,299.4372967881637,97616.31447154208,1.498832674702978,82.8085781583843,13.6033,822.08,224.3,24.03,21.840000000000003,10.936666666666667
5586,2026-07-27T00:00:00Z,1.8444958592072345e-08,4.1569064728260936e-08,1.1212430056912566e-10,300.8751424721727,299.6995135246279,97408.3459261193,1.3101574554636266,100.11137661919562,13.5844,822.08,224.3,24.03,19.43,9.95
5586,2026-07-28T00:00:00Z,4.950703242210512e-08,1.8886181297288063e-08,2.2841305642149915e-11,299.9872892509936,299.462282389151,97311.72980988729,1.7935551661543223,104.67019018528822,13.5651,822.08,224.3,24.03,22.1,17.675
5586,2026-07-29T00:00:00Z,3.4698771059275685e-08,3.3349303731254525e-08,5.924509563894325e-11,299.5936225417265,298.8581728370873,97402.99551104454,1.359028598192429,98.1951601770697,13.5454,822.08,224.3,24.03,19.03,11.040000000000001
5586,2026-07-30T00:00:00Z,2.7841978552596293e-08,3.3874665842995286e-08,5.116804008237509e-11,300.17826816885804,299.7493311511672,97310.8892990817,1.4370245478906942,100.39100259741674,13.5254,822.08,224.3,24.03,20.1,9.895
5586,2026-07-31T00:00:00Z,4.6232129013785466e-08,1.3985422688300452e-08,1.7398780319096482e-11,300.57568230957816,297.9898841539881,97446.57731365402,3.6934384667964646,101.2959179012908,13.505,822.08,224.3,24.03,15.9,16.1
5586,2026-08-01T00:00:00Z,4.7468595726037454e-08,1.4714502021407942e-08,2.294755059455917e-11,299.4480873338848,298.531424230832,97417.56008392076,3.409075222420222,89.2970048000926,13.4843,822.08,224.3,24.03,27.0,17.675
5586,2026-08-02T00:00:00Z,5.3726822116977386e-08,1.530887292922343e-08,2.57728080183556e-11,299.4775682016716,298.7939307447769,97449.80652620915,2.656169440243472,90.97514566029749,13.4632,822.08,224.3,24.03,28.8,5.7
5586,2026-08-03T00:00:00Z,3.9762876390754004e-08,1.9060370292922653e-08,3.969723636850344e-11,299.6500923807632,299.0099310617689,97453.3814649077,1.8610822626695096,114.94920396873816,13.4419,822.08,224.3,24.03,0.363,16.566666666666666
5586,2026-08-04T00:00:00Z,3.6331383667298335e-08,2.1158260303058237e-08,3.808524608987586e-11,299.20243927650006,298.8000888353743,97568.64151246284,1.5007638423972265,114.90997636337369,13.4202,822.08,224.3,24.03,48.25,64.7
5586,2026-08-05T00:00:00Z,2.9151116721529652e-08,3.6850644336884024e-08,5.7867638491486896e-11,299.16237780520646,298.6263974006415,97428.81283562085,0.6972176794083327,211.76003738848317,13.3982,822.08,224.3,24.03,5.995,6.26
5586,2026-08-06T00:00:00Z,5.4908975716516745e-08,1.5938993363926004e-08,3.0869506936589606e-11,298.75248457660126,298.338425821374,97478.27676447388,1.0635521694620138,157.83882571049546,13.3759,822.08,224.3,24.03,15.4,20.025
5586,2026-08-07T00:00:00Z,3.694242893474623e-08,2.4750908742668e-08,6.545545376920362e-11,298.94971540193364,298.21291269598026,97435.34732101228,2.035507061816562,48.81358389466872,13.3534,822.08,224.3,24.03,10.45,11.8
5586,2026-08-08T00:00:00Z,5.8563183864192275e-08,1.4627883480648428e-08,4.5204568005583246e-11,298.06447665128326,297.7366070824193,97483.5631020797,1.5350361102998942,35.86779401225981,13.3306,822.08,224.3,24.03,16.95,6.045
5586,2026-08-09T00:00:00Z,5.910439488742184e-08,1.4508531372768601e-08,2.4587272104424797e-11,299.34405721987696,298.57551562769504,97680.82619694115,2.3065123661840907,104.04435519975486,13.3075,822.08,224.3,24.03,26.8,1.26
5586,2026-08-10T00:00:00Z,3.641344932350492e-08,3.0092244784335205e-08,6.817874860571314e-11,300.04691500915834,299.43189698230333,97580.5503688578,1.239839870803575,118.58387387079463,13.2841,822.08,224.3,24.03,32.3,16.9425
5586,2026-08-11T00:00:00Z,4.302056213480235e-08,1.9728874096059893e-08,3.357586386232661e-11,299.74462059307564,298.7848883264782,97558.18590082476,2.305327971659219,115.4891223071556,13.2605,822.08,224.3,24.03,8.51,20.33
5586,2026-08-12T00:00:00Z,2.3229680885152036e-09,7.329959747554897e-08,2.870330025878336e-10,299.7694650707762,299.6146041589807,97675.36098797955,0.5635104854115343,15.355305892113064,13.2367,822.08,224.3,24.03,6.615,8.625
5586,2026-08-13T00:00:00Z,1.545235387116621e-08,5.5841698229117027e-08,3.3625334232766933e-10,300.6914961209392,299.8950895284435,97686.95462848572,1.734444424565082,270.7822849489614,13.2126,822.08,224.3,24.03,6.71,19.2
5586,2026-08-14T00:00:00Z,2.3206068235581093e-08,3.774198479122397e-08,9.961950250356734e-11,300.86530380775736,299.46258928571103,97570.89849876428,0.6635360768610367,78.51999686322193,13.1884,822.08,224.3,24.03,26.3,3.275
5586,2026-08-15T00:00:00Z,7.432532473046271e-09,5.931969976791714e-08,2.2215290662297307e-10,299.9562372480563,299.267536741778,97683.26821242936,0.5225278076760749,208.11434848186605,13.1639,822.08,224.3,24.03,24.45,3.2
5586,2026-08-16T00:00:00Z,2.5007947996175045e-08,2.6693862360499237e-08,9.390443263218392e-11,299.42316043103494,299.07585190960424,97583.31046257478,1.148224250268518,215.5906399943331,13.1392,822.08,224.3,24.03,26.65,24.8
5586,2026-08-17T00:00:00Z,2.1739221061001293e-08,2.6173279578182574e-08,8.782890388911399e-11,299.4955322431285,298.7086596406804,97564.24092583662,1.4954085313695575,254.61619025486704,13.1143,822.08,224.3,24.03,25.200000000000003,
5586,2026-08-18T00:00:00Z,2.9538933746269464e-08,2.5487034572731792e-08,6.208324444415049e-11,298.82427224745294,298.58001912414704,97752.40248804454,1.3064085588428778,151.5746410339628,13.0892,822.08,224.3,24.03,18.5,28.619999999999997
5586,2026-08-19T00:00:00Z,2.603225182210816e-08,3.317111687210028e-08,9.134006588867662e-11,299.15606394487406,298.8124194630902,97768.11744708124,0.4524901827506568,110.20598009720725,13.0639,822.08,224.3,24.03,27.5,29.549999999999997
5586,2026-08-20T00:00:00Z,5.4127705511536e-08,2.327133226190961e-08,3.4272207116551786e-11,298.98591032340835,298.58381786428924,97783.66804415525,0.7261280458257376,82.18669784096929,13.0384,822.08,224.3,24.03,18.950000000000003,13.24
5586,2026-08-21T00:00:00Z,8.951282501446761e-09,6.877124800893318e-08,3.4509574706380275e-10,300.1352978129498,299.4354913797638,97715.50281822834,0.7784339399973143,271.2208145200849,13.0128,822.08,224.3,24.03,19.9,35.5
5586,2026-08-22T00:00:00Z,3.302763203244235e-08,2.6957726041867152e-08,5.3502444587951486e-11,298.918112464774,298.58007181311183,97746.13856063236,1.5792491095925596,235.3167799587698,12.987,822.08,224.3,24.03,12.75,18.875
5586,2026-08-23T00:00:00Z,2.8200585921065922e-08,3.5928274957640915e-08,6.094483375420355e-11,299.0105279276806,298.59418641789915,97786.23599180758,0.8445782693744466,61.02119343011956,12.9611,822.08,224.3,24.03,26.35,16.0
5586,2026-08-24T00:00:00Z,4.1227402568179965e-08,2.574745870518568e-08,3.8177125094686536e-11,298.8749744905776,298.6481270853367,97840.14660664096,1.4106364393793478,144.2522363935645,12.935,822.08,224.3,24.03,23.55,0.975
5586,2026-08-25T00:00:00Z,3.44950883940952e-08,3.029512963858108e-08,5.2588193785650685e-11,299.40778569351306,298.8489056133941,97804.46364205069,1.0533643523552445,131.06243588578872,12.9087,822.08,224.3,24.03,14.45,13.624
5586,2026-08-26T00:00:00Z,2.6599961921530472e-08,5.585288254491584e-08,1.3698423547373572e-10,300.3309212916549,299.127741993844,97737.55094036883,1.6508761103383225,116.18005704862912,12.8824,822.08,224.3,24.03,17.45,14.11
5586,2026-08-27T00:00:00Z,1.5271663799893623e-08,4.660931717704391e-08,1.0505086923903791e-10,300.74643054204074,299.5309154761751,97610.26279868258,0.7417881892442076,211.38167433554537,12.8558,822.08,224.3,24.03,17.25,23.315
5586,2026-08-28T00:00:00Z,1.6296038099861487e-08,3.6702075426475e-08,9.614718924266788e-11,300.21590640737816,297.79560245592546,97596.84838224188,2.662376261282171,268.57919962541416,12.8292,822.08,224.3,24.03,,
5586,2026-08-29T00:00:00Z,3.2232137861496175e-08,1.594516710160425e-08,2.93397956939843e-11,299.979314146645,295.4471392199377,97613.611692047,2.7529358774515025,264.9978612997792,12.8025,822.08,224.3,24.03,19.2,11.59
5586,2026-08-30T00:00:00Z,3.5863037970070515e-08,1.32955490982044e-08,2.3518094867925576e-11,300.233117863436,295.18733284910365,97582.07560667075,2.748228770365249,265.2307907836632,12.7756,822.08,224.3,24.03,,
5586,2026-08-31T00:00:00Z,3.420708637704979e-08,1.106014610079902e-08,2.4001637060954667e-11,300.14481854923247,294.5417837427489,97695.95025758292,2.7273891807788213,270.9654838021887,12.7486,822.08,224.3,24.03,11.4,13.6
5586,2026-09-01T00:00:00Z,2.0910636994985586e-08,2.8491808562629856e-08,1.9606179777066132e-10,300.0283520059446,295.22981302767687,97764.46281373204,1.9514731258342275,276.1670174046001,12.7215,822.08,224.3,24.03,15.75,13.1
5586,2026-09-02T00:00:00Z,4.209846164566449e-08,2.1722176297410292e-08,2.5795651329105698e-11,298.99540926147694,298.2863948172238,97949.3686031838,0.9651004318220566,107.2706380258547,12.6944,822.08,224.3,24.03,18.95,11.885000000000002
5586,2026-09-03T00:00:00Z,3.9219825048638455e-08,2.4989836277801116e-08,2.6134524106157628e-11,298.60758719723816,297.95423964790336,97867.87174922758,0.5941416217826296,188.40746258828028,12.6671,822.08,224.3,24.03,23.5,26.05
5586,2026-09-04T00:00:00Z,2.5502299780029235e-08,3.430035348510707e-08,4.8194298864407136e-11,299.5068546820764,298.54980031869906,97860.51660802164,0.7709903997357692,72.30522567489898,12.6397,822.08,224.3,24.03,,0.825
5586,2026-09-05T00:00:00Z,3.5085083012152073e-08,2.647283090683865e-08,1.9636178971577765e-11,299.54615279552195,298.3904638411472,98049.6632820903,1.8024594422455784,44.13269164707392,12.6123,822.08,224.3,24.03,,
5586,2026-09-06T00:00:00Z,9.828876242446798e-09,5.3349105041017154e-08,1.4917553918757743e-10,298.37292386337435,297.8210109677081,98056.43869077042,1.1977459469299776,24.744885538580533,12.5848,822.08,224.3,24.03,,
5598,2026-06-07T00:00:00Z,4.364472988357634e-09,6.395271542283218e-08,2.2542821580709734e-10,301.7176693831461,294.0701640228216,97744.39431088768,0.7268915255256545,223.5906051601821,-10.1045,827.28,218.84,25.26,8.75,
5598,2026-06-08T00:00:00Z,2.6786247477451146e-08,2.185263924348308e-08,5.0198606023484286e-11,302.2769303341112,293.5592065409037,97499.30220448456,2.025012152378016,248.4497079976001,-10.0966,827.28,218.84,25.26,15.0,
5598,2026-06-09T00:00:00Z,2.552398544749988e-08,3.8099712361681e-08,5.770570150127736e-11,301.9812676928864,290.0952704685532,97364.0995875254,2.0691533567297875,245.1409433461805,-10.0893,827.28,218.84,25.26,10.325,
5598,2026-06-10T00:00:00Z,4.2387222806855765e-08,1.2948596056054408e-08,1.7790861514223588e-11,304.13842196248584,290.60275635056286,97363.6450065976,2.5673604857433383,263.85984256296325,-10.0825,827.28,218.84,25.26,9.69,
5598,2026-06-11T00:00:00Z,2.582766831580496e-08,2.5969653910245033e-08,3.310895656293698e-11,302.8315185059281,295.1883813534258,97333.53402648112,2.015932377348652,122.8519210046368,-10.0764,827.28,218.84,25.26,20.65,9.115416666666667
5598,2026-06-12T00:00:00Z,7.9873356087258e-08,1.08003280867754e-08,7.48124422840626e-12,299.6882039591968,296.51796737951133,97701.27880024652,4.033196331892044,125.05204929504546,-10.0708,827.28,218.84,25.26,50.9,30.183333333333337
5598,2026-06-13T00:00:00Z,4.7379547762451926e-08,2.1192544712986493e-08,2.21583939113953e-11,299.87158771155106,296.4324626661157,97974.53898507234,2.118087973052618,101.9018589415109,-10.0659,827.28,218.84,25.26,20.35,14.317142857142857
5598,2026-06-14T00:00:00Z,2.4061663602014432e-08,6.417026405779281e-08,2.1709927139502463e-10,299.8428156625688,296.87294830556255,97813.5456500351,0.7366665569614059,219.662427593357,-10.0615,827.28,218.84,25.26,8.43,1.0
5598,2026-06-15T00:00:00Z,1.4841499963183016e-08,3.271197471474859e-08,1.0451072778523305e-10,300.0497380760353,294.8342225273098,97691.23172296346,0.879855811161445,268.64354499053707,-10.0578,827.28,218.84,25.26,21.1,
5598,2026-06-16T00:00:00Z,2.5460483200356203e-08,3.5606016036369656e-08,3.6225149030901495e-11,299.8765187648469,295.67529936786406,97926.83969670856,2.350936748518804,275.7744762524386,-10.0546,827.28,218.84,25.26,,
5598,2026-06-17T00:00:00Z,1.080891808740808e-08,4.3351159815005384e-08,2.287359294614752e-10,301.3647016681082,295.85872225466346,97868.12156427807,0.7865276528284296,175.8445015127724,-10.0521,827.28,218.84,25.26,9.605,21.849999999999998
5598,2026-06-18T00:00:00Z,2.052166737292749e-08,5.3879818549699136e-08,1.6318375663759877e-10,301.02304310011345,295.44607410542767,97818.90161381246,1.076334226409251,176.11848156254396,-10.0502,827.28,218.84,25.26,13.1,0.6415
5598,2026-06-19T00:00:00Z,1.3188640581865244e-08,5.3433874044636975e-08,1.3725501857963395e-10,301.895465327486,295.5882005273914,97732.61698311166,0.8542205911122617,276.2765991730632,-10.049,827.28,218.84,25.26,25.950000000000003,
5598,2026-06-20T00:00:00Z,2.6023863103868922e-08,3.1710629122947444e-08,5.0678427337807615e-11,301.73220978842966,294.9731882665551,97777.41447369734,1.468741502267716,275.6230730897824,-10.0483,827.28,218.84,25.26,20.4,
5598,2026-06-21T00:00:00Z,3.010295425643199e-08,2.3606665088108152e-08,3.279461361300055e-11,302.0815091512806,294.0216379255949,97735.41874570644,2.0180731359408077,279.618991676024,-10.0483,827.28,218.84,25.26,26.35,
5598,2026-06-22T00:00:00Z,2.3649789647384435e-08,2.8104530470059682e-08,6.481179602711288e-11,301.67674177210074,294.3353888351461,97680.57126846138,1.6059454923713423,276.900900222752,-10.0488,827.28,218.84,25.26,11.635000000000002,
5598,2026-06-23T00:00:00Z,3.712302470905105e-08,2.6310056739073433e-08,4.021933626515496e-11,300.6270871753814,293.8384411440563,97644.84105564396,1.6691537696495748,284.9910144272357,-10.05,827.28,218.84,25.26,11.2,
5598,2026-06-24T00:00:00Z,2.0252047172718627e-08,3.141433877991638e-08,1.8787425904076318e-10,301.6597089685613,294.5889134506739,97533.24242507368,1.1829750454390844,241.04170308104332,-10.0518,827.28,218.84,25.26,,
5598,2026-06-25T00:00:00Z,1.0384146325289996e-08,5.285706308200919e-08,3.2643398634060247e-10,302.31441771283505,296.37089551427266,97647.16037289888,0.535399496374255,179.8095118079888,-10.0543,827.28,218.84,25.26,,
5598,2026-06-26T00:00:00Z,9.302333943328341e-09,5.0334066559208214e-08,2.823774898519406e-10,302.62833181701313,297.4177100269093,97751.46583363978,0.8387045008264469,239.7747942251216,-10.0573,827.28,218.84,25.26,9.975,
5598,2026-06-27T00:00:00Z,9.65555010121295e-09,5.1953208726193165e-08,3.1748836689440125e-10,303.5300590531971,297.8235888929668,97692.73519703092,0.6779521752274865,164.2943842640912,-10.0609,827.28,218.84,25.26,12.9,58.2
5598,2026-06-28T00:00:00Z,1.2349162946050625e-08,3.8202046294504265e-08,2.552493902767797e-10,303.76516892975275,297.1291325465397,97433.22294335462,0.7747175388865373,177.64119180510667,-10.0652,827.28,218.84,25.26,11.65,45.5
5598,2026-06-29T00:00:00Z,4.2524955706973456e-08,2.524915018806699e-08,9.784203001953355e-11,303.2464238951013,297.69886780202484,97381.24046841788,1.1050946661961325,245.7392620910877,-10.0701,827.28,218.84,25.26,13.0,
5598,2026-06-30T00:00:00Z,2.198307344624744e-08,3.4161796116434743e-08,9.513665708962124e-11,303.5962929957301,297.46912588727434,97361.8627805064,1.3916807747744433,159.76458651360974,-10.0755,827.28,218.84,25.26,9.69,7.843249999999999
5598,2026-07-01T00:00:00Z,5.132988518827303e-08,1.5629244383499268e-08,1.151336356222601e-11,302.2723754318592,298.6352361829895,97374.67263438768,3.0252979876835053,117.38936525729738,-10.0816,827.28,218.84,25.26,11.55,9.566
5598,2026-07-02T00:00:00Z,5.4062980775064964e-08,1.8288275023907905e-08,2.2191077838398223e-11,299.5489868917501,298.9633445363745,97569.92355064396,1.2332255747690204,121.54467574529768,-10.0882,827.28,218.84,25.26,8.715,15.291666666666666
5598,2026-07-03T00:00:00Z,5.571728099686376e-08,1.8056713508666077e-08,2.189616658853304e-11,299.9281998296558,299.0428131752348,97528.19464480125,2.529769945404884,112.8569641911498,-10.0954,827.28,218.84,25.26,8.465,20.911666666666665
5598,2026-07-04T00:00:00Z,3.660187956427964e-08,3.0041888230753635e-08,5.692436208458893e-11,301.1447093044634,298.8475489274345,97444.94881579706,1.4608736134410318,69.42478051930703,-10.1032,827.28,218.84,25.26,12.95,9.805
5598,2026-07-05T00:00:00Z,4.162558170252233e-08,2.5126232360879834e-08,4.209470419167898e-11,300.7185250904958,299.8006088673136,97358.54350301476,1.3852878337513117,102.4495983073364,-10.1116,827.28,218.84,25.26,10.015,9.2894
5598,2026-07-06T00:00:00Z,7.916948783688715e-08,1.1262512456640914e-08,1.3493043010907435e-11,299.6627004099945,298.9344702860884,97410.05673755526,1.8892535488825373,83.17804283056222,-10.1206,827.28,218.84,25.26,7.19,11.344285714285714
5598,2026-07-07T00:00:00Z,1.9053982418586134e-08,3.845515122825832e-08,1.037479419502256e-10,301.9587097340653,299.37071010353566,97316.34415215382,1.068823292473612,137.31868046827344,-10.1301,827.28,218.84,25.26,6.94,11.578571428571431
5598,2026-07-08T00:00:00Z,5.575902371200183e-08,1.5184784010756853e-08,2.097602159018007e-11,300.72863812762216,299.297724459269,97255.29127994525,2.2750802741397647,98.23283305577868,13.8599,827.28,218.84,25.26,7.305,8.055
5598,2026-07-09T00:00:00Z,5.6503169543276666e-08,1.4147307624773796e-08,2.256205035235957e-11,298.8591067168667,298.4593644001279,97216.6714746012,3.050497298557705,15.716061722683683,13.8571,827.28,218.84,25.26,9.3,
5598,2026-07-10T00:00:00Z,2.2626051670124445e-08,4.0786335715299025e-08,6.967541893051707e-11,298.948663510437,298.48824487506965,97322.76927173742,0.99888227606459,186.8105176109136,13.8461,827.28,218.84,25.26,11.515,13.44
5598,2026-07-11T00:00:00Z,2.5394118998374164e-08,2.751011580455385e-08,7.052360696665669e-11,300.51384086399486,298.4445624404625,97235.52495262856,1.584383893773018,202.20541106966192,13.8346,827.28,218.84,25.26,12.325,5.03
5598,2026-07-12T00:00:00Z,2.4982100795759747e-08,2.1805471731458587e-08,1.1405256822122395e-10,301.1635594654398,296.5426038370771,97068.40003623246,1.8939671213946911,250.0983585474849,13.8225,827.28,218.84,25.26,8.915,
5598,2026-07-13T00:00:00Z,3.008133680011172e-08,1.6359744182152258e-08,6.28503301428594e-11,301.3760709383911,296.5012952897541,97216.77547950984,1.6499946711299938,259.41999333328056,13.8099,827.28,218.84,25.26,11.35,
5598,2026-07-14T00:00:00Z,7.760987662942153e-09,3.773594736710558e-08,1.91046552865162e-10,300.8119641140598,298.2740090605617,97414.29341619794,1.1992133269854834,287.7330243332481,13.7968,827.28,218.84,25.26,15.95,
5598,2026-07-15T00:00:00Z,2.7269354990803666e-08,2.2792013958925044e-08,6.467674633448158e-11,299.84226584386914,298.1890632128248,97587.37091537152,1.5981091835991257,244.77915252822365,13.7832,827.28,218.84,25.26,13.6,
5598,2026-07-16T00:00:00Z,1.7549667902823432e-08,2.8353277648900832e-08,1.7961066680632074e-10,302.14490741845043,296.6955136286718,97632.93544390096,1.9575333908633143,262.6383258721052,13.7691,827.28,218.84,25.26,14.25,
5598,2026-07-17T00:00:00Z,1.750939067602973e-08,2.8757717250901625e-08,1.5364341225132668e-10,303.0335392374645,295.8853306347053,97511.71781475072,2.786826928862173,256.6357289629226,13.7545,827.28,218.84,25.26,11.2,
5598,2026-07-18T00:00:00Z,2.85574357606082e-08,1.9478373315265915e-08,1.0033064698569052e-10,301.8457620848302,297.38900060587184,97479.347640651,3.0458670413021247,240.3830198413968,13.7395,827.28,218.84,25.26,10.8,
5598,2026-07-19T00:00:00Z,2.5479847194249693e-08,2.1259450212786197e-08,8.666462910457414e-11,303.2993857623133,295.8078447450294,97493.98539006604,2.097614405934149,246.31601259615297,13.7239,827.28,218.84,25.26,11.0,
5598,2026-07-20T00:00:00Z,1.9136511781557083e-08,2.9351763286397365e-08,1.2444318349901278e-10,301.6234058737829,299.2847885971333,97507.36417521916,1.54558824439793,109.5805316544972,13.7079,827.28,218.84,25.26,14.0,17.29714285714286
5598,2026-07-21T00:00:00Z,4.129096457138366e-08,1.7630026755515965e-08,3.7504227678017967e-11,299.2475168298423,298.7767600496706,97652.35653450072,1.3704199087459896,93.35044979864928,13.6915,827.28,218.84,25.26,12.7,22.75
5598,2026-07-22T00:00:00Z,6.143240750371723e-08,1.1048820698055149e-08,1.879330975274536e-11,298.6417842673828,297.6948128722546,97611.8184208778,3.9455680552350074,103.8987433402287,13.6746,827.28,218.84,25.26,16.700000000000003,21.131428571428575
5598,2026-07-23T00:00:00Z,4.8411761273843016e-08,1.402616987390058e-08,2.3723973606482133e-11,299.6153604513886,297.4682381665068,97465.35470406324,3.09527278373822,99.3776723735332,13.6573,827.28,218.84,25.26,15.05,19.76142857142857
5598,2026-07-24T00:00:00Z,6.08320757119952e-08,1.1006709949288585e-08,1.8146080829309312e-11,299.26189536613845,297.92959760396064,97422.25873378092,3.980830730727641,95.38968531272282,13.6396,827.28,218.84,25.26,15.15,27.371428571428567
5598,2026-07-25T00:00:00Z,3.994940479449431e-08,1.6042043963883938e-08,2.7502380552608118e-11,299.4629066689636,298.6858654764702,97507.75979315591,3.031937120563976,115.42529473240086,13.6215,827.28,218.84,25.26,12.9,23.328333333333333
5598,2026-07-26T00:00:00Z,3.677890230987502e-08,2.09184923047567e-08,5.1950739517212087e-11,300.0828579935168,299.4046021627653,97635.35935302808,1.4994465671875616,80.85458717416203,13.6029,827.28,218.84,25.26,11.95,23.938
5598,2026-07-27T00:00:00Z,2.100679840944141e-08,3.839161092008605e-08,1.1264552451741796e-10,300.8262359094771,299.59469329530486,97433.3897164249,1.4483447149711046,92.042423400302,13.584,827.28,218.84,25.26,11.75,19.394
5598,2026-07-28T00:00:00Z,5.3145341180080717e-08,1.6787199866777997e-08,2.6490671574837383e-11,299.90198167586595,299.3627302406932,97335.07439851266,1.8202846041953935,104.46799512263894,13.5647,827.28,218.84,25.26,19.5,21.36625
5598,2026-07-29T00:00:00Z,4.011034069580268e-08,2.8058055564560082e-08,5.6524453944900435e-11,299.6795498640762,298.9119123058896,97419.61259116713,1.435193692561602,102.131487140984,13.5451,827.28,218.84,25.26,18.2,10.370000000000001
5598,2026-07-30T00:00:00Z,2.760646536364492e-08,3.07040076358375e-08,7.21733118180069e-11,300.1247519588172,299.7299731002442,97332.80842778718,1.4305340821103858,97.7489922183018,13.525,827.28,218.84,25.26,17.450000000000003,25.833333333333332
5598,2026-07-31T00:00:00Z,4.6549207446746046e-08,1.3072351554930163e-08,2.0006472408869903e-11,300.5683732726444,297.9158039141616,97468.06896815592,3.754291643302518,100.75425843436818,13.5047,827.28,218.84,25.26,12.85,64.342
5598,2026-08-01T00:00:00Z,4.917087649713479e-08,1.3394669330295596e-08,2.5536203455308064e-11,299.47131697331207,298.4703422120166,97442.06447636164,3.4738844003209617,89.77743563484843,13.4839,827.28,218.84,25.26,27.200000000000003,20.557142857142857
5598,2026-08-02T00:00:00Z,5.412312696078466e-08,1.4049297583628763e-08,2.8934411402319577e-11,299.367507615241,298.714112410556,97475.29617117623,2.7555037201641617,91.2003499308916,13.4629,827.28,218.84,25.26,18.1,33.53
5598,2026-08-03T00:00:00Z,4.1786221130259455e-08,1.7370395074999794e-08,4.290102149538675e-11,299.5976839775107,299.008418918185,97476.547530552,1.9687771789310544,114.37597704972664,13.4415,827.28,218.84,25.26,4.63,7.648
5598,2026-08-04T00:00:00Z,3.8695974316834483e-08,1.8731649621329143e-08,4.2874936072542896e-11,299.19623369497754,298.8154360484216,97590.27732032232,1.5958262398072551,114.0375046344182,13.4199,827.28,218.84,25.26,26.450000000000003,18.155
5598,2026-08-05T00:00:00Z,3.2775996240228345e-08,3.125131898796612e-08,6.784851037414546e-11,299.0719115736638,298.5649999182425,97451.60721102866,0.7213840504751367,163.77969218934032,13.3979,827.28,218.84,25.26,22.35,7.052
5598,2026-08-06T00:00:00Z,6.07223330285754e-08,1.3707991084235612e-08,3.277346885595038e-11,298.70227356431616,298.3176508090162,97496.6532946356,0.8973604506316825,170.93731717399157,13.3756,827.28,218.84,25.26,21.9,5.672499999999999
5598,2026-08-07T00:00:00Z,4.0868001195870754e-08,2.1411608410965355e-08,6.279885698241561e-11,298.91181853669923,298.2137690356673,97449.88322551266,2.218529306445972,49.75867127109184,13.3531,827.28,218.84,25.26,34.85,6.615
5598,2026-08-08T00:00:00Z,5.575361771856728e-08,1.444856568529291e-08,5.167197865653744e-11,298.2867606443026,297.93986705944263,97497.4969137908,1.6663349801678424,39.59055213197943,13.3303,827.28,218.84,25.26,15.5,9.315000000000001
5598,2026-08-09T00:00:00Z,6.000908500082634e-08,1.3322626685271346e-08,2.8426456813838776e-11,299.3800732759749,298.564530768992,97703.24822458846,2.374727233203729,105.29118376400174,13.3072,827.28,218.84,25.26,,7.801666666666667
5598,2026-08-10T00:00:00Z,4.142689618050433e-08,2.5898988608802137e-08,6.824232220967339e-11,299.9498861058497,299.34835926731535,97604.41599796902,1.3195140578762017,117.18865580481504,13.2838,827.28,218.84,25.26,,43.120000000000005
5598,2026-08-11T00:00:00Z,4.4149619299693143e-08,1.786573076896815e-08,3.5051205029662285e-11,299.7864086183372,298.7922523115432,97578.37556788768,2.4536088096461413,113.33859385900246,13.2603,827.28,218.84,25.26,27.9,18.434285714285714
5598,2026-08-12T00:00:00Z,1.899431556901657e-09,7.084127675887716e-08,3.814361952339193e-10,299.8023309849739,299.6628112860149,97692.77434377806,0.6254454019500805,105.97482164710937,13.2364,827.28,218.84,25.26,18.6,17.05625
5598,2026-08-13T00:00:00Z,1.2319170654056484e-08,6.198877509167597e-08,4.6021265225254766e-10,300.7126109886052,299.8890119206412,97701.72276300073,1.508455215375588,271.492161415571,13.2124,827.28,218.84,25.26,18.8,
5598,2026-08-14T00:00:00Z,2.5183184636273677e-08,3.4617636261955106e-08,1.0525579244095471e-10,300.77746648966115,299.57562866154893,97598.17345375908,0.9173100049634004,82.02985489847111,13.1881,827.28,218.84,25.26,37.6,11.342500000000001
5598,2026-08-15T00:00:00Z,8.843122536099763e-09,5.6487758128640315e-08,2.7760766781078286e-10,299.9650072851903,299.28150900206754,97700.16094734835,0.4764712698793469,214.571328794652,13.1636,827.28,218.84,25.26,32.55,4.3
5598,2026-08-16T00:00:00Z,2.5430113467951663e-08,2.6244328799359414e-08,1.0074286300379892e-10,299.4251625518577,299.062342987476,97600.58185488769,1.114323527904413,217.8320368962932,13.1389,827.28,218.84,25.26,33.35,
5598,2026-08-17T00:00:00Z,2.2729167092736266e-08,2.5835365030603906e-08,9.532589141704019e-11,299.517453185053,298.7729758573766,97582.2894895028,1.3630932881153697,257.71302309605267,13.114,827.28,218.84,25.26,31.7,
5598,2026-08-18T00:00:00Z,3.359912074486702e-08,2.2434186884351066e-08,6.118491306721449e-11,298.732315710284,298.4472898914797,97773.08159891712,1.2306809597426187,158.3197676103162,13.0889,827.28,218.84,25.26,37.6,28.49
5598,2026-08-19T00:00:00Z,3.16983031798157e-08,2.8479410553796472e-08,8.459045536666179e-11,299.0355892186614,298.70510585165755,97790.42232820706,0.6143931797995053,109.5457173434658,13.0637,827.28,218.84,25.26,1.4,35.0375
5598,2026-08-20T00:00:00Z,5.70930763575523e-08,2.0539266377140905e-08,4.6050213457787496e-11,298.9599471705181,298.55900095123445,97805.45610835044,0.70525527593183,73.20983264727312,13.0382,827.28,218.84,25.26,15.9,25.375
5598,2026-08-21T00:00:00Z,9.72108889281111e-09,6.63422848517928e-08,3.5915590321598347e-10,300.0966411697233,299.44938925198227,97733.28583345856,0.7223135738970005,270.83655881568313,13.0126,827.28,218.84,25.26,35.5,
5598,2026-08-22T00:00:00Z,3.39476931778749e-08,2.53854916695108e-08,5.5267722284137035e-11,298.9728316093641,298.59888147161314,97759.40645748455,1.5971493149981764,238.6661829529912,12.9868,827.28,218.84,25.26,35.6,
5598,2026-08-23T00:00:00Z,3.5421330496569144e-08,3.06585740427663e-08,5.729548704283452e-11,298.9899020357001,298.5353327346002,97805.54728978928,0.9565287453534072,62.40579526761171,12.9609,827.28,218.84,25.26,20.15,24.733333333333334
5598,2026-08-24T00:00:00Z,4.51423062221039e-08,2.2959069910654925e-08,4.127070335486061e-11,298.7497122992329,298.506859044789,97861.82386759623,1.2681715390690524,150.46996688696854,12.9348,827.28,218.84,25.26,56.85,2.785
5598,2026-08-25T00:00:00Z,4.0242272450176986e-08,2.7212095018856432e-08,5.086004642376033e-11,299.3321877822136,298.7754666482016,97822.49699426476,0.9395751869838098,164.71315318104348,12.9085,827.28,218.84,25.26,20.0,9.444999999999999
5598,2026-08-26T00:00:00Z,4.028353683317905e-08,4.4111887051866764e-08,1.0790929119415507e-10,299.95778708129683,298.9281619849347,97772.16333909475,1.9365577618977323,118.79746280007107,12.8822,827.28,218.84,25.26,18.7,16.836000000000002
5598,2026-08-27T00:00:00Z,2.190995473852369e-08,4.031538042019134e-08,9.943812435092603e-11,300.6316083311215,299.6123116272603,97635.53262041428,1.0834173188240688,182.2144720349604,12.8557,827.28,218.84,25.26,12.9,16.125
5598,2026-08-28T00:00:00Z,1.4406202309893358e-08,3.870781970219872e-08,1.5801661742699859e-10,300.0588811597165,298.227415627883,97612.42604759836,2.267771598112312,248.75381888476636,12.829,827.28,218.84,25.26,,
5598,2026-08-29T00:00:00Z,3.0508918188998414e-08,1.7612735606047817e-08,3.565510479980418e-11,300.0050637102397,295.57232385854275,97628.9289544312,2.776500092264396,266.0353155491478,12.8023,827.28,218.84,25.26,13.2,
5598,2026-08-30T00:00:00Z,3.404268755811935e-08,1.4864999551297349e-08,2.7912431312276564e-11,300.26303042015013,295.36387134526046,97600.01060954916,2.629041662035186,266.6876691899962,12.7754,827.28,218.84,25.26,,
5598,2026-08-31T00:00:00Z,3.242875676331018e-08,1.2894667599601796e-08,3.310460995559262e-11,300.1687247541068,294.7465299333191,97712.0300004192,2.668746086175644,272.26875123884975,12.7485,827.28,218.84,25.26,13.6,
5598,2026-09-01T00:00:00Z,1.7954526229119367e-08,3.026113343892608e-08,1.928645257525739e-10,299.9932646327625,295.84923563160544,97783.32631566712,1.6152197275649949,263.732399401572,12.7214,827.28,218.84,25.26,13.2,
5598,2026-09-02T00:00:00Z,4.1874021269124594e-08,2.0059580717840826e-08,3.179846418314937e-11,298.970438065103,298.2981184870619,97968.78353535885,0.8916708903715853,101.35816897944248,12.6942,827.28,218.84,25.26,12.95,18.336666666666666
5598,2026-09-03T00:00:00Z,3.628488756783849e-08,2.3252599705717866e-08,3.6128092943075156e-11,298.664962635531,297.9803816141859,97885.18527478167,0.5555868253583667,149.56947487333093,12.667,827.28,218.84,25.26,13.05,45.099999999999994
5598,2026-09-04T00:00:00Z,2.7801027682431265e-08,3.0013917087917365e-08,5.4414881578955966e-11,299.43948997820706,298.4909049926631,97881.51883023875,0.9279752920407776,68.17461304067145,12.6396,827.28,218.84,25.26,,1.38
5598,2026-09-05T00:00:00Z,3.756281159214277e-08,2.2949895399685437e-08,2.164345729691604e-11,299.48980422669626,298.3513726467065,98066.45059764889,1.892142976029314,44.04567174358652,12.6122,827.28,218.84,25.26,,
5598,2026-09-06T00:00:00Z,1.8645517033345618e-08,4.2226460543954975e-08,1.1809579359076472e-10,298.37656207412164,297.69015975906166,98073.35259204422,1.3770675916283357,28.225147996312685,12.5847,827.28,218.84,25.26,,
5610,2026-06-07T00:00:00Z,4.727950352574764e-09,6.563243416926515e-08,1.952741458273154e-10,302.0039455786199,293.9367231373179,97692.1259101606,0.6770893257813634,219.5653337847359,-10.0959,829.11,218.46,13.84,7.78,
5610,2026-06-08T00:00:00Z,2.544518146950041e-08,2.2632360137648544e-08,4.7226648793831e-11,302.2530556695998,293.561326786632,97447.87142747958,2.026621376426675,247.1887272357669,-10.088,829.11,218.46,13.84,10.88,27.85
5610,2026-06-09T00:00:00Z,2.9109303401495242e-08,3.646555459106839e-08,4.054766749979258e-11,302.1270304609557,289.8669959086281,97312.4331252561,2.240361456911508,245.91429966795653,-10.0806,829.11,218.46,13.84,5.295,1.895
5610,2026-06-10T00:00:00Z,4.4866175205785985e-08,1.0751432318697133e-08,1.5318470792281372e-11,304.24462908662906,290.6837848083792,97303.1986741968,2.715456068374536,256.9651775051936,-10.0738,829.11,218.46,13.84,17.05,2.8
5610,2026-06-11T00:00:00Z,2.4583557854443273e-08,2.7534875896397023e-08,3.034787972067591e-11,303.5113291716708,295.1556260330213,97270.1623370521,1.8045853829826757,128.28354580425116,-10.0676,829.11,218.46,13.84,2.76,7.33
5610,2026-06-12T00:00:00Z,7.809538195325267e-08,1.1995801570828245e-08,7.019028367432109e-12,299.6778943478591,296.4290253503982,97639.48801410514,3.9246669997062833,128.58083537781764,-10.062,829.11,218.46,13.84,36.95,26.4
5610,2026-06-13T00:00:00Z,4.8795066533585363e-08,2.217663994092258e-08,1.7762306155300774e-11,299.96239138869737,296.551090280444,97917.82174740684,2.242306605858837,103.30265636758308,-10.0571,829.11,218.46,13.84,18.05,24.8
5610,2026-06-14T00:00:00Z,2.3881205446918852e-08,6.443879285255965e-08,1.8579403533802616e-10,299.95247545522835,296.95238966568155,97762.61457659812,0.7578635423496156,238.36658407641224,-10.0527,829.11,218.46,13.84,3.71,1.9049999999999998
5610,2026-06-15T00:00:00Z,1.2196599030217908e-08,3.6264481240142434e-08,1.1385010232259628e-10,300.2053765221421,295.1127598691927,97636.42830770325,0.7822501597523429,277.6375250204582,-10.0489,829.11,218.46,13.84,19.0,10.815
5610,2026-06-16T00:00:00Z,2.6663472806504022e-08,3.4802262158612253e-08,3.032780677858442e-11,299.76155177576777,295.8154562151735,97885.84738780514,2.392951843513085,278.0626880542179,-10.0458,829.11,218.46,13.84,4.65,
5610,2026-06-17T00:00:00Z,8.135505252892227e-09,5.0246323592148815e-08,3.223022151359289e-10,301.5474285666926,295.8568719820952,97814.97720560778,0.5899426774896535,131.15193564700718,-10.0433,829.11,218.46,13.84,3.615,15.9
5610,2026-06-18T00:00:00Z,1.2797517882826252e-08,6.325773900475535e-08,2.89101150473769e-10,301.403716794409,295.3899477353555,97762.45609811744,0.79769198539519,165.03345908646352,-10.0414,829.11,218.46,13.84,6.640000000000001,10.505
5610,2026-06-19T00:00:00Z,1.7712712028297093e-08,4.8512512389905256e-08,1.0774900562874911e-10,302.05464199551915,295.36861965591044,97683.7526548021,0.8781057892422853,281.81181467929514,-10.0401,829.11,218.46,13.84,21.3,17.35
5610,2026-06-20T00:00:00Z,2.7777416207127602e-08,3.0592336472950416e-08,4.929376729389493e-11,301.7364928727235,294.94564140744944,97727.8824981112,1.3662780460206765,275.3592921628937,-10.0394,829.11,218.46,13.84,13.485,30.0
5610,2026-06-21T00:00:00Z,3.1664124866709064e-08,2.2250638720372377e-08,2.955945928849753e-11,301.96846294945345,294.01607331863227,97686.44074443357,1.986349078790092,278.6503041335202,-10.0394,829.11,218.46,13.84,10.015,6.885
5610,2026-06-22T00:00:00Z,2.3127806307728563e-08,2.7536484782192265e-08,6.951456363524801e-11,301.5649990906841,294.4992590088696,97630.02755230192,1.5450006185799467,269.2113463174404,-10.04,829.11,218.46,13.84,21.6,19.4
5610,2026-06-23T00:00:00Z,3.890806416603527e-08,2.4239661719202813e-08,3.7363574525843216e-11,300.6689304610549,293.9016925143207,97595.43325541046,1.6094254606085592,287.3902933236464,-10.0412,829.11,218.46,13.84,7.694999999999999,10.9
5610,2026-06-24T00:00:00Z,1.684088286802915e-08,3.419901245008583e-08,2.7719746258721865e-10,301.55974149518886,294.8848999185543,97481.69755035116,1.1356223279103976,229.99228657200888,-10.043,829.11,218.46,13.84,,
5610,2026-06-25T00:00:00Z,1.3836029999626017e-08,5.21060351494884e-08,2.4374438245517406e-10,302.46982402200047,295.986940493169,97594.62586530532,0.5823454701420908,153.16327400047118,-10.0454,829.11,218.46,13.84,,
5610,2026-06-26T00:00:00Z,1.1282803300843456e-08,5.35641411494714e-08,2.536062180842943e-10,302.7917415499794,297.1675911174856,97700.90533759473,0.7359266366241033,250.8460775354842,-10.0485,829.11,218.46,13.84,8.295,12.05
5610,2026-06-27T00:00:00Z,7.370662537719472e-09,5.591001304836398e-08,4.717199978999882e-10,303.6588638217824,297.94068214977125,97641.1409922824,0.5906633368380015,146.19504892282532,-10.0521,829.11,218.46,13.84,12.15,33.0
5610,2026-06-28T00:00:00Z,7.3331220145255275e-09,4.328504716203063e-08,4.5026349450432237e-10,303.6190347830077,297.7708976195468,97379.45570435132,0.5761581838486262,107.26407498819094,-10.0564,829.11,218.46,13.84,8.475,34.5
5610,2026-06-29T00:00:00Z,3.0713005670707915e-08,3.0392331791707873e-08,1.843154953720308e-10,303.44061005792577,297.6708582916053,97317.2148102911,1.339367208584724,238.7597152503496,-10.0613,829.11,218.46,13.84,,8.38
5610,2026-06-30T00:00:00Z,1.8569399328212122e-08,3.772920446553286e-08,8.224297458436049e-11,304.0995089930573,296.6458467036149,97300.39999992069,1.0816909331773266,168.91079080867752,-10.0668,829.11,218.46,13.84,8.67,11.0
5610,2026-07-01T00:00:00Z,4.9014476082116096e-08,1.7796258838929114e-08,1.19041047959506e-11,302.6076963823283,298.57565635507444,97310.89833810796,3.106234682221966,121.37228755250304,-10.0729,829.11,218.46,13.84,7.1,11.65
5610,2026-07-02T00:00:00Z,5.57139911150568e-08,1.8883437941600703e-08,2.0251286809506952e-11,299.4285690718688,299.05345292020746,97505.97836146818,1.5775994537566564,88.2019889878397,-10.0795,829.11,218.46,13.84,8.99,15.2
5610,2026-07-03T00:00:00Z,5.7094058892138094e-08,1.9768157516906927e-08,1.994562691675241e-11,300.072116099306,299.0347777150517,97465.71523383468,2.667145273801956,112.1290837659669,-10.0868,829.11,218.46,13.84,10.975,6.574999999999999
5610,2026-07-04T00:00:00Z,3.629000678423325e-08,3.2120275184051416e-08,5.6130545348698015e-11,301.2057002570852,298.83932255660625,97396.9513526144,1.430311155201884,79.67074460525751,-10.0946,829.11,218.46,13.84,9.135,7.63
5610,2026-07-05T00:00:00Z,4.3299085142634274e-08,2.6152208782184867e-08,3.684235432977064e-11,300.72972040385844,299.6737618439214,97298.3868709502,1.7144479066326594,116.45761676397213,-10.1031,829.11,218.46,13.84,,0.2
5610,2026-07-06T00:00:00Z,7.709542365814112e-08,1.317102714301799e-08,1.388841659688384e-11,299.73910110233066,298.9858523850459,97356.57995525266,2.365346253377964,92.49553550241215,-10.112,829.11,218.46,13.84,16.8,1.8
5610,2026-07-07T00:00:00Z,2.1581397107807e-08,3.9900611950076166e-08,7.397690039283038e-11,302.0115030355617,299.4883839249472,97259.1176443843,1.2426088844171617,131.0842244670324,13.8784,829.11,218.46,13.84,22.3,2.17
5610,2026-07-08T00:00:00Z,5.698727248351992e-08,1.6740823614257163e-08,1.7687581576554938e-11,301.02618919089895,299.2467902142319,97203.80973353884,2.3514375476125613,108.79616356621293,13.876,829.11,218.46,13.84,20.15,8.59
5610,2026-07-09T00:00:00Z,5.1708321857479294e-08,1.631670242304903e-08,2.4420311387897198e-11,298.9757761730236,298.53840420249674,97183.0416775326,2.8816938940282477,17.350281427939198,13.8655,829.11,218.46,13.84,42.05,15.383999999999997
5610,2026-07-10T00:00:00Z,1.868726261239397e-08,4.6095967610288996e-08,7.361215123111809e-11,298.9054397337454,298.3247877750988,97271.48088469982,0.7104538567724166,196.67678087130903,13.8544,829.11,218.46,13.84,23.5,27.2
5610,2026-07-11T00:00:00Z,2.1398534915507818e-08,3.198267270459873e-08,7.430260590783831e-11,300.63817657055665,298.4749812063589,97178.51738923354,1.3346384787233023,202.83613843475092,13.8428,829.11,218.46,13.84,23.5,22.5
5610,2026-07-12T00:00:00Z,2.5043707667582726e-08,2.296090251038015e-08,1.2794165933061882e-10,301.2558096071682,296.4490362671804,97011.62191970364,1.8676003032386268,244.2046796178972,13.8307,829.11,218.46,13.84,19.2,15.649999999999999
5610,2026-07-13T00:00:00Z,3.167676886285877e-08,1.5167809447887328e-08,5.83599685699805e-11,301.4485284825037,296.38711157793387,97155.9674639269,1.653903504809259,258.4487310990896,13.8181,829.11,218.46,13.84,29.3,4.43
5610,2026-07-14T00:00:00Z,9.465171246436896e-09,3.704053587630516e-08,2.0144125405485515e-10,300.7021370892033,298.3762963317155,97376.8261545542,1.411304356132641,290.4248501984093,13.8049,829.11,218.46,13.84,33.650000000000006,7.45
5610,2026-07-15T00:00:00Z,2.9935156718379455e-08,2.096093522465097e-08,5.557373084275014e-11,299.8005596508719,298.0892657960016,97532.62250091405,1.8935534688269469,268.95843587108214,13.7912,829.11,218.46,13.84,34.7,13.65
5610,2026-07-16T00:00:00Z,1.5097674235414106e-08,3.0174409443009134e-08,2.4554381588887153e-10,302.0660020883823,296.9286744587145,97578.32890059814,1.787880683116449,256.9240711040275,13.7771,829.11,218.46,13.84,21.85,3.98
5610,2026-07-17T00:00:00Z,1.4935847844678662e-08,2.9594035084248373e-08,1.9899128958046747e-10,303.13527512297367,295.99038582411146,97461.58935809492,2.698109344275081,251.20010865303647,13.7624,829.11,218.46,13.84,26.75,12.115
5610,2026-07-18T00:00:00Z,2.8487329413823546e-08,1.9054899263497512e-08,7.644469323278813e-11,302.57303589252246,296.66992055761835,97417.50709807484,3.022803824570887,241.11518084315384,13.7473,829.11,218.46,13.84,20.05,9.674999999999999
5610,2026-07-19T00:00:00Z,3.1548413027031126e-08,1.5594406373059658e-08,4.3646745103466925e-11,303.514828080076,295.0447791952972,97435.02810442713,2.4729617578582554,252.9470747808164,13.7317,829.11,218.46,13.84,,6.925
5610,2026-07-20T00:00:00Z,1.8640029842356445e-08,3.22543263722793e-08,1.1092609576909564e-10,301.9226040327585,299.2545004963709,97445.6378180913,1.5185346323758,120.310948972776,13.7156,829.11,218.46,13.84,,13.7
5610,2026-07-21T00:00:00Z,3.6908261759039786e-08,2.1595200298049242e-08,3.564837388455612e-11,299.2476977761057,298.8921841735477,97597.87039080531,1.6515759440759918,109.7313587619892,13.6991,829.11,218.46,13.84,25.65,
5610,2026-07-22T00:00:00Z,6.060920129225102e-08,1.240951247597753e-08,1.7797123138869598e-11,298.6444246249844,297.6298530024175,97557.08751714358,3.944137913298873,105.68880513052584,13.6821,829.11,218.46,13.84,28.15,9.3
5610,2026-07-23T00:00:00Z,4.654721770394924e-08,1.5675519170049232e-08,2.5113613304823568e-11,299.5417627125516,297.54402620524445,97421.15619660474,2.9681665491133757,100.30847039889618,13.6647,829.11,218.46,13.84,14.9,10.85
5610,2026-07-24T00:00:00Z,5.866109278298983e-08,1.2656048752201171e-08,1.8381449468888156e-11,299.29693318980435,297.8852865670713,97370.43992941364,3.862065421079001,96.94164215699416,13.6469,829.11,218.46,13.84,16.799999999999997,16.8
5610,2026-07-25T00:00:00Z,3.906904970466801e-08,1.7484037694870008e-08,2.7463854182497663e-11,299.38150933886607,298.6678994291338,97451.476984236,3.006185826400517,116.02692736553055,13.6287,829.11,218.46,13.84,19.75,15.05
5610,2026-07-26T00:00:00Z,3.606252588700048e-08,2.2917247350976908e-08,5.0416430182135005e-11,300.1337205264744,299.4431090611994,97589.58388305192,1.5665493819001202,81.58774886307687,13.6101,829.11,218.46,13.84,16.9,15.2
5610,2026-07-27T00:00:00Z,2.103511667822808e-08,4.1354135133572776e-08,1.07173572770074e-10,300.78921989206066,299.6710998304577,97375.38174357198,1.5610654994576545,89.54081977893848,13.5911,829.11,218.46,13.84,11.65,16.1
5610,2026-07-28T00:00:00Z,4.953892266512594e-08,2.0316621967432928e-08,2.4616109159757916e-11,299.98511661747943,299.4349153908209,97279.71241071004,1.802481930089064,103.41013852797204,13.5717,829.11,218.46,13.84,15.0,18.1
5610,2026-07-29T00:00:00Z,3.523080313541118e-08,3.313399748093291e-08,6.941108335777599e-11,299.62234500848683,298.9135062914199,97370.52284552176,1.3408575432233616,92.74352554697109,13.5519,829.11,218.46,13.84,7.055,9.05
5610,2026-07-30T00:00:00Z,2.8912338179409135e-08,3.5227439301416204e-08,4.870257560539215e-11,300.1160898648532,299.67436540775566,97277.47243810775,1.4762358744932924,99.91987014271967,13.5318,829.11,218.46,13.84,5.735,50.5
5610,2026-07-31T00:00:00Z,4.5445508931009015e-08,1.4720187274958805e-08,1.983940827622804e-11,300.6356241388224,298.06837035710936,97417.2741869038,3.721633785177524,102.85663550737276,13.5113,829.11,218.46,13.84,15.7,68.3
5610,2026-08-01T00:00:00Z,4.647634822831089e-08,1.5450872630044642e-08,2.5770308370086573e-11,299.494547979133,298.4920235035303,97390.31730134127,3.3809860569590064,90.13505759878966,13.4905,829.11,218.46,13.84,21.8,17.8
5610,2026-08-02T00:00:00Z,5.430400997985487e-08,1.5782770370731117e-08,2.8441575070828893e-11,299.4665450144965,298.7168980705913,97420.79928392007,2.640755707051744,91.09127318366478,13.4694,829.11,218.46,13.84,12.05,20.585
5610,2026-08-03T00:00:00Z,4.098285386616785e-08,1.9936317801206962e-08,4.33881628618216e-11,299.6128120648692,299.02497199845146,97418.21673667974,1.8597279380267764,109.20314021691134,13.4479,829.11,218.46,13.84,7.475,64.5
5610,2026-08-04T00:00:00Z,3.5954762152760536e-08,2.3075422740534607e-08,4.386559062824567e-11,299.19356285839825,298.7983035200627,97533.29958697937,1.564530183737091,108.12454082578938,13.4261,829.11,218.46,13.84,21.4,32.6
5610,2026-08-05T00:00:00Z,3.329080356087865e-08,3.421297563391387e-08,6.040208560139217e-11,299.0467134537076,298.5816680647969,97397.04142768032,0.6558771818736974,147.25890197598318,13.4041,829.11,218.46,13.84,5.225,40.5
5610,2026-08-06T00:00:00Z,5.2164157518491535e-08,1.8349466962831007e-08,3.616393893436365e-11,298.8416341495452,298.3725760667803,97443.51321454508,1.0729582940062272,153.5646408114002,13.3817,829.11,218.46,13.84,21.0,4.1
5610,2026-08-07T00:00:00Z,3.2529236857345516e-08,2.5957380646181736e-08,8.974276022402775e-11,299.083601355132,298.3234918103255,97412.64423221006,1.7562641499180611,51.44068643721095,13.359,829.11,218.46,13.84,6.795,6.84
5610,2026-08-08T00:00:00Z,5.370671424782974e-08,1.6383840653278464e-08,6.181970163881386e-11,298.2295670286718,297.91460074133306,97456.66305565022,1.383871547505352,37.15533923547644,13.3361,829.11,218.46,13.84,8.415,7.296666666666667
5610,2026-08-09T00:00:00Z,5.94568462677359e-08,1.5163959860096216e-08,2.6660275537418916e-11,299.23043220340014,298.5619784596229,97650.09918783828,2.3466504454974526,95.614105565158,13.3129,829.11,218.46,13.84,79.385,
5610,2026-08-10T00:00:00Z,3.778880087765325e-08,3.0263390335134505e-08,7.469760753640062e-11,299.9623739140488,299.3595542549113,97549.1575297824,1.2124651017153545,124.82686414693426,13.2895,829.11,218.46,13.84,,15.5
5610,2026-08-11T00:00:00Z,4.1453705154574815e-08,2.1125941693012362e-08,3.8612645310637816e-11,299.8253038634016,298.851067821115,97524.30770411462,2.304109711463923,113.93472961393232,13.2658,829.11,218.46,13.84,29.3,17.45
5610,2026-08-12T00:00:00Z,4.219990867863814e-09,6.857608775952841e-08,2.9953136866861145e-10,299.6938830496738,299.5365437732853,97645.36494786422,0.4843632508988775,8.029143655353788,13.2418,829.11,218.46,13.84,25.85,17.933
5610,2026-08-13T00:00:00Z,1.4377372971547336e-08,5.97576451988632e-08,4.6227490537021164e-10,300.6265134442612,299.88637508321347,97655.3784280131,1.6407433607654884,269.6492595847278,13.2177,829.11,218.46,13.84,33.4,10.115
5610,2026-08-14T00:00:00Z,2.1296833887875346e-08,4.027294092794903e-08,1.1968721566627002e-10,300.72565305006617,299.4128832845012,97534.04700056554,1.0994908931828322,112.14959518647667,13.1933,829.11,218.46,13.84,25.85,2.48
5610,2026-08-15T00:00:00Z,5.662401074387457e-09,6.250608710926909e-08,2.565330091510533e-10,299.9774044024212,299.36036898431104,97649.47789970967,0.4399893661804296,177.50167722018398,13.1687,829.11,218.46,13.84,25.15,1.22
5610,2026-08-16T00:00:00Z,2.3717900725745385e-08,2.7482490028564788e-08,1.0748953502221438e-10,299.5010612642607,299.13215578890697,97545.7485694004,1.148269326185843,218.8462613412557,13.1438,829.11,218.46,13.84,37.55,30.9
5610,2026-08-17T00:00:00Z,2.0962971166052198e-08,2.7459496070099776e-08,1.0284171131615727e-10,299.45138430414295,298.6539792858722,97529.4360946932,1.453477783270184,247.1151576431305,13.1188,829.11,218.46,13.84,43.2,
5610,2026-08-18T00:00:00Z,2.779423341414897e-08,2.788972463126985e-08,6.549638657543622e-11,298.9019782173121,298.55600056493745,97717.62971869338,1.2755769727167146,152.2665586460385,13.0936,829.11,218.46,13.84,43.95,32.5
5610,2026-08-19T00:00:00Z,2.4323775547094383e-08,3.5385166044685834e-08,1.0846800093119356e-10,299.17514125986924,298.7310413402918,97736.00633729888,0.5922450645248349,113.1789254051707,13.0682,829.11,218.46,13.84,8.95,
5610,2026-08-20T00:00:00Z,5.0850645049098224e-08,2.4254019857364638e-08,4.2632034251734626e-11,299.0087701652035,298.61765375841605,97747.92083974226,0.8238952401133055,95.5341727194506,13.0427,829.11,218.46,13.84,24.6,10.8
5610,2026-08-21T00:00:00Z,6.3643084928003364e-09,7.136545462508318e-08,4.799614470140501e-10,300.12696205045,299.45498114101144,97680.62092411405,0.7371436887168153,268.63393974742644,13.0169,829.11,218.46,13.84,27.95,19.085
5610,2026-08-22T00:00:00Z,3.41159097851967e-08,2.771209866571488e-08,5.66823858555764e-11,298.8599768394721,298.52680181012687,97717.13065692104,1.5764752735689156,223.4490783544969,12.991,829.11,218.46,13.84,45.95,92.4
5610,2026-08-23T00:00:00Z,3.0776522688877495e-08,3.5729899776006866e-08,5.7098017306886994e-11,298.97317533442725,298.493428398766,97752.50913233108,0.8890728467326328,80.88809108292634,12.9649,829.11,218.46,13.84,36.35,5.13
5610,2026-08-24T00:00:00Z,3.6255655099179633e-08,2.85860088597986e-08,4.7694285442488046e-11,299.0649717541021,298.7837153766634,97798.5412555678,1.4169224199578432,143.31721342671537,12.9387,829.11,218.46,13.84,,4.13
5610,2026-08-25T00:00:00Z,2.994009173647276e-08,3.355932111962729e-08,6.559067590961651e-11,299.58852209489044,298.9743481116936,97767.58103857464,1.2340117020781012,137.7074714271975,12.9124,829.11,218.46,13.84,26.4,3.3
5610,2026-08-26T00:00:00Z,1.81763893008368e-08,6.74602253352516e-08,2.0846263515684919e-10,300.4994596439941,299.2254800065037,97697.71387679828,1.4535054140811374,132.21557226965993,12.8859,829.11,218.46,13.84,25.4,5.5
5610,2026-08-27T00:00:00Z,1.3682372445659749e-08,4.973129453928825e-08,1.3244664224655328e-10,300.7655322228132,299.424384442293,97576.81581956556,0.7830306381853532,172.0781045945905,12.8593,829.11,218.46,13.84,27.65,22.9
5610,2026-08-28T00:00:00Z,1.5897417812107728e-08,3.849594654868098e-08,1.210364896520577e-10,300.3002759724849,297.87662915803713,97563.60835884511,2.367000159292441,267.6913762264146,12.8325,829.11,218.46,13.84,,
5610,2026-08-29T00:00:00Z,3.2355018392719745e-08,1.5691995358885303e-08,3.281411597979618e-11,300.0497267828051,295.4312142540973,97576.64803182484,2.761255697934593,261.02552357943915,12.8056,829.11,218.46,13.84,25.2,9.58
5610,2026-08-30T00:00:00Z,3.6849838097731956e-08,1.252398941342483e-08,2.5884394834947e-11,300.3146123517887,295.12527728680385,97545.44932584131,2.796104982848742,262.43924146800595,12.7786,829.11,218.46,13.84,,
5610,2026-08-31T00:00:00Z,3.4758285002856825e-08,1.0448813837731409e-08,2.587442301514228e-11,300.2016019217446,294.4490285249853,97659.63656781822,2.7700876360138937,268.7562508377467,12.7516,829.11,218.46,13.84,40.4,13.3
5610,2026-09-01T00:00:00Z,1.919478925902433e-08,3.195562731961318e-08,2.902554787341069e-10,300.0220439108879,295.3790210901452,97730.30216906498,1.847218632927118,272.2099248458212,12.7244,829.11,218.46,13.84,40.05,13.2
5610,2026-09-02T00:00:00Z,3.739604564975805e-08,2.3997010643243454e-08,3.2046280916038364e-11,299.09536931813744,298.28610835735185,97916.79173094982,1.1507041111253042,109.62552723177711,12.6971,829.11,218.46,13.84,28.950000000000003,10.4
5610,2026-09-03T00:00:00Z,3.568970593135272e-08,2.651971477618851e-08,3.0473855839793354e-11,298.7081826443065,298.00638935841084,97834.24841556174,0.6634646911215711,164.48981663598153,12.6697,829.11,218.46,13.84,26.4,16.95
5610,2026-09-04T00:00:00Z,2.385087664499979e-08,3.567272214637583e-08,5.529112909632912e-11,299.5286895167976,298.5084459012636,97828.66461528864,0.8344078833552847,86.8731429763825,12.6422,829.11,218.46,13.84,,
5610,2026-09-05T00:00:00Z,3.654185927322043e-08,2.424630838301087e-08,2.3767556015365168e-11,299.5248857707118,298.3142918039157,98018.46492619358,1.7341313095094246,50.90263188387362,12.6146,829.11,218.46,13.84,,
5610,2026-09-06T00:00:00Z,7.100157291687439e-09,5.524251429894709e-08,2.176225478325028e-10,298.3235727409898,297.83938486631814,98027.11859155816,0.9792874141481456,43.04125030051237,12.587,829.11,218.46,13.84,,
407,2026-06-07T00:00:00Z,5.5367011624613096e-08,7.287809797937987e-09,1.0090340830053912e-11,296.92383835397214,295.14622361984647,94337.21170426472,3.6285229838712487,260.6807807459657,13.1266,267.18,550.04,33.31,23.9,
407,2026-06-08T00:00:00Z,4.9517183902298394e-08,8.560829263858298e-09,1.636327997376873e-11,297.15951958644825,295.7786507298789,94352.32108258978,3.623623741906577,274.0176633843059,13.1313,267.18,550.04,33.31,23.85,
407,2026-06-09T00:00:00Z,3.800079538093164e-08,9.309141458922606e-09,7.447102436898999e-12,298.3881624574926,293.23018059704566,94274.83411334328,4.907532971487107,265.38690029038423,13.1357,267.18,550.04,33.31,23.85,
407,2026-06-10T00:00:00Z,3.507350794665126e-08,8.379732563507627e-09,9.125659984649469e-12,297.2672910249147,295.63259248104026,94254.7953732469,5.082097573536412,263.7862455535843,13.1397,267.18,550.04,33.31,,
407,2026-06-11T00:00:00Z,3.2948257121497973e-08,7.344263159389218e-09,9.391976396816123e-12,298.4959564378363,294.442953432196,94212.65224015404,5.278549579751504,269.5907674726605,13.1434,267.18,550.04,33.31,,
407,2026-06-12T00:00:00Z,3.4556776629676145e-08,9.881911596411413e-09,7.747825341666799e-12,299.39777911983174,293.69988436158513,94238.64749464276,4.694995329774881,252.8418956396977,13.1468,267.18,550.04,33.31,24.0,
407,2026-06-13T00:00:00Z,3.4029474694946235e-08,1.0329032833009784e-08,7.0722003686743575e-12,298.984633243985,294.33554377518817,94382.10826053943,5.106744425291516,245.53783969262128,13.1498,267.18,550.04,33.31,,
407,2026-06-14T00:00:00Z,4.668024995049041e-08,7.2797486140113425e-09,7.427773250344014e-12,300.1972877703886,293.06749933578226,94355.68066475386,4.839610264143233,285.0929725862158,13.1525,267.18,550.04,33.31,23.35,
407,2026-06-15T00:00:00Z,4.248042882909471e-08,9.212958259984876e-09,1.0004406813581312e-11,299.4612657461481,290.73350252237265,94299.835638993,4.498760985015658,303.4814862430404,13.1548,267.18,550.04,33.31,24.85,
407,2026-06-16T00:00:00Z,3.886799035206762e-08,2.0209183520353983e-08,2.8198210415028125e-11,298.91190718271173,292.82741417134594,94335.92527542837,2.320662303703397,282.588377718703,13.1567,267.18,550.04,33.31,24.0,
407,2026-06-17T00:00:00Z,1.5719366261194263e-08,4.3142703363564076e-08,1.5215936831921824e-10,298.45930324319414,292.50267813671366,94391.99053990708,1.7190771537713667,256.151921534208,13.1583,267.18,550.04,33.31,23.8,
407,2026-06-18T00:00:00Z,4.641302154858007e-08,1.0413426166726624e-08,7.076048860250612e-12,299.82719795825545,290.5803444765646,94421.8551624392,4.547917561946927,286.13088793871265,13.1596,267.18,550.04,33.31,,
407,2026-06-19T00:00:00Z,6.397043909229525e-08,8.741920675811918e-09,6.987088089151894e-12,298.66188965674456,293.31034319112405,94348.394965243,4.49243655140648,222.1417522166298,13.1605,267.18,550.04,33.31,,
407,2026-06-20T00:00:00Z,4.756860670533931e-08,1.4135660900798206e-08,9.836856088989032e-12,299.42961110205874,291.22166528499235,94410.46431122132,3.442161729402223,248.3541527486825,13.1611,267.18,550.04,33.31,23.65,
407,2026-06-21T00:00:00Z,5.51267719581592e-08,9.710835369823416e-09,1.9294915314703707e-11,296.7357940659495,295.78481200552693,94429.10222277512,1.4837175312242337,262.0867643356373,13.1613,267.18,550.04,33.31,22.9,
407,2026-06-22T00:00:00Z,3.8542249317174325e-08,8.194597538310361e-09,7.093834841884426e-12,297.2462614424355,294.7869418936141,94446.91093502556,3.818972478540736,253.15706224815276,13.1611,267.18,550.04,33.31,,
407,2026-06-23T00:00:00Z,3.6638408064916345e-08,8.173074605229228e-09,8.828321323569449e-12,296.74957734917405,295.1334765764906,94370.27052472912,4.0261995572209,258.6029712275448,13.1606,267.18,550.04,33.31,23.65,
407,2026-06-24T00:00:00Z,2.7152620491950383e-08,6.943615066341983e-09,8.782451972499907e-12,297.4893313744436,293.8783473116931,94186.25929104336,4.682737446192882,252.181960825444,13.1597,267.18,550.04,33.31,,
407,2026-06-25T00:00:00Z,3.2047584101322945e-08,7.70975644267768e-09,8.018195374575393e-12,296.8835007917826,294.1590573353073,94277.0690801614,4.689647080417533,268.7763253925577,13.1585,267.18,550.04,33.31,,
407,2026-06-26T00:00:00Z,4.5542079992704126e-08,8.039768856480804e-09,8.143195003514314e-12,296.87176181668565,295.39729686746983,94238.84636963277,3.862811276749866,283.8070035088103,13.1569,267.18,550.04,33.31,23.35,
407,2026-06-27T00:00:00Z,5.0993994995536846e-08,7.662800907897866e-09,9.506606784884697e-12,296.67335295686263,295.80162756508054,94248.94021107546,2.972569438482654,275.8222803433092,13.155,267.18,550.04,33.31,22.8,
407,2026-06-28T00:00:00Z,4.2164015471844714e-08,8.953477180866671e-09,9.303207411368487e-12,296.71437381265315,296.177092662727,94173.95367130768,3.4443221586552824,261.133244575669,13.1527,267.18,550.04,33.31,23.25,
407,2026-06-29T00:00:00Z,2.7990237993732893e-08,9.946317798219096e-09,1.4799185451774987e-11,296.5776645010058,295.9229090972724,94098.03536459326,2.8201574715860978,255.44780795295452,13.1501,267.18,550.04,33.31,23.9,
407,2026-06-30T00:00:00Z,2.9286241582597522e-08,7.019049888522324e-09,7.746047009498866e-12,296.8010902055602,294.37188793478134,94198.47368111496,5.130626166967943,266.22470254274924,13.1471,267.18,550.04,33.31,23.05,
407,2026-07-01T00:00:00Z,2.9071151110563973e-08,5.898142147338455e-09,7.28450406863932e-12,297.45778123723943,294.38237334445654,94086.85587778989,5.880242081421992,261.8292033948296,13.1438,267.18,550.04,33.31,23.950000000000003,
407,2026-07-02T00:00:00Z,2.9173735912500063e-08,6.058141201868356e-09,9.775502291012116e-12,295.7665351632784,294.9312178748072,94087.66132003292,6.255509428907786,266.93788922855924,13.1402,267.18,550.04,33.31,23.5,
407,2026-07-03T00:00:00Z,3.1282342579087096e-08,5.194545871597066e-09,7.538020072974253e-12,296.9861459572598,293.870687790217,94119.94557538624,6.456883792429103,263.2382686702385,13.1362,267.18,550.04,33.31,23.95,
407,2026-07-04T00:00:00Z,3.20317857113887e-08,4.0814197151965834e-09,8.407289741748112e-12,296.8119412026669,294.39220985835385,93915.87402144352,7.7974120880807325,265.5158139769721,13.1318,267.18,550.04,33.31,24.3,
407,2026-07-05T00:00:00Z,3.441733337617074e-08,3.2830536026252993e-09,6.300057755497508e-12,295.4642395192452,294.21852726677474,93874.5613949292,8.269890192028917,254.6465401134767,13.1272,267.18,550.04,33.31,,
407,2026-07-06T00:00:00Z,3.60776490464029e-08,3.5150123799018076e-09,5.707686526537463e-12,297.19624318839607,293.8905075730193,93931.48082337536,7.459391782886769,249.56530375636515,13.1222,267.18,550.04,33.31,,
407,2026-07-07T00:00:00Z,3.5914872244249395e-08,3.853689229681933e-09,5.413183965425585e-12,297.5580700833958,293.66061049014723,93882.14091277512,7.857193306098373,238.5790059079229,13.1169,267.18,550.04,33.31,,
407,2026-07-08T00:00:00Z,3.0068833874761907e-08,4.749895835994485e-09,6.821911509487112e-12,297.62859204955765,293.94083638953293,94029.13680887187,6.4446046405195325,242.67891435912384,13.1113,267.18,550.04,33.31,,
407,2026-07-09T00:00:00Z,2.4214163733702414e-08,6.204130722185793e-09,1.5496439276406387e-11,297.3075028479017,294.5200142880035,94167.99150807894,5.424388978469986,255.8326850066533,13.1053,267.18,550.04,33.31,23.45,
407,2026-07-10T00:00:00Z,2.611873966023362e-08,6.5519468737081306e-09,7.595477890761634e-12,297.7155767800903,293.8460834419644,94334.70309275771,4.822325196898904,267.7537685014938,13.0991,267.18,550.04,33.31,23.1,
407,2026-07-11T00:00:00Z,2.6974764538333853e-08,5.8337943653090494e-09,8.24570812755773e-12,297.50597136081063,293.5422490994938,94333.0330863719,5.068591183410871,267.15639407556495,13.0925,267.18,550.04,33.31,23.05,
407,2026-07-12T00:00:00Z,2.8889561644025545e-08,5.720001169748951e-09,5.861280223431589e-12,297.52550900110714,293.19900665226584,94177.77803956116,5.511537625670899,263.734382671388,13.0856,267.18,550.04,33.31,,
407,2026-07-13T00:00:00Z,2.7461673805529084e-08,5.181494301152998e-09,1.4988896470093677e-11,296.93425323048143,293.27569719565514,94186.11806423258,4.943999517648686,269.06734131034506,13.0785,267.18,550.04,33.31,,
407,2026-07-14T00:00:00Z,3.465234881005955e-08,5.5890098905082475e-09,5.3265678648022415e-12,296.8735774289356,292.0214605362501,94281.01155822216,5.332683943004326,286.16079997463794,13.071,267.18,550.04,33.31,,
407,2026-07-15T00:00:00Z,3.658906871661507e-08,7.607307624196635e-09,4.918711996937602e-12,297.4684983010843,292.36951222923057,94364.87531021828,4.882624456675694,279.8852158108064,13.0632,267.18,550.04,33.31,,
407,2026-07-16T00:00:00Z,3.714004334616951e-08,6.550198258896459e-09,4.0955175885390626e-12,297.207971589258,293.47259338189474,94378.3626201614,4.969182321083897,273.77521850372386,13.0552,267.18,550.04,33.31,3.665,
407,2026-07-17T00:00:00Z,3.3130056680401136e-08,6.890709159781299e-09,4.322819869026053e-12,297.77812119784363,293.955482949264,94341.13592147562,4.885514548690229,268.36660414549,13.0469,267.18,550.04,33.31,4.64,
407,2026-07-18T00:00:00Z,2.7763545507098555e-08,8.213013345688499e-09,5.537929476576324e-12,296.17808576858704,294.97098833664904,94301.81329861496,4.816927222449971,270.549409776408,13.0383,267.18,550.04,33.31,4.23,
407,2026-07-19T00:00:00Z,2.334438377187324e-08,8.290280673208226e-09,7.151471562608529e-12,295.80544214263045,294.8836906433984,94273.60687739708,4.564119678083895,265.53911118274675,13.0294,267.18,550.04,33.31,4.390000000000001,
407,2026-07-20T00:00:00Z,2.5729522625892424e-08,5.524825596247916e-09,1.3972121492290707e-11,296.0122977288769,293.897616659416,94306.1566808259,5.040243406825963,266.68861438087583,13.0203,267.18,550.04,33.31,,
407,2026-07-21T00:00:00Z,2.7265827129275117e-08,5.4357838958447265e-09,8.519761263265377e-12,296.3776238167327,293.54983327984,94332.71260920784,5.41388116162729,267.4437087939324,13.0109,267.18,550.04,33.31,4.25,
407,2026-07-22T00:00:00Z,2.5548662831580748e-08,5.361681045943346e-09,9.539400977866251e-12,296.42985511791335,293.6298407649856,94280.2187968758,5.6054106352804025,254.38880792573005,13.0013,267.18,550.04,33.31,4.04,
407,2026-07-23T00:00:00Z,2.735311835543493e-08,5.761924671218042e-09,6.052267682075213e-12,295.54632226259565,292.8222668899402,94251.69260545784,5.740859934625196,243.2394195324783,12.9914,267.18,550.04,33.31,3.7,
407,2026-07-24T00:00:00Z,3.815037938498818e-08,4.4450450156532405e-09,3.4484838305424567e-12,295.9038755500494,290.6832151606829,94229.73226095432,5.954126479807441,246.45690627427905,12.9813,267.18,550.04,33.31,4.35,
407,2026-07-25T00:00:00Z,2.387061841173272e-08,5.010805840540727e-09,2.1793602034074308e-11,295.81905212755,292.1142579916395,94218.34497371867,5.199939340974547,261.16428350802084,12.971,267.18,550.04,33.31,3.565,
407,2026-07-26T00:00:00Z,2.541010641955485e-08,4.951087586028806e-09,1.2452249251312967e-11,296.41650581856493,293.59778084862205,94194.15897969698,5.4413861808929145,263.4538995974423,12.9604,267.18,550.04,33.31,3.78,
407,2026-07-27T00:00:00Z,2.79019292432928e-08,5.034996366167813e-09,1.5124740614384388e-11,296.8917236544197,293.84902751756056,94150.10044950429,5.350558645334166,269.3702318859945,12.9496,267.18,550.04,33.31,4.19,
407,2026-07-28T00:00:00Z,2.7995933469448625e-08,6.243536997859831e-09,6.607031827071258e-12,296.2649530135403,294.3952587478593,94048.73405374344,5.311556120498511,260.63931923192683,12.9385,267.18,550.04,33.31,3.89,
407,2026-07-29T00:00:00Z,2.663589090189832e-08,5.526012421765925e-09,1.225188575172674e-11,295.9184302050748,294.9265264019163,93939.68707710064,6.041024291807373,265.5810953309225,12.9273,267.18,550.04,33.31,4.24,
407,2026-07-30T00:00:00Z,3.0260044728537923e-08,4.777294444205681e-09,1.1587045396764329e-11,295.6830953577269,294.85214861904507,93677.7441205221,6.6929925693623264,264.4968191585259,12.9158,267.18,550.04,33.31,3.98,
407,2026-07-31T00:00:00Z,3.0783659759551054e-08,4.499850866718478e-09,1.1257862966891444e-11,295.6777423526037,294.50353447335834,93638.0058294648,6.479944714485824,250.01946737877935,12.9042,267.18,550.04,33.31,4.05,
407,2026-08-01T00:00:00Z,2.4054457705739396e-08,5.762696000147484e-09,1.665789468620296e-11,296.574773692274,293.9758303981703,93908.7168655468,5.213894538105045,247.96222861458097,12.8923,267.18,550.04,33.31,4.115,
407,2026-08-02T00:00:00Z,2.64116334134232e-08,5.4322508174334245e-09,9.723249279301931e-12,296.48737510825816,293.6783243221166,94195.95383778989,5.12443196901389,263.0077814072312,12.8803,267.18,550.04,33.31,4.015000000000001,
407,2026-08-03T00:00:00Z,2.6750337986997862e-08,5.627113865589246e-09,1.4458849034629763e-11,296.65384124099864,294.1323324509196,94208.63601683632,5.04167535972363,269.813330495901,12.8681,267.18,550.04,33.31,4.49,
407,2026-08-04T00:00:00Z,2.8134865067707916e-08,6.784803635992455e-09,9.608332581859039e-12,296.33080157638466,295.4571679109801,94304.18685322214,4.859112988917979,272.6408511255787,12.8557,267.18,550.04,33.31,4.155,
407,2026-08-05T00:00:00Z,3.1399419108282495e-08,6.901225190277527e-09,6.061448971828537e-12,296.1576770481381,295.3028228081614,94192.41670956853,4.74439671328997,269.3714773734561,12.8431,267.18,550.04,33.31,4.215,
407,2026-08-06T00:00:00Z,2.4079562190700777e-08,7.845647857184848e-09,7.713611254989869e-12,296.0261486430617,294.7505967199053,94116.70801880768,4.98231086430207,267.5305082824955,12.8303,267.18,550.04,33.31,4.515000000000001,
407,2026-08-07T00:00:00Z,2.7605189851487912e-08,5.844483944302068e-09,9.962128886851235e-12,296.0892321452194,294.70884404521547,94095.07551220436,5.836428524449554,278.80078825962283,12.8174,267.18,550.04,33.31,4.525,
407,2026-08-08T00:00:00Z,2.6960140308743552e-08,6.814527205360933e-09,7.517974383236408e-12,295.65222711493215,294.59872262885534,94081.1193307864,5.046881056146601,274.61416186130486,12.8043,267.18,550.04,33.31,4.29,
407,2026-08-09T00:00:00Z,2.766315496479168e-08,6.889552344645869e-09,6.651470331451088e-12,296.5652356065416,294.26046419552904,94203.44604186842,5.169750849886193,274.60323760985057,12.7911,267.18,550.04,33.31,4.115,
407,2026-08-10T00:00:00Z,2.8139872149287696e-08,6.746824513729638e-09,1.0259830474332154e-11,296.88816646169766,293.9953535021034,94181.68762508978,4.50890851201608,268.5374131912201,12.7777,267.18,550.04,33.31,,
407,2026-08-11T00:00:00Z,2.4407664020464632e-08,7.934644204835943e-09,6.449445252160099e-12,296.08065442013026,294.0774295858183,94096.03655262192,4.715742877970495,260.7848339329826,12.7642,267.18,550.04,33.31,4.23,
407,2026-08-12T00:00:00Z,2.713981810743628e-08,6.1890535811909375e-09,8.47022031191631e-12,296.1081830851093,294.38275852185853,94208.22169292573,5.066498270402167,266.587119713419,12.7506,267.18,550.04,33.31,4.155,
407,2026-08-13T00:00:00Z,2.4031304512064735e-08,7.759130327742229e-09,8.971269900783392e-12,296.3567730739883,294.6133517107012,94379.33205746132,4.881274737092174,267.53311495671505,12.7368,267.18,550.04,33.31,4.1,
407,2026-08-14T00:00:00Z,2.5271345054711204e-08,6.666429919818465e-09,7.093151857706374e-12,296.3049686541066,293.3415851265597,94365.83933355071,4.943886768902923,269.74621916297275,12.7228,267.18,550.04,33.31,4.24,
407,2026-08-15T00:00:00Z,2.8637168291762677e-08,6.1839293906521965e-09,5.26869429516028e-12,296.7442994369177,293.6102569697831,94340.2453785186,5.307587573067804,270.3075994624091,12.7088,267.18,550.04,33.31,4.34,
407,2026-08-16T00:00:00Z,2.7827255386203372e-08,6.220067879315434e-09,6.4593292960944975e-12,295.9968704429751,293.9629744526046,94318.62120512928,5.177001657794528,274.5149698549785,12.6946,267.18,550.04,33.31,3.84,
407,2026-08-17T00:00:00Z,2.8706896729894164e-08,5.208888276384515e-09,1.34681195317207e-11,296.3796709355313,293.5311806933714,94415.13052105073,4.911562939813924,266.3364272156742,12.6803,267.18,550.04,33.31,4.2,
407,2026-08-18T00:00:00Z,2.3198734482124976e-08,8.367088894260659e-09,7.715132066555997e-12,296.232706839388,293.6406092639167,94565.8262558901,3.880260563323798,269.38797540328,12.6659,267.18,550.04,33.31,4.33,
407,2026-08-19T00:00:00Z,2.240948599982841e-08,7.029523537432233e-09,9.505916050549632e-12,296.6141382387468,294.3934072072132,94416.77612256505,5.255045226327869,275.20962950780574,12.6514,267.18,550.04,33.31,4.815,
407,2026-08-20T00:00:00Z,2.9947910733281944e-08,6.8628574691379725e-09,4.1481083332638025e-12,296.7655366771133,293.8088416009569,94413.39184342224,4.781066313430628,281.7027890977061,12.6368,267.18,550.04,33.31,,
407,2026-08-21T00:00:00Z,3.303790843287609e-08,7.090827529487624e-09,3.749565513347237e-12,296.7128588714211,293.2999367835786,94351.60606223647,4.885405104099116,289.11342135019606,12.6221,267.18,550.04,33.31,4.390000000000001,
407,2026-08-22T00:00:00Z,2.7029570435790573e-08,6.592153981260094e-09,5.839508257781975e-12,296.5276122549875,293.60199259569094,94346.3448320364,5.153833957119516,273.89122178672005,12.6073,267.18,550.04,33.31,4.54,
407,2026-08-23T00:00:00Z,2.8281248825363482e-08,7.338997307054346e-09,4.747615151775866e-12,296.8619169800017,294.1977936281495,94299.01663048996,4.938016741890232,269.0991216969172,12.5924,267.18,550.04,33.31,3.74,
407,2026-08-24T00:00:00Z,2.9540060629425396e-08,5.232136220274693e-09,1.7600284820442605e-11,296.08376678218417,295.12217244595854,94338.47792104336,5.206301278624809,279.6816197830012,12.5774,267.18,550.04,33.31,4.315,
407,2026-08-25T00:00:00Z,2.9747230832887377e-08,6.9383144424352074e-09,7.412814232843855e-12,296.7675549987559,294.4551750818933,94325.8400318363,4.84676372388903,272.1610225802979,12.5623,267.18,550.04,33.31,4.365,
407,2026-08-26T00:00:00Z,2.7505368717469423e-08,6.775119302087515e-09,4.600429365644329e-12,296.0344720547496,294.17434620569185,94402.19432673996,5.273085400922487,267.45095203276423,12.5472,267.18,550.04,33.31,4.09,
407,2026-08-27T00:00:00Z,2.9330815509253523e-08,6.662098517752727e-09,5.067156881356818e-12,296.5470962909364,293.40919110070416,94396.72443960064,5.044110656049323,274.4790395572567,12.5319,267.18,550.04,33.31,4.315,
407,2026-08-28T00:00:00Z,2.5723594610070053e-08,6.772899203997827e-09,5.225608636547505e-12,295.9837477247947,292.8783080058793,94379.6807414114,4.851657173550185,270.06422129393707,12.5166,267.18,550.04,33.31,,
407,2026-08-29T00:00:00Z,2.5557882492318963e-08,5.831898641402259e-09,1.0153134916727113e-11,296.3810832709601,293.5600318768439,94373.00404506504,5.640952429804592,274.30867979492245,12.5013,267.18,550.04,33.31,4.05,
407,2026-08-30T00:00:00Z,2.4982657313689655e-08,5.843081862949131e-09,8.589834038036958e-12,296.1525309697836,293.3702410013572,94327.6704131258,5.398260312908733,276.39788379032814,12.4858,267.18,550.04,33.31,,
407,2026-08-31T00:00:00Z,2.989813641711459e-08,5.022380397518595e-09,6.859097633510464e-12,296.5904738574529,293.19767226287246,94430.2947500008,5.486170493967533,281.1491472684165,12.4703,267.18,550.04,33.31,4.29,
407,2026-09-01T00:00:00Z,2.8738455647853198e-08,8.435162450167773e-09,4.470891787942794e-12,296.6982647693717,293.3025913843096,94412.5459132864,3.8921868664273735,282.12807635068987,12.4548,267.18,550.04,33.31,4.255,
407,2026-09-02T00:00:00Z,3.151689008819205e-08,8.492816837846653e-09,4.4746750604638946e-12,296.92714174985656,293.5585142291363,94498.96100460064,3.908757440871794,273.4750893237875,12.4391,267.18,550.04,33.31,4.59,
407,2026-09-03T00:00:00Z,2.990464155777391e-08,7.925157682976984e-09,1.0653143187465104e-11,296.1085150381778,294.89243879588804,94463.26880888666,3.5804170490894176,262.73200224120626,12.4235,267.18,550.04,33.31,4.155,
407,2026-09-04T00:00:00Z,2.1271145379689257e-08,1.0592370743793746e-08,7.642460422508165e-12,296.3054852285582,294.08308415495634,94443.06964736496,3.060486902917512,260.4383374652664,12.4077,267.18,550.04,33.31,,
407,2026-09-05T00:00:00Z,2.4659016163273228e-08,1.3881721799114264e-08,9.094645914767253e-12,296.17374229355187,293.7833108755405,94612.24748647564,2.502898555363365,264.616856300181,12.392,267.18,550.04,33.31,,
407,2026-09-06T00:00:00Z,3.515370102743151e-08,9.0074951686065e-09,5.232144594415158e-12,296.4106696692596,294.29456870390004,94650.29127888664,2.44437854927071,273.8635158806138,12.3762,267.18,550.04,33.31,,
2586,2026-06-07T00:00:00Z,2.4224644651794277e-08,1.5450960864348072e-08,1.6839839992569234e-11,302.4315093490524,296.8321275912886,100373.24734410986,4.113331634881822,235.3582559788926,12.8703,5.19,8.59,9.05,22.4,
2586,2026-06-08T00:00:00Z,2.8359410883890968e-08,1.2770236678926557e-08,1.412506888956737e-11,301.88782709925755,297.2571023395406,100402.26250471988,4.033848004845249,241.38197984082004,12.8739,5.19,8.59,9.05,22.35,
2586,2026-06-09T00:00:00Z,2.8624191632366244e-08,1.0644908374034676e-08,1.0148203031241214e-11,303.3041691221384,295.012107571977,100398.58662568986,5.290125493194945,255.06312574290305,12.8772,5.19,8.59,9.05,21.95,
2586,2026-06-10T00:00:00Z,3.0866342418729185e-08,9.239491706063008e-09,8.534280210947143e-12,303.5936804520408,294.45209953541945,100364.68377830986,5.553106650082023,250.7345855510188,12.8802,5.19,8.59,9.05,22.05,
2586,2026-06-11T00:00:00Z,2.6293436882569916e-08,1.4485435699699357e-08,2.105746422253153e-11,300.2838845921773,298.14481853132304,100315.91724477986,4.653819583587065,234.04974670649483,12.883,5.19,8.59,9.05,22.3,
2586,2026-06-12T00:00:00Z,3.069897436796277e-08,1.3144279844142874e-08,1.3021723509679565e-11,300.9704526341598,297.8358755299754,100408.79429416984,4.380178175410325,231.8986211151484,12.8855,5.19,8.59,9.05,22.15,
2586,2026-06-13T00:00:00Z,3.4864945643343944e-08,1.2090334090601437e-08,9.970228287185823e-12,300.77952559837854,297.12763682710914,100504.55469151984,5.345600963696218,238.9350000422441,12.8878,5.19,8.59,9.05,7.685,
2586,2026-06-14T00:00:00Z,3.5516227418708425e-08,1.3019587703607225e-08,1.5534018885615627e-11,300.66736805333954,297.6589811231296,100459.32180154984,4.2102428318678005,245.8906362024244,12.8898,5.19,8.59,9.05,7.705,
2586,2026-06-15T00:00:00Z,3.0783787408833225e-08,1.2738072103025537e-08,1.8018049672034094e-11,301.2227839212692,296.8450225874995,100339.68157297988,4.457093988665371,229.66432252511768,12.8915,5.19,8.59,9.05,7.88,
2586,2026-06-16T00:00:00Z,4.55279583598189e-08,1.3568792669287828e-08,9.78817094518716e-12,301.7990784705173,296.9074265932512,100314.00597455986,4.931174098199646,222.3539675991112,12.893,5.19,8.59,9.05,7.775,
2586,2026-06-17T00:00:00Z,4.935192102437688e-08,1.28349576663812e-08,7.597316255431972e-12,302.12141753749,298.168229391728,100396.16273973984,5.156572366053292,208.86891254887888,12.8942,5.19,8.59,9.05,7.525,
2586,2026-06-18T00:00:00Z,4.772513592640889e-08,1.2104292700635253e-08,8.969252937167342e-12,302.5212949703514,295.7919396288373,100437.29604178989,4.482515379729826,247.23227521542643,12.8951,5.19,8.59,9.05,7.699999999999999,
2586,2026-06-19T00:00:00Z,3.70616337311645e-08,1.3772944949084842e-08,1.6888358220266948e-11,300.70860644598616,297.51041823961884,100396.81355480988,4.467700321899305,223.12530862483675,12.8958,5.19,8.59,9.05,7.720000000000001,
2586,2026-06-20T00:00:00Z,6.151246575077903e-08,1.1152551706876844e-08,7.799185845196099e-12,300.8101861334957,297.545573932314,100492.52243556987,4.838306451126659,215.5282285872341,12.8962,5.19,8.59,9.05,8.58,
2586,2026-06-21T00:00:00Z,5.8596397545006874e-08,1.1521694079948016e-08,6.146664217932933e-12,300.3902794579976,298.2327015090623,100527.94488449986,5.427152845454049,229.46098885403103,12.8964,5.19,8.59,9.05,8.53,
2586,2026-06-22T00:00:00Z,4.312715609117106e-08,1.3223146945271409e-08,1.8165371387801e-11,300.5040835947749,298.1984743056884,100457.40782334984,3.553687928414753,210.05553810175843,12.8963,5.19,8.59,9.05,8.5,
2586,2026-06-23T00:00:00Z,3.23629596811698e-08,1.4637892541599794e-08,2.099274587726033e-11,299.81437445196246,298.34761092722164,100496.27813907986,3.1510242506198654,233.81140412706247,12.8959,5.19,8.59,9.05,7.57,
2586,2026-06-24T00:00:00Z,2.7360981481288604e-08,1.4176766488638466e-08,1.845141343266692e-11,300.125114869189,297.8836181406541,100386.95863212986,4.0197642742545225,220.3982229019869,12.8952,5.19,8.59,9.05,,
2586,2026-06-25T00:00:00Z,2.5023087072417707e-08,1.5423575284644618e-08,1.7258344312818493e-11,301.3830942024412,296.22664779984814,100411.24455605986,4.434049793153259,232.56897971777835,12.8943,5.19,8.59,9.05,,
2586,2026-06-26T00:00:00Z,4.3015871379386595e-08,1.4139792048221602e-08,1.2574041463180146e-11,300.2159588534077,298.49823974432115,100370.64756218984,3.668364718291074,214.9339232456365,12.8931,5.19,8.59,9.05,7.44,
2586,2026-06-27T00:00:00Z,2.995384793433753e-08,1.497645361515454e-08,1.9250530427834628e-11,300.33922619760693,297.7959666155565,100330.30654660983,3.49634512957318,231.4661253464552,12.8917,5.19,8.59,9.05,7.685,
2586,2026-06-28T00:00:00Z,3.667882773045978e-08,1.1883741857778466e-08,1.128036021093578e-11,301.5451147517671,296.7989380315184,100278.89656288986,3.792573306414994,233.7676319739785,12.89,5.19,8.59,9.05,8.385000000000002,
2586,2026-06-29T00:00:00Z,3.601630437601024e-08,1.1050571988300892e-08,1.2070543605116967e-11,299.95977511976525,298.4554642936816,100239.60339892984,4.372083330466775,218.7269937264108,12.888,5.19,8.59,9.05,8.165,
2586,2026-06-30T00:00:00Z,2.792447075443919e-08,1.4451882146652111e-08,1.9054471137885503e-11,300.8767251057711,297.4070529135252,100309.82116928983,2.6887185882515614,247.2917569724144,12.8858,5.19,8.59,9.05,8.43,
2586,2026-07-01T00:00:00Z,2.0273565760768753e-08,1.268605667728943e-08,1.4596828539822376e-11,301.8107679889841,295.5633475581489,100296.94198779986,4.505227722138631,244.086166661982,12.8833,5.19,8.59,9.05,9.05,
2586,2026-07-02T00:00:00Z,2.2726485331265897e-08,1.1603242388687851e-08,1.5048248329578976e-11,302.02669714582976,295.2590624849802,100290.66615870984,4.751685824530124,249.15986733085504,12.8805,5.19,8.59,9.05,8.54,
2586,2026-07-03T00:00:00Z,2.5791047616604848e-08,1.0894707429120576e-08,1.0158965600998188e-11,303.1809546858494,295.1301802807173,100306.24082663989,4.623130692620284,249.02004555549436,12.8775,5.19,8.59,9.05,7.76,
2586,2026-07-04T00:00:00Z,2.5071239513853947e-08,9.582420746011818e-09,1.1801184286380018e-11,301.840856083115,295.38266033072216,100286.66702453989,4.807436020973693,235.5212721280965,12.8743,5.19,8.59,9.05,7.83,
2586,2026-07-05T00:00:00Z,2.8605715641197982e-08,7.1866873058970844e-09,1.1774798213304993e-11,302.26253613840805,294.3134440720112,100245.12569190988,5.450459080726621,240.2463916157347,12.8708,5.19,8.59,9.05,7.755,
2586,2026-07-06T00:00:00Z,3.131881086677967e-08,6.415192922675748e-09,2.0674325408462097e-11,302.203405413115,294.0573272430317,100323.59092898986,5.718025417482012,238.09274111949995,12.867,5.19,8.59,9.05,7.88,
2586,2026-07-07T00:00:00Z,3.284726368307353e-08,7.254105962031674e-09,8.994004369793051e-12,302.74925682161114,294.42915238264595,100344.65936849984,5.527416013801629,231.82013064243543,12.8631,5.19,8.59,9.05,7.66,
2586,2026-07-08T00:00:00Z,2.7203672131704e-08,9.257329003959817e-09,1.0753024062525942e-11,302.4618199999118,294.0865377953901,100445.81553910986,4.628761700193026,229.7611336868412,12.8588,5.19,8.59,9.05,7.75,
2586,2026-07-09T00:00:00Z,2.114016130288754e-08,1.0908899318416465e-08,1.3017675409538672e-11,302.52422376160126,294.69040395232366,100425.99989864988,4.437453132262297,230.52347678804705,12.8544,5.19,8.59,9.05,8.120000000000001,
2586,2026-07-10T00:00:00Z,3.4280306091102514e-08,1.4939629098506346e-08,1.0431669862825554e-11,300.4520399144625,298.1239638359863,100497.05224553985,3.588595343620466,222.72287997629428,12.8496,5.19,8.59,9.05,8.07,
2586,2026-07-11T00:00:00Z,2.3514258828518456e-08,1.6042972657431164e-08,1.0951056374120327e-11,301.71119219354466,296.74331786370067,100480.66169041986,4.365091161230321,227.3625919830078,12.8447,5.19,8.59,9.05,7.73,
2586,2026-07-12T00:00:00Z,2.3909691663550137e-08,1.2871663444971862e-08,1.2445669786162626e-11,302.5023022564451,295.4641843498627,100229.73499629984,4.265398652152256,252.6334474698071,12.8395,5.19,8.59,9.05,7.88,
2586,2026-07-13T00:00:00Z,2.9385937678019105e-08,7.466929711783873e-09,1.5336762228206805e-11,303.02198314630834,294.4204113417377,100186.23099129986,5.122323001479146,271.23274569804096,12.8342,5.19,8.59,9.05,,
2586,2026-07-14T00:00:00Z,2.8188245325418603e-08,1.2990625588550274e-08,1.1099106880702352e-11,302.3203964578123,295.06409498068274,100196.67903178986,3.813744306826506,257.89659859047737,12.8285,5.19,8.59,9.05,,
2586,2026-07-15T00:00:00Z,3.4637691144042644e-08,1.560471345126713e-08,1.2623508270334655e-11,301.49777320971646,297.4530129422063,100316.16930434988,4.638421379004355,224.36446448656253,12.8227,5.19,8.59,9.05,,
2586,2026-07-16T00:00:00Z,2.8513672780496244e-08,1.7233608961311444e-08,1.1682622950136662e-11,301.1718173570895,295.56554801678607,100474.67626739986,4.644059591483323,227.88941662258503,12.8167,5.19,8.59,9.05,,
2586,2026-07-17T00:00:00Z,2.7152645984906043e-08,1.6252783346060324e-08,1.2231315899266084e-11,301.88907506873034,295.2405488523819,100458.19502849987,4.164905461442473,227.2113074869305,12.8104,5.19,8.59,9.05,7.78,
2586,2026-07-18T00:00:00Z,1.6915355948839134e-08,1.7783212561062894e-08,1.717113376528679e-11,301.16962874201147,296.0751587969478,100476.30021182985,2.689104278614699,233.2157677289276,12.804,5.19,8.59,9.05,8.08,
2586,2026-07-19T00:00:00Z,2.7715988841873942e-08,1.518394106499473e-08,1.3396127301346752e-11,299.97360893647425,297.4048920553124,100463.07348352986,4.004409761877207,226.08766445048536,12.7973,5.19,8.59,9.05,8.24,
2586,2026-07-20T00:00:00Z,3.785391345638101e-08,1.0621332042373693e-08,7.443091559359662e-12,300.3388754313863,297.2042088241941,100486.65672849986,4.985262717485568,224.174603296494,12.7905,5.19,8.59,9.05,8.235,
2586,2026-07-21T00:00:00Z,3.2185428370000374e-08,1.7091325421309313e-08,2.0057887710707244e-11,300.3046668043746,298.7424845295898,100524.89550547986,2.8283835780395035,221.71448728964543,12.7834,5.19,8.59,9.05,7.685,
2586,2026-07-22T00:00:00Z,2.974079753810388e-08,1.5720997518686e-08,9.928656904304364e-12,300.9740752123141,297.5782031834566,100503.70787038986,4.7417221180683145,216.05180934052987,12.7762,5.19,8.59,9.05,7.78,
2586,2026-07-23T00:00:00Z,2.21733370703288e-08,1.4576265692070904e-08,1.3001312270361969e-11,300.6194619551168,296.9668746644869,100521.47484056986,4.904383334797264,225.7755225910603,12.7687,5.19,8.59,9.05,7.84,
2586,2026-07-24T00:00:00Z,2.9875995216920245e-08,1.7373434898965525e-08,1.3876262629895969e-11,301.1499489081051,297.6011235165523,100435.90757407986,4.154284640083939,229.34513519050435,12.7611,5.19,8.59,9.05,7.87,
2586,2026-07-25T00:00:00Z,4.666527823980805e-08,1.3430571365536642e-08,8.196454135624974e-12,300.36509126047804,298.4458196948143,100436.18047294984,4.685136922286842,217.9173417858765,12.7533,5.19,8.59,9.05,8.23,
2586,2026-07-26T00:00:00Z,2.910917720825965e-08,1.3160445058745169e-08,1.1283896137309195e-11,300.5843401280074,297.26503021255826,100356.44659870984,4.313136017625192,226.2397541063676,12.7454,5.19,8.59,9.05,8.315000000000001,
2586,2026-07-27T00:00:00Z,2.094401826238285e-08,1.1985264363060891e-08,1.3610948733916163e-11,301.1642673233199,295.8382635653412,100296.03533791986,4.208058248723605,244.08080548117283,12.7373,5.19,8.59,9.05,8.155,
2586,2026-07-28T00:00:00Z,1.85847463294132e-08,1.7442490011864542e-08,1.5538388477027694e-11,301.24567421995084,296.65842101198666,100198.09872163986,4.236308111095439,246.3049575701363,12.729,5.19,8.59,9.05,8.295,
2586,2026-07-29T00:00:00Z,2.352320838186975e-08,1.0005080525920744e-08,9.222308506592154e-12,302.1303455355466,295.5413322874994,100127.29601873984,4.815665864312944,248.05360049243512,12.7205,5.19,8.59,9.05,7.83,
2586,2026-07-30T00:00:00Z,1.9165246876022133e-08,1.3215846182830025e-08,1.447621432630743e-11,301.4289504427634,295.8143748070452,99985.65150663986,4.199066849523579,234.6627072100785,12.7119,5.19,8.59,9.05,7.699999999999999,
2586,2026-07-31T00:00:00Z,1.8379077320665508e-08,1.0688394462831502e-08,1.660978223225171e-11,301.45815349663053,295.2691786926704,99967.56245169984,4.557576258042779,225.4842433830997,12.7032,5.19,8.59,9.05,7.96,
2586,2026-08-01T00:00:00Z,2.2176219277842338e-08,1.3827292575179262e-08,1.536507500655848e-11,300.59905365748983,297.3539020495456,100152.45957855984,3.980713117709788,223.21252021153796,12.6943,5.19,8.59,9.05,8.07,
2586,2026-08-02T00:00:00Z,2.068652246111187e-08,1.3496282202065256e-08,1.3663404291844608e-11,300.4728737359469,296.8241623936568,100280.11051233986,3.652784891463119,249.22493490058315,12.6852,5.19,8.59,9.05,8.215,
2586,2026-08-03T00:00:00Z,2.3704013383390262e-08,1.3216884984655917e-08,1.843828402887225e-11,299.8322932955757,297.7339326522802,100327.43823395984,3.5990859976166805,228.6584183214512,12.676,5.19,8.59,9.05,8.18,
2586,2026-08-04T00:00:00Z,2.02847071166458e-08,1.6280161056043243e-08,1.82492869386059e-11,299.55311751174764,298.1381691244237,100417.59310764984,2.7078178213265574,255.3011881360603,12.6667,5.19,8.59,9.05,8.335,
2586,2026-08-05T00:00:00Z,2.2707557341927383e-08,1.482144663588136e-08,1.6077657200996455e-11,299.3881773192867,297.9147506587938,100336.12330627986,4.158212777687391,231.45236700849685,12.6572,5.19,8.59,9.05,,
2586,2026-08-06T00:00:00Z,2.3115303112692128e-08,1.4024911044164832e-08,1.2838622286152994e-11,300.38468079311497,296.9031751425581,100251.96305904986,4.956610674226964,228.51469554304464,12.6477,5.19,8.59,9.05,8.14,
2586,2026-08-07T00:00:00Z,2.157237207266153e-08,1.4926322862940637e-08,1.2175580055534891e-11,300.3127161899704,297.03666440718695,100197.93224200986,4.399000639278078,244.3713028949617,12.6379,5.19,8.59,9.05,7.99,
2586,2026-08-08T00:00:00Z,1.5914733463040578e-08,1.58431788391002e-08,1.6926520759190778e-11,299.81013537468704,297.3474784771628,100245.30657145983,4.686056476105911,225.81527563599025,12.6281,5.19,8.59,9.05,8.325,
2586,2026-08-09T00:00:00Z,1.945784732093527e-08,1.3906927415968824e-08,1.3478227637691075e-11,300.4036575215035,295.4903747168696,100331.83789096984,4.17586036357367,246.6966656992933,12.6182,5.19,8.59,9.05,7.795,
2586,2026-08-10T00:00:00Z,2.2164286575367393e-08,1.6444651068968e-08,1.6706992587537108e-11,300.39786995956985,298.34252681238263,100319.76272730986,3.796762888591136,237.48484203760563,12.6081,5.19,8.59,9.05,,
2586,2026-08-11T00:00:00Z,3.6201893233285054e-08,1.3755489454203374e-08,8.861815406739874e-12,299.83315713178666,298.07757676824195,100275.03287965983,4.335272567064317,218.31947127586383,12.598,5.19,8.59,9.05,,
2586,2026-08-12T00:00:00Z,3.057995152895998e-08,1.4929901995871784e-08,9.628599059357084e-12,300.43533169522414,297.594102082944,100401.18605096985,4.585679186659209,230.59732689237853,12.5877,5.19,8.59,9.05,,
2586,2026-08-13T00:00:00Z,3.3813789905696864e-08,1.4087718594272044e-08,9.236973670476555e-12,300.7868887471187,297.4097706809763,100541.93154425986,3.9989744985961777,225.99569223358452,12.5773,5.19,8.59,9.05,8.26,
2586,2026-08-14T00:00:00Z,2.7514516211851543e-08,1.4972014885047724e-08,9.555430810525748e-12,300.78515349290984,297.14688545599074,100496.05198017984,4.534026102983908,238.70891782651017,12.5669,5.19,8.59,9.05,8.805,
2586,2026-08-15T00:00:00Z,2.2013021336133468e-08,1.4423692551203016e-08,1.1273858045279456e-11,300.8178127446871,296.6758284832124,100477.06485520986,4.23343829372296,245.32505326746303,12.5563,5.19,8.59,9.05,9.025,
2586,2026-08-16T00:00:00Z,2.2197383165156472e-08,1.4993448214672415e-08,1.0968499040824622e-11,302.4166729521091,295.29127002924724,100420.46375428989,4.2143295606443205,247.7517228520012,12.5457,5.19,8.59,9.05,8.79,
2586,2026-08-17T00:00:00Z,3.0624381356684915e-08,1.3879364109276622e-08,9.14700375883204e-12,301.21597870978474,297.9528276294577,100510.93412105986,4.202768484832624,226.7663911039068,12.5349,5.19,8.59,9.05,8.745000000000001,
2586,2026-08-18T00:00:00Z,3.7012688663332374e-08,1.1886682362266658e-08,8.515415120550808e-12,299.55555034782185,297.66706908302234,100678.74923599986,4.416410618707344,228.92305859319703,12.5241,5.19,8.59,9.05,8.92,
2586,2026-08-19T00:00:00Z,3.7433464559326935e-08,1.128492371244074e-08,7.547612534456711e-12,299.9046083697749,297.2194046194578,100612.63873770984,4.745890574708949,226.73733366368543,12.5132,5.19,8.59,9.05,9.505,
2586,2026-08-20T00:00:00Z,3.759917406212076e-08,1.3806658768044055e-08,6.875655218898104e-12,299.7923697396382,298.5378684952245,100571.56434648985,4.088716960913202,219.9571767560372,12.5022,5.19,8.59,9.05,8.74,
2586,2026-08-21T00:00:00Z,2.7502357980447682e-08,1.3820132602701332e-08,1.2397518173981088e-11,300.2631010287593,297.4684416331541,100440.46783864986,4.36236968478074,233.71862574913507,12.4912,5.19,8.59,9.05,8.39,
2586,2026-08-22T00:00:00Z,1.784755208524258e-08,2.2986133675016938e-08,2.591750431149528e-11,300.7123227703804,298.30982683963833,100453.60018023984,3.095476314608524,235.62070586979075,12.4801,5.19,8.59,9.05,8.835,
2586,2026-08-23T00:00:00Z,3.380810402993509e-08,1.4640943076207526e-08,6.585968669693944e-12,300.36623217248007,297.1945116386861,100480.53930843984,5.044650257723739,226.51910803786515,12.4689,5.19,8.59,9.05,8.995000000000001,
2586,2026-08-24T00:00:00Z,2.9433283340961202e-08,1.2521178857258937e-08,9.985130644129292e-12,299.8257353841108,298.05767628359354,100497.94056288984,4.092241827914322,232.074988160556,12.4576,5.19,8.59,9.05,8.67,
2586,2026-08-25T00:00:00Z,1.95511471480596e-08,1.4257310598634017e-08,1.098705769061624e-11,300.2486945347457,297.2368016530464,100530.32993465984,4.44694358171971,230.3866664135792,12.4463,5.19,8.59,9.05,8.405,
2586,2026-08-26T00:00:00Z,2.096130119805901e-08,1.0853234066546152e-08,9.028295737232724e-12,301.3774430516208,295.73362371562456,100591.78420660984,5.170242507113947,239.1723916535948,12.4349,5.19,8.59,9.05,8.61,
2586,2026-08-27T00:00:00Z,2.2710775395291604e-08,1.508597380098869e-08,9.603384267557803e-12,300.60614213704054,296.6836886893501,100529.15877242986,4.732908784081852,241.93008743829623,12.4235,5.19,8.59,9.05,8.68,
2586,2026-08-28T00:00:00Z,2.8264590128106974e-08,1.4257486225275482e-08,9.75802995002658e-12,300.0059479275483,297.3075492609518,100496.67267154988,4.479819167004469,239.88576859204977,12.412,5.19,8.59,9.05,,
2586,2026-08-29T00:00:00Z,2.4440780840320823e-08,9.58198196457804e-09,8.846099493173955e-12,301.5894444734957,294.7952783227681,100494.94984416988,4.925477710268396,259.4597984170206,12.4005,5.19,8.59,9.05,9.13,
2586,2026-08-30T00:00:00Z,2.128062806789557e-08,1.0366538026512314e-08,1.2360912367957364e-11,301.1563869251852,294.5147014391644,100493.87698727987,4.694457345531108,248.84152244779725,12.3889,5.19,8.59,9.05,,
2586,2026-08-31T00:00:00Z,2.2190296334593986e-08,9.858026107056176e-09,2.3333598275798597e-11,300.9367027159957,295.2895939936956,100552.93645117986,4.703161934401091,241.31735123942323,12.3773,5.19,8.59,9.05,8.379999999999999,
2586,2026-09-01T00:00:00Z,2.5967399703220734e-08,1.3232946501094537e-08,1.4347545419280738e-11,301.4773828469626,295.5214130479485,100499.03622641986,5.009096975583875,235.16319895135337,12.3656,5.19,8.59,9.05,8.33,
2586,2026-09-02T00:00:00Z,3.605730739814314e-08,1.2639819481655885e-08,6.065607089925185e-12,301.1332515815621,296.0017164735932,100619.01099687984,5.148182558660778,224.4607940604172,12.3539,5.19,8.59,9.05,9.0,
2586,2026-09-03T00:00:00Z,3.988478653798974e-08,1.1335484743545052e-08,5.2888982492118e-12,300.85806733804657,296.7430322515181,100598.22323541986,4.813287822937598,233.07115579089,12.3421,5.19,8.59,9.05,8.855,
2586,2026-09-04T00:00:00Z,3.008880789879194e-08,1.1247815490466224e-08,9.561822408342718e-12,299.39061352015574,297.8612362452588,100640.33418547983,3.4575032052781998,228.6315190818788,12.3303,5.19,8.59,9.05,,
2586,2026-09-05T00:00:00Z,4.2800528240989737e-08,9.52685689339721e-09,5.826589929383588e-12,299.7257353226362,297.39962720497545,100726.77564685984,4.760417875762252,224.5191246242004,12.3185,5.19,8.59,9.05,,
2586,2026-09-06T00:00:00Z,5.065634249301576e-08,1.040532667521067e-08,2.286944906392166e-12,300.4715667993746,298.56154900210925,100733.18982323984,5.672116779286458,200.61178515732317,12.3066,5.19,8.59,9.05,,
5408,2026-06-07T00:00:00Z,6.523765896009212e-08,6.720912147295025e-09,2.1536836096409532e-11,302.065787366129,296.7868819983058,99909.99215218342,3.1464466830225,279.5076375097715,13.0745,66.99,39.95,49.15,25.1,
5408,2026-06-08T00:00:00Z,5.8381392243440867e-08,6.083251488585387e-09,2.5498581191110785e-11,301.4328783477886,296.99709317134125,99931.31121970071,3.6541184954136767,263.6010218419711,13.0789,66.99,39.95,49.15,,
5408,2026-06-09T00:00:00Z,5.193008442395194e-08,8.042181116862987e-09,3.343674439294968e-11,301.4774482195951,296.73462235040563,99876.36814982572,2.601673692313753,256.97651956885414,13.0831,66.99,39.95,49.15,26.35,
5408,2026-06-10T00:00:00Z,3.750593219343569e-08,1.1271331015946289e-08,4.889361561686932e-11,299.83167739134984,298.19891439768514,99851.39545881723,2.397970947863967,262.47666328894127,13.0869,66.99,39.95,49.15,28.85,
5408,2026-06-11T00:00:00Z,3.983675378262931e-08,1.0975068858659872e-08,5.280599264603797e-11,301.01011326846924,297.2901984849802,99810.48680105204,2.0393361590822985,282.9204261313937,13.0905,66.99,39.95,49.15,,
5408,2026-06-12T00:00:00Z,5.3168502030834545e-08,8.482617073597129e-09,4.4840347968847775e-11,299.6894023203966,297.7237725406177,99858.65839706054,2.298354207016414,270.2902708961023,13.0936,66.99,39.95,49.15,18.55,
5408,2026-06-13T00:00:00Z,5.3993556770891e-08,8.392788779257121e-09,4.6293771128377315e-11,300.1079651347796,296.4702963619334,100007.72230054112,1.7428572629457302,254.9969338926201,13.0965,66.99,39.95,49.15,52.0,
5408,2026-06-14T00:00:00Z,4.61829619580739e-08,8.553001022484125e-09,4.165577543402836e-11,299.818860015337,297.3831124628827,99965.22730828296,2.9008248592798496,256.4911765716266,13.099,66.99,39.95,49.15,6.27,
5408,2026-06-15T00:00:00Z,3.943157444340523e-08,1.2274627987322408e-08,9.321108934092971e-11,301.8471289459307,297.00125543780746,99801.9968783949,1.2662888085776298,207.32118097115296,13.1012,66.99,39.95,49.15,,
5408,2026-06-16T00:00:00Z,2.93473033935969e-08,2.779655130394353e-08,2.85690572157016e-10,300.73321077102594,298.0359021952309,99933.12656127413,2.486621962706302,113.42370122245536,13.1031,66.99,39.95,49.15,,
5408,2026-06-17T00:00:00Z,5.594973101718186e-08,1.1119592451580037e-08,5.228959301858762e-11,302.0004493627005,297.8983238631564,99956.31518234512,1.8142571126617668,197.44699089947028,13.1046,66.99,39.95,49.15,27.95,
5408,2026-06-18T00:00:00Z,7.459326710097866e-08,8.717140346385211e-09,3.7830143623407175e-11,302.12061783749726,298.4318397444789,99968.4470156358,2.518514041542678,183.9909968370352,13.1058,66.99,39.95,49.15,,
5408,2026-06-19T00:00:00Z,7.866933267706553e-08,6.4557354551380945e-09,3.061691673388354e-11,301.6193776932834,299.51733142137846,99971.22528601502,2.0511072279652964,179.9099216703444,13.1067,66.99,39.95,49.15,47.25,
5408,2026-06-20T00:00:00Z,7.50166962432596e-08,7.398485514954307e-09,2.813362388481681e-11,301.4518840336648,298.9548772866858,99980.05748069649,2.6024603648129845,199.30252796703616,13.1072,66.99,39.95,49.15,47.9,
5408,2026-06-21T00:00:00Z,5.107600436062716e-08,9.352596486372624e-09,3.585725916399827e-11,302.2027452809311,297.11389852646585,99994.15161077202,2.5282351873309974,217.1940525795847,13.1074,66.99,39.95,49.15,30.75,
5408,2026-06-22T00:00:00Z,6.38744411820245e-08,8.246518871080376e-09,3.589235661815924e-11,300.8047222115519,297.3613448584516,100026.84565459302,2.1014013413504773,231.74094931340372,13.1073,66.99,39.95,49.15,42.85,
5408,2026-06-23T00:00:00Z,4.37576266700654e-08,8.107271240122338e-09,4.071272237867164e-11,299.6059178628101,297.8251712774133,100015.81605133208,2.0656428615425515,246.15931440117063,13.1068,66.99,39.95,49.15,29.85,
5408,2026-06-24T00:00:00Z,2.6286005760859094e-08,9.316837461172431e-09,4.6708831167213e-11,299.6456765939042,296.7773305677555,99882.324667218,2.755651896030571,226.21640008144809,13.106,66.99,39.95,49.15,,
5408,2026-06-25T00:00:00Z,2.7089944750935506e-08,1.2149172417200316e-08,5.5522774328300105e-11,300.91472423918503,296.0091363082347,99888.90080599168,2.569708981465819,264.8018425890792,13.1048,66.99,39.95,49.15,,
5408,2026-06-26T00:00:00Z,3.2105912073792705e-08,1.2376137937246013e-08,5.0807756313088056e-11,300.13355958545225,298.0927101721342,99877.7339937159,2.013555544913168,258.39697673246417,13.1033,66.99,39.95,49.15,11.25,
5408,2026-06-27T00:00:00Z,5.1777662860878905e-08,7.793350290695465e-09,2.7311501307228778e-11,299.06797738606065,298.43820038365607,99894.10734454144,1.4971674414637144,238.86607063420345,13.1015,66.99,39.95,49.15,26.05,
5408,2026-06-28T00:00:00Z,4.8508907433999355e-08,8.090094944672111e-09,4.1840789565054105e-11,299.2503231598768,298.59410088883976,99877.78124610608,1.140490551104116,224.24630413149916,13.0993,66.99,39.95,49.15,35.7,
5408,2026-06-29T00:00:00Z,4.158078793162452e-08,8.395523416992321e-09,4.186004551801132e-11,299.20142438550204,298.599722055303,99786.23003142704,1.3495676929839004,195.18641015674532,13.0968,66.99,39.95,49.15,,
5408,2026-06-30T00:00:00Z,3.1148819014391125e-08,9.751996506255031e-09,4.366906479864467e-11,299.6172849474584,298.0016187749489,99838.28383588398,2.2733447453809488,237.50902277751345,13.094,66.99,39.95,49.15,18.4,
5408,2026-07-01T00:00:00Z,2.6229576099139847e-08,1.0904083627074956e-08,4.196802581365901e-11,299.60399986483674,297.6412460600038,99727.54405240128,2.845627776071584,237.3853776322333,13.0909,66.99,39.95,49.15,16.4,
5408,2026-07-02T00:00:00Z,2.3774770961339553e-08,9.097308927658244e-09,2.7361765235264588e-11,298.80643535093844,297.4463393119663,99776.0913845111,4.143070277764142,248.61248179228463,13.0874,66.99,39.95,49.15,19.4,
5408,2026-07-03T00:00:00Z,2.455311947491012e-08,1.007140297932245e-08,3.0686302396210606e-11,299.2362226307914,296.80519839778725,99752.44969353933,3.9055707160954425,256.62719889435107,13.0836,66.99,39.95,49.15,18.05,
5408,2026-07-04T00:00:00Z,2.8834312333795153e-08,6.158205180470233e-09,1.4503880688371552e-11,300.8565772430102,295.2929592930694,99585.42807400048,5.901714545743897,258.2765210324381,13.0795,66.99,39.95,49.15,17.75,
5408,2026-07-05T00:00:00Z,2.953699701133554e-08,5.007310058137611e-09,1.5788220671833028e-11,300.5509369064748,294.7876043488161,99596.61660600473,5.7229565694510525,253.18394304868676,13.0751,66.99,39.95,49.15,17.45,
5408,2026-07-06T00:00:00Z,3.227520673689088e-08,4.7413743475399734e-09,1.8264146929176285e-11,301.45513721459105,294.0601838125206,99682.31946317494,4.768922644160549,243.8886707969353,13.0704,66.99,39.95,49.15,17.65,
5408,2026-07-07T00:00:00Z,3.145243706402545e-08,5.560955809009011e-09,2.1101940244396162e-11,301.69690229355234,294.56549967849264,99686.79451654993,4.192532205184721,233.3257774264257,13.0653,66.99,39.95,49.15,18.15,
5408,2026-07-08T00:00:00Z,2.6495844730890742e-08,6.942892045882985e-09,2.7755778667805125e-11,301.1606927295775,294.5285034389757,99817.92305163608,3.6029635872270314,225.37743588531748,13.06,66.99,39.95,49.15,15.6,
5408,2026-07-09T00:00:00Z,2.4102405631820182e-08,7.867590637182865e-09,2.5149358912632347e-11,302.2070747771471,295.02505104827173,99834.50366570284,3.4888414492089024,250.5758991596593,13.0543,66.99,39.95,49.15,20.15,
5408,2026-07-10T00:00:00Z,3.519370370650483e-08,9.304256045156862e-09,3.442778100178992e-11,299.59360489495884,297.7722887262703,99993.39434270284,2.3774186981966974,232.09697524104752,13.0484,66.99,39.95,49.15,19.15,
5408,2026-07-11T00:00:00Z,2.8520572248703607e-08,1.2464104724785721e-08,3.64846978402502e-11,301.80905098339656,295.023273709759,99932.4500246792,2.914388123916776,259.08932532277333,13.0422,66.99,39.95,49.15,17.9,
5408,2026-07-12T00:00:00Z,3.050748913133115e-08,9.831090080940086e-09,2.5544053351531543e-11,302.2218820194489,293.97185044299766,99785.0323378151,3.3871083609452017,267.9670208137343,13.0356,66.99,39.95,49.15,18.15,
5408,2026-07-13T00:00:00Z,3.1501883177336795e-08,8.440370804483951e-09,1.8285440506081574e-11,302.87786762047324,294.2272575793876,99712.21890510396,4.520598617855447,273.42112284453503,13.0288,66.99,39.95,49.15,20.15,
5408,2026-07-14T00:00:00Z,3.8121327069905215e-08,8.658994716810047e-09,1.4542578395789603e-11,303.16036740213565,293.845480785225,99792.79274288188,4.467130768833744,284.00562815065706,13.0218,66.99,39.95,49.15,7.55,
5408,2026-07-15T00:00:00Z,2.8792821673932587e-08,1.4004265515228825e-08,3.295375723027933e-11,301.8143373851465,295.229819432376,99895.66526545526,2.6747115847951446,284.98282477685905,13.0144,66.99,39.95,49.15,1.3165,
5408,2026-07-16T00:00:00Z,3.940736444311845e-08,7.291263677049441e-09,1.86713634395114e-11,302.0427904625346,293.8246967541233,99994.53827852204,3.155017416206148,280.60181199527017,13.0068,66.99,39.95,49.15,25.200000000000003,
5408,2026-07-17T00:00:00Z,4.1267608897562185e-08,9.551297427333911e-09,2.0603679999950705e-11,299.9370138731816,296.82816364273845,99997.561107289,2.4963122683543477,289.4685864943849,12.9989,66.99,39.95,49.15,29.7,
5408,2026-07-18T00:00:00Z,3.4006840694003995e-08,8.254465852846275e-09,1.817098573673296e-11,299.8164372237998,296.7769432558371,99930.05410377627,3.328758769638705,253.82411489025836,12.9907,66.99,39.95,49.15,17.2,
5408,2026-07-19T00:00:00Z,2.7822404647654278e-08,9.450136775799376e-09,2.173035085979158e-11,300.7477697139532,295.75079733953567,99912.651854093,3.000727987641663,266.9299011989691,12.9823,66.99,39.95,49.15,5.115,
5408,2026-07-20T00:00:00Z,2.9288039647502537e-08,8.630042151464706e-09,2.922198074762283e-11,299.89239135044363,296.66967611030367,99965.21903438822,2.783797769427554,250.62863380440317,12.9736,66.99,39.95,49.15,22.25,
5408,2026-07-21T00:00:00Z,2.2153329951360492e-08,1.0937488428092712e-08,3.8294227193430856e-11,300.45709282969915,295.7599716025176,99961.31216492706,2.5719614618179807,261.1094072477947,12.9647,66.99,39.95,49.15,15.05,
5408,2026-07-22T00:00:00Z,2.6639677103103804e-08,1.058026836245121e-08,3.468786646914273e-11,300.4016706092462,295.6059015299888,100029.64101105629,2.353242446167137,222.9929631387536,12.9556,66.99,39.95,49.15,6.475,
5408,2026-07-23T00:00:00Z,2.252476883714084e-08,8.576844948206415e-09,2.0978332304855345e-11,300.14963464934965,295.13882591291895,100036.08675788186,3.3556153413415557,228.81182379480057,12.9462,66.99,39.95,49.15,3.0,
5408,2026-07-24T00:00:00Z,3.248623464896589e-08,1.0001065002826277e-08,3.097033469773661e-11,299.6401583311762,296.38848575935947,99997.35326842284,2.279747056316241,236.80255843614168,12.9366,66.99,39.95,49.15,11.35,
5408,2026-07-25T00:00:00Z,2.4279109063400036e-08,8.129851671788128e-09,1.986722040763734e-11,301.21586894146435,293.41049551206817,99901.2471175909,3.7507639250934415,266.1511356826535,12.9268,66.99,39.95,49.15,14.0,
5408,2026-07-26T00:00:00Z,2.8773358150352448e-08,1.0695916908971532e-08,3.655142182081912e-11,299.03468955255937,297.86345692886533,99820.02277022468,2.033286428888628,248.6082678069353,12.9167,66.99,39.95,49.15,16.85,
5408,2026-07-27T00:00:00Z,2.7226821800986432e-08,9.305325780928606e-09,2.6317551381836708e-11,300.45296610230065,296.8527019339316,99751.82103144225,3.218896174075999,267.6285642830844,12.9065,66.99,39.95,49.15,17.3,
5408,2026-07-28T00:00:00Z,3.018172354468918e-08,8.53488615500756e-09,2.165515061346064e-11,299.6389466396604,296.8527939437272,99689.3399946276,3.205452430044255,257.9433615822701,12.896,66.99,39.95,49.15,13.15,
5408,2026-07-29T00:00:00Z,2.7580794429350073e-08,8.132382759237844e-09,1.7078981927906635e-11,299.39257728996785,296.73359658965154,99574.74249247929,4.288901941928465,268.8797347525958,12.8853,66.99,39.95,49.15,6.435,
5408,2026-07-30T00:00:00Z,2.7255456299040404e-08,7.487955031756411e-09,1.354983869699585e-11,299.7854228981548,296.4450638707202,99343.54905871164,4.577985560396439,244.189095046359,12.8745,66.99,39.95,49.15,12.55,
5408,2026-07-31T00:00:00Z,2.5509082745966276e-08,7.134013570237703e-09,1.681914998743345e-11,300.67456542240484,295.6640920412369,99378.8464755584,3.774347632620733,229.7048805254364,12.8634,66.99,39.95,49.15,9.335,
5408,2026-08-01T00:00:00Z,2.716084484184981e-08,8.565494536676425e-09,3.120681076593037e-11,299.2608774901472,298.2318465856528,99612.2830052159,2.5350165000073828,207.85520722458105,12.8521,66.99,39.95,49.15,8.565000000000001,
5408,2026-08-02T00:00:00Z,3.0947793023803714e-08,8.8409276965127e-09,2.966240340011827e-11,299.16745208595603,298.00384096864525,99821.31370106086,2.4909239664079244,245.2447533947868,12.8407,66.99,39.95,49.15,17.05,
5408,2026-08-03T00:00:00Z,3.020003593345051e-08,1.0055570369048451e-08,3.029589294493698e-11,299.18004238257083,297.9627858474968,99872.80450567916,2.4299485002316112,222.4515806328945,12.8291,66.99,39.95,49.15,19.65,
5408,2026-08-04T00:00:00Z,3.1265916572340463e-08,9.284959813538964e-09,2.9337791903493346e-11,298.89613295880343,298.30370208646286,99956.7422699662,2.1382665572091977,242.27136891074187,12.8173,66.99,39.95,49.15,28.15,
5408,2026-08-05T00:00:00Z,3.820213467385574e-08,7.590997755419285e-09,2.0419048516045303e-11,298.7059138635903,298.09917513262417,99847.59285908664,2.492695552922654,245.76704227915732,12.8054,66.99,39.95,49.15,11.04,
5408,2026-08-06T00:00:00Z,2.5925842210563777e-08,1.1414411720859412e-08,2.7492196178154045e-11,299.5653384040915,298.26030621504395,99772.8905573409,2.223450434351752,243.98044965513907,12.7933,66.99,39.95,49.15,5.365,
5408,2026-08-07T00:00:00Z,2.8134028957993795e-08,9.456664972164973e-09,1.9501045182213927e-11,299.55688790221353,297.2078695129912,99677.26350538852,3.2565986670716125,274.1222481520322,12.781,66.99,39.95,49.15,21.0,
5408,2026-08-08T00:00:00Z,3.888384871183506e-08,7.982898607128486e-09,1.9871441330668778e-11,298.3231805525875,297.29977946858185,99739.52912362124,2.5856877432495797,271.8011919424893,12.7686,66.99,39.95,49.15,27.85,
5408,2026-08-09T00:00:00Z,3.153919960373677e-08,9.249506734046412e-09,1.935664313670325e-11,299.8081080925782,296.3864541758173,99814.13369366858,3.296421884539176,268.05233933202857,12.756,66.99,39.95,49.15,31.700000000000003,
5408,2026-08-10T00:00:00Z,3.02866698165392e-08,1.0028390829577712e-08,2.532658281820613e-11,300.67735962502525,295.8371191858052,99770.60341646802,2.757641728947121,248.68846338704452,12.7433,66.99,39.95,49.15,6.925000000000001,
5408,2026-08-11T00:00:00Z,3.239558867772632e-08,1.1041100322931437e-08,3.182316589552212e-11,299.8923655177644,297.3324627612078,99727.59481322224,2.1805984247327466,237.9299090224052,12.7305,66.99,39.95,49.15,18.9,
5408,2026-08-12T00:00:00Z,2.865882564750462e-08,1.1414788896173465e-08,3.071630975584629e-11,300.0142376269382,296.8947333327026,99879.67055042704,2.4019834655438457,250.7570342646304,12.7175,66.99,39.95,49.15,20.4,
5408,2026-08-13T00:00:00Z,2.8386919977520466e-08,1.034496023149869e-08,3.152035442341924e-11,299.4434330723967,298.2640094930869,100016.224510593,2.0894964027542504,236.82182740513093,12.7044,66.99,39.95,49.15,20.5,
5408,2026-08-14T00:00:00Z,2.9484056135305833e-08,9.403265214568141e-09,2.0631777948499463e-11,301.14782149768325,295.86341082910485,99983.35645152416,3.273941722102637,263.237227832757,12.6912,66.99,39.95,49.15,12.9,
5408,2026-08-15T00:00:00Z,3.0740305354525704e-08,8.639130044885752e-09,1.6924541164669845e-11,300.80411157013066,295.83337175101906,99942.86030287972,3.6630518389195865,260.9290434711988,12.6779,66.99,39.95,49.15,21.25,
5408,2026-08-16T00:00:00Z,3.0715935526844915e-08,9.479607878884198e-09,2.035407511641109e-11,299.8254601515127,296.6617558997892,99932.80550675683,3.1373633158960086,268.64636027091467,12.6644,66.99,39.95,49.15,12.7,
5408,2026-08-17T00:00:00Z,3.2171081112690885e-08,9.204568870095792e-09,2.8486130078814798e-11,299.2563277130468,297.6053280757559,100029.5891581707,2.400651125320656,230.2114231798567,12.6508,66.99,39.95,49.15,,
5408,2026-08-18T00:00:00Z,3.3630192129829894e-08,1.06604522695894e-08,2.5376895050250468e-11,299.9374798996977,296.9423208392973,100186.26688562304,2.075488874162721,246.94342024471965,12.6372,66.99,39.95,49.15,2.95,
5408,2026-08-19T00:00:00Z,2.6093268838125552e-08,1.1373295841175382e-08,4.125683332787043e-11,298.82661017147484,298.2310543322025,100071.38754554567,0.6615843348958861,157.6799601430771,12.6234,66.99,39.95,49.15,,
5408,2026-08-20T00:00:00Z,4.0193355127933215e-08,6.994374259455836e-09,1.9383369865687988e-11,298.19725254855814,297.64099723087,100088.2006547787,2.453816511797311,224.6392633484,12.6095,66.99,39.95,49.15,,
5408,2026-08-21T00:00:00Z,3.082715383437739e-08,1.1214021118196511e-08,2.823563897397549e-11,300.0473520485639,296.74189110522985,99945.67584560152,1.8361712722557504,261.4100121156131,12.5956,66.99,39.95,49.15,,
5408,2026-08-22T00:00:00Z,3.747472412960148e-08,7.3184141373115e-09,9.147465781983356e-12,301.3006456975547,294.6085341918569,99914.22093310607,4.3837439358163,272.02925659274297,12.5815,66.99,39.95,49.15,,
5408,2026-08-23T00:00:00Z,2.8783360680948225e-08,1.0442835678713711e-08,2.6278180590350824e-11,299.04839685463696,297.30086248590146,99930.76228860609,2.5447030832687028,235.8704501369728,12.5674,66.99,39.95,49.15,,
5408,2026-08-24T00:00:00Z,3.5096090937987366e-08,6.0790700564249395e-09,1.2213634088541642e-11,298.7619715918684,297.8958806567267,99968.2182958476,3.5607008436666305,254.5275231958024,12.5531,66.99,39.95,49.15,,
5408,2026-08-25T00:00:00Z,2.999142596463219e-08,8.137101858121407e-09,1.5661655577424264e-11,298.9829780047255,297.48706609206624,99974.35353527416,3.186299834388184,236.9528954846592,12.5388,66.99,39.95,49.15,,
5408,2026-08-26T00:00:00Z,3.3615014386375314e-08,8.349568302418704e-09,1.257392325917528e-11,299.94256158281166,296.08625631895234,100036.19208079355,3.472913230066391,256.5547801114716,12.5244,66.99,39.95,49.15,,
5408,2026-08-27T00:00:00Z,3.9145221615282634e-08,8.0561469031664e-09,1.9047286462413187e-11,298.49731159621086,297.5312645877356,100010.29535163184,2.0628941946351924,237.55654860664163,12.51,66.99,39.95,49.15,21.2,
5408,2026-08-28T00:00:00Z,3.346560903429217e-08,8.124667848138047e-09,9.530411672229334e-12,301.3010126756455,294.4118751224985,99951.00513550898,4.194706257979148,269.37895901248817,12.4954,66.99,39.95,49.15,,
5408,2026-08-29T00:00:00Z,3.335824200192022e-08,6.854398407479341e-09,8.540604429510376e-12,301.2490076342125,294.4625118608016,99961.01984237548,4.298731373175261,273.4486593935718,12.4809,66.99,39.95,49.15,19.7,
5408,2026-08-30T00:00:00Z,3.4776345779146745e-08,5.170975337243536e-09,9.388339849354814e-12,301.19515659475576,294.38733039215845,99919.13852952627,4.15029778618417,280.8801778567736,12.4662,66.99,39.95,49.15,,
5408,2026-08-31T00:00:00Z,3.304829516675542e-08,6.8652196964780075e-09,1.964035028044708e-11,298.5605201190483,296.1221736575226,100058.3757025718,2.516060610173711,245.61673749952843,12.4515,66.99,39.95,49.15,9.09,
5408,2026-09-01T00:00:00Z,2.7000443006881943e-08,1.0753485769149152e-08,1.928478449875568e-11,299.2056307017514,295.97974603978525,100044.31092414948,2.2342257899674807,257.91738305277744,12.4367,66.99,39.95,49.15,0.7,
5408,2026-09-02T00:00:00Z,3.481245078368908e-08,1.1083730348385986e-08,1.9785485046367465e-11,299.98729756058475,296.7892441049821,100162.10265955876,1.681962506132412,265.1187574849295,12.4219,66.99,39.95,49.15,17.7,
5408,2026-09-03T00:00:00Z,4.2711985507142075e-08,8.243086242629501e-09,1.4284206644647628e-11,299.44801366246406,297.4705971412279,100120.06619252411,1.8633037378431172,224.1871345922185,12.407,66.99,39.95,49.15,,
5408,2026-09-04T00:00:00Z,3.325465113982377e-08,7.441868907893325e-09,1.6032061540778627e-11,298.53251654207565,297.74903824922205,100168.92172535184,1.627751560983719,205.1602431970549,12.3921,66.99,39.95,49.15,,
5408,2026-09-05T00:00:00Z,5.7936530401111996e-08,5.848099508538639e-09,8.001840250829312e-12,299.5890374884433,298.1200062062782,100271.82031723074,2.0738985303030795,235.00476873052335,12.3771,66.99,39.95,49.15,,
5408,2026-09-06T00:00:00Z,6.755217278894173e-08,5.789711507830512e-09,6.615742782777913e-12,300.4429268903623,297.19508939184504,100295.68632382572,2.460687947736277,262.12410083959946,12.3621,66.99,39.95,49.15,,
5548,2026-06-07T00:00:00Z,2.300223579375021e-08,1.0456794050983516e-08,2.8796132345912624e-11,293.7704494684035,293.5118259028932,91220.26755868124,3.028283019925103,249.61912377697752,12.8553,261.61,864.81,61.49,27.8,
5548,2026-06-08T00:00:00Z,3.139328248240324e-08,6.0225808556045514e-09,1.6415811893377223e-10,294.09490209156485,293.858457067895,91239.16974382932,3.868929555162253,259.50781962095857,12.8588,261.61,864.81,61.49,27.6,
5548,2026-06-09T00:00:00Z,3.1572569687235264e-08,5.248808851893388e-09,7.010065033180494e-11,294.9456380976264,292.87555745863654,91219.50956531776,4.847062215583148,256.7590427911252,12.862,261.61,864.81,61.49,27.55,
5548,2026-06-10T00:00:00Z,3.0717409289292295e-08,6.4279650101784534e-09,2.3591664601369844e-11,294.89450589911684,292.93854061906063,91187.01162643412,4.054656952525648,250.61226540067145,12.865,261.61,864.81,61.49,27.450000000000003,
5548,2026-06-11T00:00:00Z,2.8130451798209984e-08,6.373141797931781e-09,4.346120343152257e-11,294.04653770401256,293.5021138451264,91156.85708123696,4.375740692589001,274.5072585813832,12.8677,261.61,864.81,61.49,27.6,
5548,2026-06-12T00:00:00Z,2.7891933836527324e-08,6.930563442582754e-09,7.123001958233073e-11,294.10182845550395,293.6108229524231,91206.13191584375,4.622403968364504,261.7237626601697,12.8702,261.61,864.81,61.49,27.8,
5548,2026-06-13T00:00:00Z,2.806783360726269e-08,7.515479273134431e-09,5.3161686249507695e-11,294.1688324487525,293.4350634681252,91340.93362290236,4.1646430073081575,259.2182005885548,12.8724,261.61,864.81,61.49,27.85,
5548,2026-06-14T00:00:00Z,3.184787285595792e-08,8.344777084837673e-09,5.919804694504722e-11,294.38122121166145,293.3455940947289,91331.38637939948,3.748793514731768,263.88679554808834,12.8744,261.61,864.81,61.49,27.65,
5548,2026-06-15T00:00:00Z,3.0454938208685165e-08,6.249050248226429e-09,7.596019557605463e-11,293.97536456415634,293.1213010379927,91254.66720865238,3.8620752222776495,278.35026166432294,12.8761,261.61,864.81,61.49,27.7,
5548,2026-06-16T00:00:00Z,2.4790229197501947e-08,9.25220069036906e-09,9.092799138372468e-11,293.6813506671111,293.1382298031186,91244.95876552448,3.0957162932034583,288.7279767052159,12.8775,261.61,864.81,61.49,27.3,
5548,2026-06-17T00:00:00Z,2.4032871713873746e-08,1.4215521779708228e-08,3.597805084421058e-11,293.98668004397,293.0596709513038,91309.2459796053,2.4481684372837518,275.1950278053447,12.8787,261.61,864.81,61.49,27.55,
5548,2026-06-18T00:00:00Z,2.5513189574482268e-08,1.3874098616415891e-08,1.686597906153595e-11,294.0648201276539,293.2923680741068,91351.00842140523,2.207939419304396,267.6269827115879,12.8797,261.61,864.81,61.49,27.85,
5548,2026-06-19T00:00:00Z,4.766721524132411e-08,9.784336197171528e-09,7.856049914102349e-12,293.8801501269733,293.29852524782234,91232.12026530912,3.030682816754127,276.4100990290192,12.8803,261.61,864.81,61.49,27.75,
5548,2026-06-20T00:00:00Z,2.3160341575502408e-08,1.8871865544863143e-08,1.5676728244755382e-11,294.0626316424384,293.7305199703809,91309.26520952448,2.5362162951223883,244.99578722537987,12.8807,261.61,864.81,61.49,27.75,
5548,2026-06-21T00:00:00Z,1.6475573259796315e-08,1.6364897828908945e-08,3.3574515893196006e-10,293.7847711606751,292.5241583422121,91271.640739411,1.55479996232045,246.70935369464345,12.8809,261.61,864.81,61.49,27.65,
5548,2026-06-22T00:00:00Z,2.1025794913046483e-08,9.232814260552016e-09,4.2310264012042766e-10,293.7807214680028,293.53227500163405,91269.67382758798,3.321297290079197,240.2223005244478,12.8808,261.61,864.81,61.49,27.55,
5548,2026-06-23T00:00:00Z,2.8571502920266376e-08,6.023683382126678e-09,7.733713883452174e-11,294.1281243796964,292.53899796370234,91213.36621031778,4.420426064769112,255.1786655687348,12.8804,261.61,864.81,61.49,27.7,
5548,2026-06-24T00:00:00Z,2.9189980866341294e-08,5.270234463765751e-09,3.4182061720008545e-11,294.4863248390693,292.4064624128184,91194.42345073896,4.54345407290913,255.9851969924584,12.8797,261.61,864.81,61.49,,
5548,2026-06-25T00:00:00Z,2.7476255291545024e-08,6.411879053521117e-09,5.935764412138201e-11,293.8743983406578,292.3039605291667,91230.96092486483,4.183496604232014,260.3319474433298,12.8788,261.61,864.81,61.49,,
5548,2026-06-26T00:00:00Z,2.8623907397211563e-08,7.872547013214819e-09,5.987885096223297e-11,293.83630874674395,292.6416913963582,91199.6990061668,3.943382187701758,259.3024676175198,12.8777,261.61,864.81,61.49,24.6,
5548,2026-06-27T00:00:00Z,2.888962998402048e-08,8.3792801785345e-09,6.555220947809203e-11,293.8408190130932,292.85829092970465,91140.84580457066,3.6559164304526393,262.0575794553861,12.8762,261.61,864.81,61.49,24.450000000000003,
5548,2026-06-28T00:00:00Z,2.530313958976984e-08,8.386070387500387e-09,1.5917974460126732e-10,294.12086190846026,293.4992849282156,91104.43605604468,3.762390584907747,247.0767117267396,12.8746,261.61,864.81,61.49,24.55,
5548,2026-06-29T00:00:00Z,2.7116183150963924e-08,6.135185101182202e-09,1.3624474563733982e-10,294.5397518383433,293.5059250802164,91077.99256484376,3.61312068514723,254.5488785428728,12.8726,261.61,864.81,61.49,24.5,
5548,2026-06-30T00:00:00Z,3.387293621664418e-08,4.112898342986877e-09,1.5702169124481958e-11,294.6457492229553,292.5367312696356,91162.31793540524,5.098739387880241,267.5489735546813,12.8704,261.61,864.81,61.49,24.6,
5548,2026-07-01T00:00:00Z,2.891448967909045e-08,4.7674499304502e-09,2.42765460829744e-11,294.63668306661964,292.806437371118,91137.86813253604,5.078835807331198,263.3986943950989,12.868,261.61,864.81,61.49,24.700000000000003,
5548,2026-07-02T00:00:00Z,2.8416317584363014e-08,5.4460442785087886e-09,2.4532243279348283e-11,293.95600320297643,293.4016462831517,91107.72536845144,5.087796123972215,259.19570649206435,12.8653,261.61,864.81,61.49,24.35,
5548,2026-07-03T00:00:00Z,3.2291794347018966e-08,4.8915777825542715e-09,2.712306508911485e-11,294.5138435852396,292.75125230638014,91172.33025780044,5.123480535323534,259.4073758581209,12.8624,261.61,864.81,61.49,24.35,
5548,2026-07-04T00:00:00Z,3.5553697283065416e-08,3.200618994372089e-09,5.797962821701459e-12,294.3479187623263,292.6850945879788,91129.41073128604,6.321764326134926,263.91344064506364,12.8592,261.61,864.81,61.49,24.75,
5548,2026-07-05T00:00:00Z,3.380190528490202e-08,3.205823737240533e-09,1.6014546789656943e-11,293.80960877011825,291.8210523253946,91089.63961988794,6.039185957075116,257.2792202230057,12.8557,261.61,864.81,61.49,24.75,
5548,2026-07-06T00:00:00Z,3.9308917542745534e-08,2.750566178391806e-09,9.48144201959734e-12,294.1815404363496,291.9918260672847,91123.75939668989,5.959314271890949,248.5416490008621,12.8521,261.61,864.81,61.49,24.5,
5548,2026-07-07T00:00:00Z,4.2250306492477737e-08,2.7219313836013333e-09,7.269320040886468e-12,294.57011612207594,292.0802046530742,91131.1947638322,6.82523387318478,252.9252859546639,12.8481,261.61,864.81,61.49,24.5,
5548,2026-07-08T00:00:00Z,3.346073243808126e-08,2.880027362738597e-09,6.065014079935119e-12,294.5945055746735,291.7757943299208,91189.6245390418,6.22645457431613,262.45273780639513,12.844,261.61,864.81,61.49,24.65,
5548,2026-07-09T00:00:00Z,3.0161239108663264e-08,3.7435207135315165e-09,1.440142881211874e-11,294.0401804627696,291.56897711913024,91222.1598028504,5.277133539245154,263.1499294646893,12.8396,261.61,864.81,61.49,24.450000000000003,
5548,2026-07-10T00:00:00Z,2.8023218832232776e-08,5.156913974999217e-09,4.026882839106072e-11,294.72950061751186,292.6080310669988,91290.1963026206,4.1739253508283065,259.6455750512044,12.835,261.61,864.81,61.49,24.95,
5548,2026-07-11T00:00:00Z,2.6898762099251458e-08,4.9938511023792945e-09,6.093879745780003e-11,294.5269825195517,292.5925396023888,91320.0897005014,4.40361898901565,270.33948107700314,12.8302,261.61,864.81,61.49,24.45,
5548,2026-07-12T00:00:00Z,2.3588790295026396e-08,7.200087964255284e-09,4.852786545255304e-11,293.3656852073591,292.63164848310487,91168.26915562352,3.87260871635656,270.28950919492434,12.8251,261.61,864.81,61.49,24.65,
5548,2026-07-13T00:00:00Z,2.6939830610178164e-08,5.469486498719288e-09,1.1752019565039344e-10,293.3973047289474,292.0806860986656,91175.15691322542,3.942212201925939,264.1815072647468,12.8198,261.61,864.81,61.49,24.55,
5548,2026-07-14T00:00:00Z,2.7373531401528614e-08,7.020184005715586e-09,1.3690247388207019e-10,292.8801298485693,292.0381980678189,91169.0774080014,3.950863583388052,271.4299120657644,12.8143,261.61,864.81,61.49,24.85,
5548,2026-07-15T00:00:00Z,2.9246865649078178e-08,8.733069104678074e-09,5.180703966065647e-11,292.7055910476341,291.7715115828507,91286.9094307254,3.494423021329232,277.5432300178721,12.8086,261.61,864.81,61.49,24.55,
5548,2026-07-16T00:00:00Z,2.831984200264504e-08,1.0124762426758742e-08,2.579229824661296e-11,292.0781166204777,291.4228799672262,91340.83796649562,2.6085343922920177,262.79077905271265,12.8027,261.61,864.81,61.49,24.65,
5548,2026-07-17T00:00:00Z,3.006981511018881e-08,5.5541389936563925e-09,6.819636395414738e-11,294.2772763033545,291.8903221260638,91312.78092334465,4.049709534149875,260.8151298218056,12.7965,261.61,864.81,61.49,21.55,
5548,2026-07-18T00:00:00Z,3.0738117269161886e-08,4.977204289309519e-09,3.081901696500104e-11,293.80770954884804,291.74748362985486,91255.14319910906,4.61472583543148,261.3044688397828,12.7902,261.61,864.81,61.49,21.450000000000003,
5548,2026-07-19T00:00:00Z,2.670640945067088e-08,5.961396702526573e-09,2.4576479178345175e-11,293.3601671163012,291.8914163588971,91260.44746860908,3.759974798003217,265.4121449535492,12.7837,261.61,864.81,61.49,21.45,
5548,2026-07-20T00:00:00Z,2.700368937398024e-08,4.797687077478295e-09,9.671815916176055e-11,293.9447744231846,292.1752518893299,91291.97024776296,3.925786611258787,260.8867721118488,12.7769,261.61,864.81,61.49,21.3,
5548,2026-07-21T00:00:00Z,2.3475611608765312e-08,7.578279067385478e-09,3.1769189991806325e-11,293.6323552934993,292.015915880224,91307.01873900718,3.49943508224599,257.5506773187216,12.77,261.61,864.81,61.49,21.25,
5548,2026-07-22T00:00:00Z,2.3357688975291847e-08,6.585103948552184e-09,1.1237984226406993e-10,294.1952723329088,292.4785645292115,91296.25108262064,3.5701340527846765,254.3541928400239,12.7629,261.61,864.81,61.49,21.15,
5548,2026-07-23T00:00:00Z,2.0969032391056346e-08,7.0004624536315355e-09,1.0713315882135148e-10,293.39148683275323,291.991357019691,91258.51084553024,3.7622187200641,247.3332959753729,12.7556,261.61,864.81,61.49,21.25,
5548,2026-07-24T00:00:00Z,2.3432839715073903e-08,6.184819401240592e-09,5.1511905214543476e-11,293.0589292393048,291.3886537776504,91227.6163085014,3.693633219213211,255.06262043639617,12.7482,261.61,864.81,61.49,23.15,
5548,2026-07-25T00:00:00Z,2.1344687741689325e-08,6.684485752480678e-09,4.2845297781443805e-11,293.2681259864884,292.05086472084497,91222.79994638794,3.695410610529765,256.8333622975637,12.7405,261.61,864.81,61.49,22.95,
5548,2026-07-26T00:00:00Z,2.7378041167016043e-08,4.6691067864492145e-09,5.6263821783099366e-11,293.6060969073714,291.7323987753241,91176.88776988216,4.5807304179807184,267.03218908085427,12.7327,261.61,864.81,61.49,23.25,
5548,2026-07-27T00:00:00Z,3.191784471838315e-08,3.111314068523997e-09,3.686528347652621e-11,294.65829695693003,292.32713644311355,91129.39139017549,4.892128332729064,267.944500329578,12.7248,261.61,864.81,61.49,23.15,
5548,2026-07-28T00:00:00Z,3.1838372080982924e-08,4.0418585741500114e-09,4.2715428416545286e-11,294.42616460259376,292.6100179082342,91043.85257103026,5.165921620843815,256.57351851445867,12.7166,261.61,864.81,61.49,23.25,
5548,2026-07-29T00:00:00Z,3.220774032251248e-08,3.700236218768266e-09,1.070197192467299e-11,294.82250658063464,292.42245730877346,91006.64636293412,5.216722219670939,264.1349843616347,12.7083,261.61,864.81,61.49,23.3,
5548,2026-07-30T00:00:00Z,3.30311450997361e-08,3.3437390852973593e-09,9.0898569160824e-12,294.3998501904219,292.194349980435,90850.68646364372,5.999643410714191,263.30785932443604,12.6999,261.61,864.81,61.49,23.2,
5548,2026-07-31T00:00:00Z,2.601652642111196e-08,3.2976648166035533e-09,6.437579916214004e-12,294.5498769694009,292.0670280520079,90791.17564944856,5.850647623331847,260.60066575481545,12.6913,261.61,864.81,61.49,23.25,
5548,2026-08-01T00:00:00Z,2.6980124150955264e-08,3.751096648273167e-09,5.054511162106774e-12,294.32244915209355,292.25209364276185,90929.37757392546,4.99148371607448,261.6953725010994,12.6826,261.61,864.81,61.49,23.15,
5548,2026-08-02T00:00:00Z,3.0227746990616774e-08,3.496699025125752e-09,1.3715444890832371e-11,294.89097042580863,292.2983964229398,91128.94586094654,5.674671849427173,269.1647481940328,12.6737,261.61,864.81,61.49,23.35,
5548,2026-08-03T00:00:00Z,2.987602726651259e-08,4.186614730336471e-09,6.283646100698113e-11,294.45142095024323,292.32804180833153,91160.19408924851,4.282862657656123,273.58545624642124,12.6647,261.61,864.81,61.49,23.65,
5548,2026-08-04T00:00:00Z,3.421998592076086e-08,4.835200634894956e-09,2.933752838741499e-11,294.1510549206507,292.5409358458801,91233.6998251206,4.688031972146885,274.245749890038,12.6555,261.61,864.81,61.49,23.25,
5548,2026-08-05T00:00:00Z,3.4381806284452584e-08,4.6363381643336135e-09,3.0321130371240014e-11,294.0637871356494,292.46664137763213,91145.93366614085,4.657393860487918,274.51384730365635,12.6463,261.61,864.81,61.49,23.35,
5548,2026-08-06T00:00:00Z,2.7551760785312307e-08,5.2645638521927725e-09,2.142010942462248e-11,293.7521013246795,293.10032697454443,91102.73788853314,4.574194578920456,265.6014595744928,12.6369,261.61,864.81,61.49,23.35,
5548,2026-08-07T00:00:00Z,3.3102828320288774e-08,3.6583001651315352e-09,1.4890278744669145e-11,294.3984355621657,292.1316270047025,91047.0748632514,5.6124401457930455,278.5966828317093,12.6274,261.61,864.81,61.49,,
5548,2026-08-08T00:00:00Z,2.8937083596023197e-08,3.800493014737549e-09,3.6126884618952266e-11,294.0093444413252,292.3282330864276,91056.95253650428,5.49397727655143,272.53372836216704,12.6177,261.61,864.81,61.49,,
5548,2026-08-09T00:00:00Z,2.9446033978166064e-08,4.1405476221359126e-09,4.204333371928339e-11,294.1408924747445,292.0638147516058,91146.7158210187,4.595984770835801,277.97891234616634,12.608,261.61,864.81,61.49,,
5548,2026-08-10T00:00:00Z,2.6621611115015424e-08,4.280218021579426e-09,1.2854460751731432e-10,294.3106310634811,292.4338320086244,91178.42528639948,3.807684943733437,270.0595124030362,12.5981,261.61,864.81,61.49,,
5548,2026-08-11T00:00:00Z,2.5578199234443605e-08,5.195024141465649e-09,9.494380099598656e-11,294.1743049914129,292.2916064752284,91074.62299488504,3.953154050113568,269.67506007338034,12.5881,261.61,864.81,61.49,,
5548,2026-08-12T00:00:00Z,2.7698817577686773e-08,4.991269650138773e-09,6.17532471646693e-11,294.1780233259401,292.1603363271855,91198.45352375427,4.149615181002649,264.3500724509022,12.5781,261.61,864.81,61.49,,
5548,2026-08-13T00:00:00Z,2.745453630598893e-08,5.379512937315282e-09,6.294417695987786e-11,294.3870843010744,292.478920706129,91346.77526699271,4.076677597584424,263.3065271076297,12.5679,261.61,864.81,61.49,,
5548,2026-08-14T00:00:00Z,2.523795361477679e-08,6.219884666695959e-09,6.44800111632715e-11,293.88062024325734,292.3827975614833,91366.79799996674,4.058836347126969,269.3378256702182,12.5577,261.61,864.81,61.49,,
5548,2026-08-15T00:00:00Z,3.132229407771428e-08,4.900423835808159e-09,2.8933805813023452e-11,294.30408531412684,292.2691194368431,91318.41821887351,4.381236828277618,272.8706103678654,12.5473,261.61,864.81,61.49,,
5548,2026-08-16T00:00:00Z,2.856353442104943e-08,5.607795205857605e-09,9.104143692268286e-11,293.5678980559034,292.1510009618081,91284.35116406866,3.890021325256917,269.1542383655772,12.5369,261.61,864.81,61.49,,
5548,2026-08-17T00:00:00Z,2.9125798528633584e-08,5.274631284148831e-09,1.1801734372189124e-10,293.36736012588057,292.2871547290818,91332.6285373966,3.4917763625785,265.593311302348,12.5263,261.61,864.81,61.49,,
5548,2026-08-18T00:00:00Z,2.5476305079232945e-08,7.844702993262513e-09,3.175429750496022e-11,292.9988086315482,292.0511127903514,91468.5838062312,3.158344040056805,266.79790162383347,12.5157,261.61,864.81,61.49,,
5548,2026-08-19T00:00:00Z,2.3949679261101317e-08,4.937580418186421e-09,6.580755371147259e-11,294.3352774966724,292.0188639829443,91408.14756779467,3.9204710200124566,272.38463154084207,12.505,261.61,864.81,61.49,,
5548,2026-08-20T00:00:00Z,2.4989399364638454e-08,4.259914584621568e-09,5.886824794160832e-11,294.91989101706486,292.22935138299016,91351.42101627737,4.38804938919789,281.0768286269312,12.4943,261.61,864.81,61.49,,
5548,2026-08-21T00:00:00Z,2.590187113562056e-08,4.6289177664785e-09,7.400253809466143e-11,294.0914070504773,291.8883204586348,91285.80912910908,4.477842484986343,273.322495200027,12.4834,261.61,864.81,61.49,,
5548,2026-08-22T00:00:00Z,2.787383403703199e-08,5.220065369055956e-09,4.364296760693239e-11,293.3240623786117,291.55507763977425,91300.05856709465,4.275057453994105,270.04785540449586,12.4725,261.61,864.81,61.49,,
5548,2026-08-23T00:00:00Z,2.6160999344541783e-08,5.111737872858969e-09,8.392476374080885e-11,294.1440162991822,292.16986419937024,91301.26259987638,4.2493005547009775,260.2233554018954,12.4616,261.61,864.81,61.49,,
5548,2026-08-24T00:00:00Z,2.6603767830049867e-08,3.805905162733706e-09,7.631198514130734e-11,294.44340975041547,292.3754732629705,91301.10169489084,4.838545875567451,264.8087667381852,12.4505,261.61,864.81,61.49,,
5548,2026-08-25T00:00:00Z,2.7525430868795743e-08,5.0558851877784335e-09,4.4970726141059614e-11,294.5500177015541,292.89221918530615,91291.29305142544,4.472345520983432,258.17797627878343,12.4394,261.61,864.81,61.49,,
5548,2026-08-26T00:00:00Z,2.7438125256623452e-08,5.076942939028655e-09,5.1992121153841664e-11,294.49377501202514,293.048115283821,91408.6142725158,4.505476354122972,264.3603356428952,12.4283,261.61,864.81,61.49,,
5548,2026-08-27T00:00:00Z,2.9804831747821676e-08,4.316625871823192e-09,6.779362643239404e-11,294.3717074938918,292.12151925190545,91377.76984526005,4.783369971342563,273.1027371909728,12.4171,261.61,864.81,61.49,,
5548,2026-08-28T00:00:00Z,2.8545619585158346e-08,4.945296242587193e-09,5.018315194971197e-11,293.5142074111155,292.0104501710357,91329.68932249272,4.537476776370351,267.6708687487807,12.4058,261.61,864.81,61.49,,
5548,2026-08-29T00:00:00Z,2.9250851818777997e-08,4.171234282516729e-09,3.9485309757148585e-11,293.5747528677853,291.58937726501625,91354.445859211,4.9842948514259175,273.7554383014503,12.3945,261.61,864.81,61.49,,
5548,2026-08-30T00:00:00Z,2.5435776682690472e-08,5.444328821158131e-09,5.308679148881128e-11,292.825536658742,291.5027682086258,91343.25883684176,4.138476001081598,265.392860548203,12.3831,261.61,864.81,61.49,,
5548,2026-08-31T00:00:00Z,2.7706337206508983e-08,3.840389126116301e-09,1.040060260406104e-10,293.85265755590564,291.80017617483617,91415.0595241062,4.237115205835171,272.5241838081778,12.3717,261.61,864.81,61.49,,
5548,2026-09-01T00:00:00Z,2.136942060142829e-08,7.1229368252722885e-09,9.043412208360394e-11,293.34270257354456,292.1639368382937,91356.90445970232,3.391466706654857,275.0514112560296,12.3603,261.61,864.81,61.49,,
5548,2026-09-02T00:00:00Z,2.1287876462374545e-08,7.527473772960623e-09,9.425897710607196e-11,293.3657916728024,292.2554027758288,91437.81352898695,2.923170471490977,270.62874557342207,12.3488,261.61,864.81,61.49,,
5548,2026-09-03T00:00:00Z,1.8288411352158143e-08,8.721186385417521e-09,6.957864861037274e-11,293.1205158539662,292.48303074420926,91401.51710749272,2.9283105148771664,267.6471902687929,12.3373,261.61,864.81,61.49,,
5548,2026-09-04T00:00:00Z,1.8750073122958984e-08,9.406828454761988e-09,6.376348282782195e-11,293.397294021988,292.77029176314363,91383.74557863794,3.282738688628204,265.7521937008645,12.3257,261.61,864.81,61.49,,
5548,2026-09-05T00:00:00Z,1.7866085204721395e-08,1.0807704702959581e-08,5.4830389103630575e-11,293.09188072029207,292.90217187989003,91482.0648212456,1.9691934722793207,273.9054794357743,12.3141,261.61,864.81,61.49,,
5548,2026-09-06T00:00:00Z,2.2152967617106578e-08,9.523784733744471e-09,2.5309591764574008e-11,294.0058680416163,293.2159798295689,91496.42281343124,2.449626167318835,279.7520231401256,12.3025,261.61,864.81,61.49,,
5599,2026-06-07T00:00:00Z,5.2431597105280474e-08,7.88932302735126e-09,1.43200326924908e-11,296.8788336963453,295.3159703553317,94280.3699273776,3.462765024784725,246.2126355494671,13.1386,288.95,564.49,35.09,,
5599,2026-06-08T00:00:00Z,4.987573867259091e-08,8.451959735418e-09,2.2230098472791224e-11,296.89974239526384,295.8617716936228,94301.02019497698,3.301280394224433,270.4170318665415,13.1434,288.95,564.49,35.09,,
5599,2026-06-09T00:00:00Z,3.7982093093360675e-08,9.251241390782523e-09,1.0936294339225593e-11,298.4944263159652,293.0916643469977,94213.6642397456,4.57573653480569,264.0597562223994,13.1478,288.95,564.49,35.09,,
5599,2026-06-10T00:00:00Z,3.4861748510149293e-08,8.538874864561804e-09,1.1893016203546215e-11,297.2717380908992,295.61375342293354,94195.09553724638,4.882504493529333,261.2814673261191,13.1519,288.95,564.49,35.09,,
5599,2026-06-11T00:00:00Z,3.2329210146539015e-08,7.3613341495089495e-09,1.326548628128411e-11,298.59270254422614,294.36293717094253,94155.5970203396,4.870120544838474,267.98778503163686,13.1556,288.95,564.49,35.09,,
5599,2026-06-12T00:00:00Z,3.4996474381447375e-08,9.810480170420153e-09,1.0560582098047663e-11,299.50408864421706,293.52426738124245,94169.7115517208,4.620810284150245,253.0439325490972,13.159,288.95,564.49,35.09,,
5599,2026-06-13T00:00:00Z,3.426681765346282e-08,1.0910579504108246e-08,9.702407804130555e-12,299.30457608714494,294.0764573633444,94317.87840810038,4.878736932953775,241.05893911303556,13.1621,288.95,564.49,35.09,,
5599,2026-06-14T00:00:00Z,5.067644461010857e-08,7.3763920170961385e-09,9.517177615865323e-12,300.26909172121367,292.66087553449864,94299.657950897,4.659302468489873,288.3035214959367,13.1648,288.95,564.49,35.09,,17.3
5599,2026-06-15T00:00:00Z,4.086782148091078e-08,8.966719138183499e-09,1.5272830434069345e-11,299.27884983108146,290.844782118096,94248.7089463574,4.080105067494229,302.83320840935943,13.1671,288.95,564.49,35.09,,21.200000000000003
5599,2026-06-16T00:00:00Z,3.4085770839148445e-08,2.2210088691056618e-08,4.31945862283551e-11,298.8667699348845,292.62275888073174,94279.13702379138,2.1056990329712173,292.2043662949278,13.1691,288.95,564.49,35.09,,57.599999999999994
5599,2026-06-17T00:00:00Z,1.2117762824572772e-08,4.8363374684192055e-08,2.0037339681431167e-10,298.3832503029639,292.6350247550255,94333.70919132238,1.5800191663821137,255.00020936050197,13.1707,288.95,564.49,35.09,,
5599,2026-06-18T00:00:00Z,4.6429144418927776e-08,1.0736630487818131e-08,9.8160974610217e-12,299.7966165332408,290.3566619113184,94367.07911589618,4.29035220956264,290.4681252589129,13.172,288.95,564.49,35.09,,53.7
5599,2026-06-19T00:00:00Z,5.506363041797962e-08,1.2558466786530478e-08,1.0051745579872668e-11,299.00793309918646,293.3280365413275,94274.71074168338,4.26109597758733,217.9383973185923,13.1729,288.95,564.49,35.09,,
5599,2026-06-20T00:00:00Z,4.663065615505884e-08,1.4708597091845126e-08,1.2595662890345331e-11,299.4795941074142,291.1452055472617,94348.7792158302,3.452920375624947,244.8285860514452,13.1735,288.95,564.49,35.09,,
5599,2026-06-21T00:00:00Z,5.2907395096769844e-08,9.703708239175077e-09,2.8110378323080296e-11,296.71771931546294,295.8885890745566,94364.9526912914,1.4717235503559505,233.71835493082057,13.1737,288.95,564.49,35.09,,
5599,2026-06-22T00:00:00Z,3.970233954814258e-08,7.827858052345708e-09,1.0215520192622948e-11,297.2335764804355,294.8432241786373,94394.51933142338,3.4785741100212,249.61100282912585,13.1735,288.95,564.49,35.09,,
5599,2026-06-23T00:00:00Z,3.727324961084086e-08,8.165593271748655e-09,1.1234106437367177e-11,296.8360055543779,295.2107340707096,94308.14027116015,3.930385933342687,259.89865060729494,13.173,288.95,564.49,35.09,,
5599,2026-06-24T00:00:00Z,2.7209730431416343e-08,6.816071438949395e-09,1.1547772839417892e-11,297.5320142388037,293.9060113728345,94118.1232020158,4.493408254196279,250.957039152449,13.1721,288.95,564.49,35.09,,
5599,2026-06-25T00:00:00Z,3.22774622088374e-08,7.720844123670225e-09,1.0735017016311098e-11,296.8390780502877,294.2347988754633,94215.0324157976,4.522224697454122,266.3215052532998,13.1709,288.95,564.49,35.09,,
5599,2026-06-26T00:00:00Z,4.537612301481768e-08,7.976528265986642e-09,1.1349117998702672e-11,296.68607283867027,295.53152297352443,94179.12785102816,3.7460763707567977,286.1378402245028,13.1693,288.95,564.49,35.09,,16.2
5599,2026-06-27T00:00:00Z,4.9678993767249834e-08,8.112368546656312e-09,1.2330887784740398e-11,296.6210836700851,295.7838290316772,94177.6106015856,2.926119612980323,283.03595674214614,13.1673,288.95,564.49,35.09,,82.2
5599,2026-06-28T00:00:00Z,4.1926521180724814e-08,9.29583954531788e-09,1.2273504330150545e-11,296.64630425870683,296.2034474735717,94111.94775787216,3.295540381348577,263.4325007999012,13.165,288.95,564.49,35.09,,
5599,2026-06-29T00:00:00Z,3.076598930961306e-08,1.0036119289296374e-08,1.9833631918722917e-11,296.4448447721336,296.0124203715971,94036.11023576498,2.5375232371375978,251.09435140376297,13.1624,288.95,564.49,35.09,,
5599,2026-06-30T00:00:00Z,2.9450595664050984e-08,6.846662708695513e-09,1.0568830494615935e-11,296.62952212103664,294.5016847723283,94135.19365194978,4.92515772502298,265.3232070303296,13.1594,288.95,564.49,35.09,,
5599,2026-07-01T00:00:00Z,2.839708229076245e-08,6.058349122136049e-09,9.922393280210411e-12,297.19077147345297,294.57911187743827,94022.8908281998,5.6250684729768565,260.77773392447284,13.156,288.95,564.49,35.09,,
5599,2026-07-02T00:00:00Z,2.9532803879765745e-08,5.7921005911148135e-09,1.2261664398400714e-11,295.6490484213418,294.95147625265605,94023.52116451578,6.105002261034692,266.4854938313576,13.1523,288.95,564.49,35.09,,
5599,2026-07-03T00:00:00Z,3.1152474145993135e-08,5.1882517406877e-09,9.74150121834424e-12,296.7163607355706,294.0168391621533,94055.6944795166,6.221286718801804,262.3124718435475,13.1483,288.95,564.49,35.09,,
5599,2026-07-04T00:00:00Z,3.208820634184794e-08,4.029679247234374e-09,9.432624851551329e-12,296.8184345151439,294.49336401154767,93845.5788719832,7.578640363325056,265.0978198847823,13.1439,288.95,564.49,35.09,,
5599,2026-07-05T00:00:00Z,3.502611178721494e-08,3.1455196294004247e-09,7.846079975806733e-12,295.2814850878826,294.318173741473,93805.5636020508,8.078183635630255,253.03310767710656,13.1392,288.95,564.49,35.09,,
5599,2026-07-06T00:00:00Z,3.596460094634379e-08,3.4833070935360603e-09,7.593174151909414e-12,297.0507659036705,293.96957096288776,93859.54157385898,7.251420914770525,248.6909038163772,13.1342,288.95,564.49,35.09,,
5599,2026-07-07T00:00:00Z,3.6231190264866345e-08,3.640415732303594e-09,7.039178560279484e-12,297.4864812324031,293.6763252742692,93799.76396363,7.771167237051796,237.04204897650936,13.1288,288.95,564.49,35.09,,
5599,2026-07-08T00:00:00Z,3.0802089203718033e-08,4.531643394039497e-09,8.96970705266611e-12,297.5240087897164,293.9343776966877,93953.36994208256,6.344382945536376,242.066656017312,13.1231,288.95,564.49,35.09,,
5599,2026-07-09T00:00:00Z,2.4303476004462364e-08,6.281418847504762e-09,1.791553378583774e-11,297.15512705006427,294.5963272183119,94101.6888722138,5.15789115895865,254.2436964242632,13.1171,288.95,564.49,35.09,,
5599,2026-07-10T00:00:00Z,2.5474815085475192e-08,6.714031432733137e-09,1.0201183067925654e-11,297.6740570962057,293.9334524108185,94275.15277931858,4.517662282606097,267.7499837207373,13.1108,288.95,564.49,35.09,,
5599,2026-07-11T00:00:00Z,2.6599858228746423e-08,5.8722630342148874e-09,1.0271631949292626e-11,297.4039076604345,293.52099809006364,94268.7096238256,4.897828282080091,267.035464608249,13.1041,288.95,564.49,35.09,,
5599,2026-07-12T00:00:00Z,2.8235631765332117e-08,5.7603348672120155e-09,7.824165975305666e-12,297.4959118218472,293.2050759919688,94116.4648159312,5.314396705762142,262.9380610440434,13.0972,288.95,564.49,35.09,,
5599,2026-07-13T00:00:00Z,2.7267521114794576e-08,5.113797965237459e-09,1.7705994143369668e-11,296.82254303900464,293.1836783350766,94122.3070692526,4.695913231549475,269.82549714105323,13.0899,288.95,564.49,35.09,,
5599,2026-07-14T00:00:00Z,3.4963255290864694e-08,5.325920104135781e-09,6.929938557221546e-12,296.7240520571274,291.9981880121496,94223.8771472456,5.19708821227538,287.0797331575234,13.0824,288.95,564.49,35.09,,17.4
5599,2026-07-15T00:00:00Z,3.739199663888968e-08,7.343974453899361e-09,6.729608000520577e-12,297.2098210815276,292.4416486440087,94310.1790002728,4.6420752190634245,281.0002289566472,13.0745,288.95,564.49,35.09,,18.1
5599,2026-07-16T00:00:00Z,3.7335621243474134e-08,6.300681897237334e-09,5.562682895706168e-12,297.02211963108726,293.4975189704403,94320.20138974638,4.727568710627284,272.1989107540991,13.0664,288.95,564.49,35.09,,
5599,2026-07-17T00:00:00Z,3.284423477504657e-08,6.6528258208708885e-09,5.932529074945942e-12,297.64232356290995,293.9571850473076,94277.1690799102,4.711459118338639,269.83407826162,13.058,288.95,564.49,35.09,,
5599,2026-07-18T00:00:00Z,2.7594713555720583e-08,8.338690734582211e-09,7.6719743426414e-12,295.9904984660301,295.15951308313566,94242.6879848116,4.472634595519302,270.24319286052133,13.0493,288.95,564.49,35.09,,
5599,2026-07-19T00:00:00Z,2.2461212336473783e-08,8.581186867739884e-09,9.706938766585215e-12,295.6489590161898,294.9879136939266,94209.04030319978,4.299180737751239,263.5953093226501,13.0403,288.95,564.49,35.09,,
5599,2026-07-20T00:00:00Z,2.5253958700512522e-08,5.583692055375275e-09,1.8785006063735045e-11,295.76450228808903,294.1524224794856,94241.5001950088,4.793562638411347,264.95062680297764,13.0311,288.95,564.49,35.09,,
5599,2026-07-21T00:00:00Z,2.687033982566468e-08,5.449494751071101e-09,1.0545272962115698e-11,296.118417366005,293.6895683395502,94272.11240675338,5.140629489439144,266.03391381639267,13.0216,288.95,564.49,35.09,,
5599,2026-07-22T00:00:00Z,2.579697579766017e-08,5.197239506039382e-09,1.2424634498761348e-11,296.14085629138924,293.7609027543211,94204.87155698315,5.617483260279684,254.19153765516407,13.0119,288.95,564.49,35.09,,
5599,2026-07-23T00:00:00Z,2.904381824601781e-08,5.413961018988676e-09,7.472124649518896e-12,295.3170777686104,292.7669511700495,94177.98336813538,5.7424450472275135,242.0590836203581,13.0019,288.95,564.49,35.09,,
5599,2026-07-24T00:00:00Z,3.760601727861677e-08,4.353360526752335e-09,4.492588143382741e-12,295.7604414916757,290.906882155194,94160.36416797238,5.818958524698992,244.26766595310116,12.9916,288.95,564.49,35.09,,
5599,2026-07-25T00:00:00Z,2.3905010830477584e-08,4.918614432576507e-09,2.7919559554253468e-11,295.65595129520307,292.2042811273837,94150.76699425338,5.000994173261255,259.7618399799095,12.9811,288.95,564.49,35.09,,
5599,2026-07-26T00:00:00Z,2.476120447751928e-08,5.102935746422752e-09,1.5405851735500835e-11,296.09183390564783,293.7600100521953,94132.2524928062,5.179607951283835,261.5957976333549,12.9704,288.95,564.49,35.09,,
5599,2026-07-27T00:00:00Z,2.6872767147207305e-08,5.352171401982927e-09,2.251900874879829e-11,296.7410878436767,293.94286745005144,94087.37548099556,5.086074981113272,269.45767373524563,12.9595,288.95,564.49,35.09,,
5599,2026-07-28T00:00:00Z,2.8002103604824873e-08,6.2672971627784015e-09,8.704634571886527e-12,295.9290414618467,294.59299252091705,93983.90508494356,5.107074885976536,259.06888108679465,12.9483,288.95,564.49,35.09,,
5599,2026-07-29T00:00:00Z,2.5944310860010624e-08,5.624493211387666e-09,1.6839540769753905e-11,295.7555071404568,295.0814433832002,93878.76619366018,5.760544217177453,265.0855616637378,12.937,288.95,564.49,35.09,,
5599,2026-07-30T00:00:00Z,3.0433540711226215e-08,4.797714407136031e-09,9.922918344250375e-12,295.6316474117503,294.9242275563112,93615.0342644172,6.461417500572731,264.0962645317843,12.9254,288.95,564.49,35.09,,
5599,2026-07-31T00:00:00Z,3.02064213255165e-08,4.48598328686089e-09,1.4579324324516558e-11,295.4908643843701,294.6290142145794,93562.851535668,6.267503238468144,248.4957849683036,12.9136,288.95,564.49,35.09,,
5599,2026-08-01T00:00:00Z,2.4482618576717373e-08,5.605893607020877e-09,1.9902000410372352e-11,296.4106950216666,293.9143443101431,93840.848272609,5.103757633210494,245.2276141363876,12.9016,288.95,564.49,35.09,,
5599,2026-08-02T00:00:00Z,2.6315218826417778e-08,5.4097066647118325e-09,1.198643542114266e-11,296.3709787256246,293.72612177573706,94133.57412083258,4.85253781981817,260.0078445858951,12.8894,288.95,564.49,35.09,,
5599,2026-08-03T00:00:00Z,2.5890675477937936e-08,5.820729046239121e-09,2.227372317183408e-11,296.5315012215851,294.29201282776773,94150.8943790228,4.790311365494808,268.65978452954164,12.8771,288.95,564.49,35.09,,
5599,2026-08-04T00:00:00Z,2.848494006545537e-08,6.546719157766641e-09,1.1427918971993222e-11,296.2849070873027,295.44391256239044,94243.5364422464,4.67052512774601,273.201298032919,12.8645,288.95,564.49,35.09,,
5599,2026-08-05T00:00:00Z,3.1107075570440747e-08,7.062058877652118e-09,7.593081663197663e-12,296.01643918700114,295.422189802384,94133.12310017418,4.454139019178911,267.18914237963133,12.8518,288.95,564.49,35.09,,
5599,2026-08-06T00:00:00Z,2.345962081133585e-08,7.923578145581364e-09,1.0445945739694938e-11,295.9317245865136,294.8923569748531,94053.4527940888,4.733437892469721,266.60535459864656,12.8389,288.95,564.49,35.09,,
5599,2026-08-07T00:00:00Z,2.789872662234333e-08,5.613818432406457e-09,1.0160241798626543e-11,295.9780819838474,294.77473524703663,94039.19461037058,5.610594636514045,279.1006783520985,12.8258,288.95,564.49,35.09,,50.8
5599,2026-08-08T00:00:00Z,2.6995457374793492e-08,6.7410359542072305e-09,8.802777894630506e-12,295.5564939090957,294.7053333423913,94020.05673931778,4.822084569912311,273.9603378184521,12.8126,288.95,564.49,35.09,,
5599,2026-08-09T00:00:00Z,2.8638009728282698e-08,6.643953319057861e-09,7.94119474610178e-12,296.4126157256316,294.34463697630247,94143.60812576578,4.930176422820324,274.21662228651013,12.7992,288.95,564.49,35.09,,
5599,2026-08-10T00:00:00Z,2.9927547869541583e-08,6.427467150852673e-09,1.135206525604833e-11,296.8167538920462,293.9634577804624,94120.4640925088,4.338643708982043,268.9880650173231,12.7857,288.95,564.49,35.09,,
5599,2026-08-11T00:00:00Z,2.3591898293145048e-08,8.150815864310525e-09,8.942884764435318e-12,295.7473664825017,294.316733698178,94032.71457945058,4.54816864561421,258.0179154118743,12.772,288.95,564.49,35.09,,
5599,2026-08-12T00:00:00Z,2.6948124478017793e-08,6.005051909170015e-09,1.0796710788580919e-11,296.0030293989914,294.49540114726403,94144.912607279,4.83046989772296,265.0492017876858,12.7582,288.95,564.49,35.09,15.8,
5599,2026-08-13T00:00:00Z,2.331394637086229e-08,7.822825995660985e-09,1.190704264171202e-11,296.1837689841487,294.74654432226674,94321.785218727,4.588302080026208,264.0884366348413,12.7442,288.95,564.49,35.09,,
5599,2026-08-14T00:00:00Z,2.553150147865829e-08,6.469566237137171e-09,8.908319382952262e-12,296.2029347437126,293.3237184937529,94304.7320614568,4.726438380849866,268.38501629398627,12.7301,288.95,564.49,35.09,,
5599,2026-08-15T00:00:00Z,2.8817715869607e-08,6.052200415475829e-09,6.517268903353496e-12,296.698987995248,293.5607213370213,94278.25510260818,5.08481359810332,270.4503989718453,12.7159,288.95,564.49,35.09,25.0,
5599,2026-08-16T00:00:00Z,2.6895408154416877e-08,6.329293438313568e-09,8.772196244081664e-12,295.6559628637107,294.20635173831187,94259.05922566718,4.895793495490426,273.2863612505876,12.7016,288.95,564.49,35.09,,
5599,2026-08-17T00:00:00Z,2.780546558040221e-08,5.4233793883669944e-09,1.805109174036869e-11,296.2458859965485,293.63395284354993,94352.91811497616,4.653014847749339,265.001138450242,12.6871,288.95,564.49,35.09,25.15,
5599,2026-08-18T00:00:00Z,2.2163199120290277e-08,8.55670352465924e-09,1.1304067859001079e-11,295.9023391089027,293.8594050573503,94503.67137194978,3.625076574758514,269.1580021892112,12.6726,288.95,564.49,35.09,,
5599,2026-08-19T00:00:00Z,2.2943260860900497e-08,7.002508889255376e-09,1.0513228427291896e-11,296.25884531931507,294.56259999513566,94359.0605324762,5.051864834317119,275.27196921800663,12.6579,288.95,564.49,35.09,25.15,13.9
5599,2026-08-20T00:00:00Z,3.09753202546138e-08,6.370572170784792e-09,5.289950327917593e-12,296.5471508405504,293.8400435015174,94354.8666412914,4.789156986706003,281.859915894021,12.6431,288.95,564.49,35.09,25.15,13.1
5599,2026-08-21T00:00:00Z,3.545873450774175e-08,6.3143712276801594e-09,4.748673166916381e-12,296.5033891397782,293.304767992866,94295.60781425178,4.777764349438402,289.5790102817823,12.6282,288.95,564.49,35.09,25.15,37.6
5599,2026-08-22T00:00:00Z,2.76506515830866e-08,6.673869734695031e-09,6.954643532459486e-12,296.4415802026394,293.5729521940748,94287.28899504218,4.8955418563517945,273.8190028990461,12.6132,288.95,564.49,35.09,,
5599,2026-08-23T00:00:00Z,2.8242198437769202e-08,7.440502610974677e-09,6.079500055878621e-12,296.68565613191925,294.4481738999744,94239.35241132478,4.737937080841764,269.0159546638703,12.5982,288.95,564.49,35.09,,
5599,2026-08-24T00:00:00Z,3.221395772351243e-08,5.065155504533293e-09,1.4096517687339786e-11,295.95840625751634,295.0463150887826,94280.511918595,4.942785548467177,282.63768086647315,12.583,288.95,564.49,35.09,24.9,16.7
5599,2026-08-25T00:00:00Z,3.114482217727076e-08,6.9239217735737834e-09,8.179645816771226e-12,296.7064241528324,294.4115423236092,94264.1603614568,4.525585471998715,274.35173758824186,12.5678,288.95,564.49,35.09,,
5599,2026-08-26T00:00:00Z,2.6754247972713438e-08,6.997054017888589e-09,6.019501955079101e-12,295.83685802078,294.3269599926558,94337.19963010818,5.023521086927076,266.86859647349445,12.5524,288.95,564.49,35.09,24.9,
5599,2026-08-27T00:00:00Z,3.1495999971335174e-08,6.461846322939524e-09,5.565015262492532e-12,296.44207394044736,293.38282275351844,94337.0421586276,4.811239795870489,274.02893804461286,12.537,288.95,564.49,35.09,25.15,
5599,2026-08-28T00:00:00Z,2.55106472752965e-08,6.876398821766819e-09,6.5034828732305356e-12,295.92001882591245,292.83354230979546,94319.04520908798,4.587837798054016,269.72238833493486,12.5215,288.95,564.49,35.09,,
5599,2026-08-29T00:00:00Z,2.5555682560148442e-08,5.9482439693821956e-09,1.0026124459769011e-11,296.25998117454446,293.6178754706555,94314.6044884964,5.377746956109602,273.82113904375,12.506,288.95,564.49,35.09,25.0,
5599,2026-08-30T00:00:00Z,2.58914510219668e-08,5.7284730498954364e-09,7.445464557436856e-12,295.9543086689023,293.48330526725056,94267.40094573238,5.200495193986868,275.8342834864751,12.4904,288.95,564.49,35.09,,
5599,2026-08-31T00:00:00Z,3.143449516584296e-08,4.815383253513209e-09,5.075050090938436e-12,296.3667256357837,293.24852922924936,94373.64714237838,5.308464556311132,280.59975519798604,12.4747,288.95,564.49,35.09,,35.9
5599,2026-09-01T00:00:00Z,3.0489627148796035e-08,8.106738547143798e-09,4.861459309584639e-12,296.4342926330061,293.455578052098,94350.51768132318,3.8359936892252726,283.7443274453391,12.4589,288.95,564.49,35.09,,12.8
5599,2026-09-02T00:00:00Z,3.342537760701953e-08,8.004923867768785e-09,5.7838890498068495e-12,296.61740180203725,293.7186652200557,94441.0900800748,3.722676812392066,271.5338304558459,12.4431,288.95,564.49,35.09,24.95,
5599,2026-09-03T00:00:00Z,2.8535241044871032e-08,8.265475330079582e-09,1.1988581131210286e-11,296.01014340742574,294.88810572460045,94399.52447826498,3.4716355289567327,260.3738816615871,12.4273,288.95,564.49,35.09,25.0,
5599,2026-09-04T00:00:00Z,1.899298649834897e-08,1.1790258050400037e-08,1.197919386625158e-11,296.04731088453264,294.1855788013903,94374.63384444978,2.832663829063584,258.8212270951801,12.4114,288.95,564.49,35.09,,
5599,2026-09-05T00:00:00Z,2.429655822301928e-08,1.3691650244426971e-08,1.1620622407389395e-11,295.95112627079664,293.8221339058376,94551.08756030456,2.434530160313606,260.755871281616,12.3954,288.95,564.49,35.09,,
5599,2026-09-06T00:00:00Z,3.660096396671865e-08,7.840170874494469e-09,6.3611218397382826e-12,296.17928411620306,294.30025457463034,94587.40928819818,2.667471297019121,275.0595971378666,12.3794,288.95,564.49,35.09,,
5607,2026-06-07T00:00:00Z,2.281256606146165e-08,1.0405575005074332e-08,2.7469936872078983e-11,294.0821598463922,293.7087047966451,91379.06269003711,2.9285541725142608,244.7767029172648,12.8621,256.98,871.37,43.98,0.0,
5607,2026-06-08T00:00:00Z,3.105931242377468e-08,5.773110217932692e-09,1.505106590445801e-10,294.28575764735905,293.9791614636702,91401.90913396874,3.708670655523271,256.53265898059016,12.8656,256.98,871.37,43.98,,
5607,2026-06-09T00:00:00Z,3.212650601715995e-08,4.787314018255936e-09,6.735613254280538e-11,295.0427638295656,292.90965708608536,91381.7569909092,4.777258130831733,253.7940676888796,12.8689,256.98,871.37,43.98,,
5607,2026-06-10T00:00:00Z,3.1210219047187034e-08,5.780855834108306e-09,2.3737787565827808e-11,295.12212842302927,292.97871927795654,91345.85406180203,4.036830253503967,248.7441558070202,12.8719,256.98,871.37,43.98,,
5607,2026-06-11T00:00:00Z,2.873946479106876e-08,5.7967865122123005e-09,4.2794532666278985e-11,294.3536060024934,293.47285006165,91321.04298674228,4.193173270278521,273.87525008992696,12.8746,256.98,871.37,43.98,,
5607,2026-06-12T00:00:00Z,2.841693987864729e-08,6.343746065964193e-09,7.192247079195478e-11,294.2352470139506,293.6413093009027,91367.7237426682,4.484288913328577,258.72386014402355,12.8771,256.98,871.37,43.98,,
5607,2026-06-13T00:00:00Z,2.9261890955189445e-08,6.57311772468439e-09,4.916023374956075e-11,294.5404743271328,293.357470356464,91503.10244138824,4.0030283711031815,257.4255287557267,12.8794,256.98,871.37,43.98,,
5607,2026-06-14T00:00:00Z,3.214678383607022e-08,7.678220506223176e-09,5.040128620760333e-11,294.7185530505315,293.3770864110212,91493.54196312337,3.6320563828889862,261.2716964462568,12.8814,256.98,871.37,43.98,,
5607,2026-06-15T00:00:00Z,3.178914463972741e-08,5.26631712046384e-09,7.819530177315859e-11,294.2923960989977,293.0458304496485,91416.96170213824,3.8869452970711658,280.36182971783467,12.8831,256.98,871.37,43.98,,27.9
5607,2026-06-16T00:00:00Z,2.6057868536381816e-08,7.783938895815577e-09,1.0426097329001571e-10,293.9502740209776,293.22911632525046,91409.78535368585,3.066807163258268,289.8083636171413,12.8845,256.98,871.37,43.98,,27.3
5607,2026-06-17T00:00:00Z,2.4131300299092263e-08,1.2285824915535792e-08,7.184694517872172e-11,294.2437218074939,293.2168403463387,91473.00152122778,2.4320115463762124,278.8607692872081,12.8857,256.98,871.37,43.98,,28.0
5607,2026-06-18T00:00:00Z,2.7690372463339332e-08,1.1126969328197882e-08,2.174054839883258e-11,294.38766092053766,293.1699361470494,91513.50326715314,2.342655325808678,274.68777463873033,12.8867,256.98,871.37,43.98,,27.8
5607,2026-06-19T00:00:00Z,4.664698635385133e-08,9.246866041111977e-09,9.784783031184846e-12,294.122946766112,293.337777015065,91405.31864323952,2.8798958268245523,270.2635207353468,12.8873,256.98,871.37,43.98,,
5607,2026-06-20T00:00:00Z,2.5595702130959176e-08,1.7100809342091713e-08,3.6005917918682746e-11,294.24555811298546,293.6851801847509,91471.19178668584,2.532281828010932,245.011880621598,12.8877,256.98,871.37,43.98,,
5607,2026-06-21T00:00:00Z,1.7979115590475524e-08,1.4861858212110105e-08,3.0055410117713656e-10,294.0751430485413,292.63560036300817,91432.01497768292,1.5675600956268392,238.02925134003576,12.8879,256.98,871.37,43.98,,
5607,2026-06-22T00:00:00Z,2.1427411454218267e-08,8.587252194077538e-09,3.6492733527840446e-10,293.96475499111284,293.5733399651505,91427.77224138842,3.19920221586653,235.88305440376763,12.8878,256.98,871.37,43.98,,
5607,2026-06-23T00:00:00Z,2.9033004223120208e-08,5.347692611922359e-09,6.904209324811771e-11,294.3141862388968,292.5160699343224,91372.4611589092,4.369163334187732,252.88722545954448,12.8874,256.98,871.37,43.98,,
5607,2026-06-24T00:00:00Z,2.9578990350378573e-08,4.692281694052922e-09,2.9800318818465346e-11,294.77687687919723,292.4862908679672,91353.60839433494,4.511644668209125,253.35466860192375,12.8867,256.98,871.37,43.98,,
5607,2026-06-25T00:00:00Z,2.7805328653529146e-08,5.7488824953090774e-09,5.645248356962661e-11,294.040256229326,292.32511949161085,91394.06362519469,4.093511450843229,257.9322324814203,12.8858,256.98,871.37,43.98,,
5607,2026-06-26T00:00:00Z,2.8849447866877727e-08,7.258450950831379e-09,5.5697370562374106e-11,294.154442968057,292.6731121343424,91361.5072645877,3.8550116053487633,256.8648665786298,12.8846,256.98,871.37,43.98,,
5607,2026-06-27T00:00:00Z,2.9186426983452948e-08,7.568653282142064e-09,6.558216537129921e-11,294.1563045949647,292.8738161228461,91303.39188417408,3.547206050612404,259.19548662189266,12.8832,256.98,871.37,43.98,,
5607,2026-06-28T00:00:00Z,2.5814157607459385e-08,7.725267094791898e-09,1.3131652557248182e-10,294.3422584883476,293.5349376358391,91261.37579329008,3.6290207536357375,241.28264841239013,12.8815,256.98,871.37,43.98,,
5607,2026-06-29T00:00:00Z,2.69968799126724e-08,5.849946606893002e-09,1.2190390863113262e-10,294.77974147436515,293.57645118085304,91238.41701541822,3.441718867938908,250.93947689632745,12.8796,256.98,871.37,43.98,,
5607,2026-06-30T00:00:00Z,3.4066071687658446e-08,3.765452013628713e-09,1.531929041401523e-11,294.8449925629635,292.54037627552805,91326.80234590314,4.93009089749229,265.5218823293594,12.8774,256.98,871.37,43.98,,
5607,2026-07-01T00:00:00Z,2.8964577206253736e-08,4.501317987023853e-09,2.379027149582082e-11,294.8705534408476,292.8046638945757,91301.5199569954,4.965768113432352,262.16532971348124,12.8749,256.98,871.37,43.98,,
5607,2026-07-02T00:00:00Z,2.883417713690727e-08,5.0320437061745756e-09,2.3701752561328453e-11,294.240826136818,293.42917227104584,91268.75966214138,4.902839634441408,257.9180776742048,12.8722,256.98,871.37,43.98,,
5607,2026-07-03T00:00:00Z,3.303925709923506e-08,4.377362276585786e-09,2.251358109327773e-11,294.7561661403284,292.71414337147485,91336.22140794486,5.056099563739827,258.1106362446262,12.8692,256.98,871.37,43.98,,
5607,2026-07-04T00:00:00Z,3.5498651457774354e-08,3.012126006930385e-09,5.8092169968599255e-12,294.4551639805378,292.8032591673069,91289.6732523704,6.156035382534912,262.29589619799424,12.866,256.98,871.37,43.98,,
5607,2026-07-05T00:00:00Z,3.4151744330343615e-08,2.8583707351773086e-09,1.327521483622316e-11,293.9737862958883,291.7501290123921,91249.2684294388,6.00454341168626,254.2883317323792,12.8625,256.98,871.37,43.98,,
5607,2026-07-06T00:00:00Z,3.9771741271300974e-08,2.452044269245273e-09,8.278522692510474e-12,294.4065597535084,291.9984602109056,91278.8926944568,6.039174882830282,245.6064269099109,12.8588,256.98,871.37,43.98,,
5607,2026-07-07T00:00:00Z,4.25278598217157e-08,2.4186775964867396e-09,5.9613072843733076e-12,294.7874330117704,292.0583327183466,91289.47560323366,6.859765832149432,250.729398681929,12.8549,256.98,871.37,43.98,,
5607,2026-07-08T00:00:00Z,3.3513152758169655e-08,2.5540291400169403e-09,5.277889613903595e-12,294.83823515756114,291.8077160715011,91349.6443080252,6.172833085192452,260.1830589405988,12.8507,256.98,871.37,43.98,,
5607,2026-07-09T00:00:00Z,3.0644227974052283e-08,3.318171430194125e-09,1.3791236657338302e-11,294.2363029122373,291.5453476528734,91384.67966374522,5.160244917296084,260.3967751229218,12.8463,256.98,871.37,43.98,,
5607,2026-07-10T00:00:00Z,2.7935967173716226e-08,4.772625737271164e-09,4.0102780413324237e-11,294.88915115867536,292.6577463174859,91452.11117734943,4.058340595094061,257.612778814746,12.8416,256.98,871.37,43.98,,
5607,2026-07-11T00:00:00Z,2.7263504745473842e-08,4.433827419707174e-09,5.381508025047323e-11,294.7733070155686,292.58724696581595,91483.19004319172,4.3008417963309125,270.06776794645344,12.8367,256.98,871.37,43.98,,
5607,2026-07-12T00:00:00Z,2.41576911278214e-08,6.353076559326196e-09,5.3491478904719904e-11,293.5432217915124,292.63980690547385,91332.05836486437,3.784060103093848,268.85904355222885,12.8316,256.98,871.37,43.98,,
5607,2026-07-13T00:00:00Z,2.7571631350608042e-08,4.875749288493722e-09,1.0800288868208224e-10,293.6944292895439,292.0486600724491,91337.61980343272,3.879818594964673,262.71383230409083,12.8263,256.98,871.37,43.98,,
5607,2026-07-14T00:00:00Z,2.8773951074953427e-08,6.030462284730475e-09,1.231896714224622e-10,293.1554883776758,291.83700161529816,91334.54378244172,3.902718914758944,271.0208958703957,12.8207,256.98,871.37,43.98,,
5607,2026-07-15T00:00:00Z,2.9958970348922895e-08,7.412372466735216e-09,7.205004447446882e-11,292.94226315773545,291.6179866277737,91454.97070180772,3.393311151797039,277.7461783815256,12.8149,256.98,871.37,43.98,,24.4
5607,2026-07-16T00:00:00Z,2.8284121067065315e-08,9.106719734733149e-09,3.12051251459018e-11,292.3107423127452,291.4155245615138,91501.65695928696,2.5209333147390245,259.2271353196948,12.809,256.98,871.37,43.98,,
5607,2026-07-17T00:00:00Z,3.1110997045239416e-08,4.757296332665669e-09,5.832993201993528e-11,294.6137306655751,291.8615091900278,91474.87830209044,3.950475925194919,259.7553394928214,12.8028,256.98,871.37,43.98,,
5607,2026-07-18T00:00:00Z,3.001605541074377e-08,4.951139719564925e-09,2.777738271109448e-11,294.05782992248584,291.8566033883339,91417.2760304149,4.3689867301481655,257.87953629732584,12.7964,256.98,871.37,43.98,,
5607,2026-07-19T00:00:00Z,2.7489576502386713e-08,5.197284977953658e-09,2.58287208564639e-11,293.610975675308,291.85758016788543,91423.3365819149,3.6375987248700654,263.7364021177638,12.7898,256.98,871.37,43.98,,
5607,2026-07-20T00:00:00Z,2.7307231426475764e-08,4.250387694752818e-09,7.931168877301605e-11,294.2028883362074,292.1089577359754,91451.3058182513,3.805666954486824,260.18271180736747,12.783,256.98,871.37,43.98,,
5607,2026-07-21T00:00:00Z,2.38712555726231e-08,6.827149589326998e-09,2.8370746730454728e-11,293.9203489301723,291.98891381352706,91466.84952759653,3.3680456286887104,253.1108294943901,12.776,256.98,871.37,43.98,,
5607,2026-07-22T00:00:00Z,2.3999443138917653e-08,5.865930818398754e-09,9.593672753138811e-11,294.497354184103,292.43679412792795,91454.77386397446,3.415695278768044,248.42490060413056,12.7689,256.98,871.37,43.98,,
5607,2026-07-23T00:00:00Z,2.1647862169541935e-08,6.268359814238354e-09,9.506145328546844e-11,293.63125729072874,291.9845179533516,91416.37919134065,3.760425773365532,243.288847000978,12.7615,256.98,871.37,43.98,,
5607,2026-07-24T00:00:00Z,2.3752566767976283e-08,5.802536811234501e-09,4.3546455914405454e-11,293.2850767902627,291.4139439069859,91388.69692319172,3.4907749603938427,248.7242851644472,12.754,256.98,871.37,43.98,,
5607,2026-07-25T00:00:00Z,2.1878300552501104e-08,5.890460338328077e-09,3.757077474614237e-11,293.58927395961064,292.0534158862979,91379.9202935638,3.593217900423003,251.93181229568813,12.7463,256.98,871.37,43.98,,
5607,2026-07-26T00:00:00Z,2.8010585362929225e-08,4.158870945017009e-09,4.7317397891968217e-11,293.89116976033,291.709772637322,91341.42493053402,4.43566940060038,264.9431611798174,12.7384,256.98,871.37,43.98,,
5607,2026-07-27T00:00:00Z,3.1712987145602436e-08,2.9809926420230235e-09,3.5484642192823905e-11,294.9806872963724,292.3612929851829,91290.43336200736,4.755164899263958,264.87580287373777,12.7304,256.98,871.37,43.98,,
5607,2026-07-28T00:00:00Z,3.2056539412284826e-08,3.6779007806056232e-09,4.00529809865258e-11,294.6572343436049,292.67576586996427,91205.14428946564,5.106761492438395,252.8897941739843,12.7222,256.98,871.37,43.98,,
5607,2026-07-29T00:00:00Z,3.182110258906151e-08,3.630897456399137e-09,1.412126237262399e-11,294.9682206345748,292.55241419187297,91168.97472942703,4.998244102254599,261.2208016156517,12.7138,256.98,871.37,43.98,,
5607,2026-07-30T00:00:00Z,3.320207351193003e-08,3.0187684854837035e-09,9.18820914262118e-12,294.66718337112064,292.26375600043593,91012.18720284358,5.874411618775574,260.9792562524485,12.7053,256.98,871.37,43.98,,
5607,2026-07-31T00:00:00Z,2.60995213913376e-08,3.1291124550319003e-09,7.465137979723946e-12,294.82509568136174,292.1257986498179,90950.03789775148,5.665407757050323,258.7416663627681,12.6966,256.98,871.37,43.98,,
5607,2026-08-01T00:00:00Z,2.7089365295786373e-08,3.423995457064552e-09,5.186491334049405e-12,294.4965482156953,292.29391779734635,91088.13282813237,4.813174801667943,259.5984442048015,12.6878,256.98,871.37,43.98,,
5607,2026-08-02T00:00:00Z,2.9919676823427e-08,3.471962211326525e-09,1.9555153236766952e-11,295.01638912719704,292.4282084663705,91294.84388078384,5.45678018930452,267.16483613374777,12.6789,256.98,871.37,43.98,,
5607,2026-08-03T00:00:00Z,3.0317284463558266e-08,3.7686904149715905e-09,5.7410678480173656e-11,294.7517296108655,292.3598509418516,91324.29050317686,4.155277765272792,273.59674297645444,12.6698,256.98,871.37,43.98,,
5607,2026-08-04T00:00:00Z,3.4068085998687415e-08,4.720656446386191e-09,2.8788894017072497e-11,294.2854427078304,292.64012912554495,91399.95075072446,4.36125531242897,273.8938715963268,12.6605,256.98,871.37,43.98,,
5607,2026-08-05T00:00:00Z,3.4656958213609345e-08,4.189739845626754e-09,3.173474137195801e-11,294.3299359837939,292.4703618164609,91310.0837972037,4.58047882181355,274.3162228406962,12.6512,256.98,871.37,43.98,,23.6
5607,2026-08-06T00:00:00Z,2.7850992412525645e-08,4.839088923369718e-09,2.545400686896e-11,294.05532720622386,293.0464515752977,91265.0828689805,4.361262106380613,263.9903140646968,12.6417,256.98,871.37,43.98,,
5607,2026-08-07T00:00:00Z,3.358483765234228e-08,3.253605189220454e-09,1.346154627925078e-11,294.5666077316817,292.1412907696563,91216.18523906676,5.546518851913254,278.7121575692297,12.6321,256.98,871.37,43.98,,
5607,2026-08-08T00:00:00Z,2.9173401263186823e-08,3.507246107794781e-09,3.793829158776836e-11,294.3244592243269,292.3356032236288,91220.53976670664,5.325763860982111,271.89876394214537,12.6224,256.98,871.37,43.98,,
5607,2026-08-09T00:00:00Z,2.930677411594264e-08,3.9557003590547165e-09,4.434663438772633e-11,294.2923761826071,292.1739138908294,91310.41446990609,4.463285511177775,277.92617273893404,12.6125,256.98,871.37,43.98,,
5607,2026-08-10T00:00:00Z,2.687842209970465e-08,3.8889935766427726e-09,1.2870153672101303e-10,294.50653553430914,292.5007163171674,91338.81360812335,3.6825671927429866,268.6803070675561,12.6026,256.98,871.37,43.98,,
5607,2026-08-11T00:00:00Z,2.5870753848326848e-08,4.7576311679642695e-09,8.652971953595177e-11,294.4048261240187,292.3160582055395,91236.82244017391,3.875836634051555,268.3699807737985,12.5925,256.98,871.37,43.98,,
5607,2026-08-12T00:00:00Z,2.802237850308716e-08,4.541417776368914e-09,6.431200274342029e-11,294.3911956816437,292.24612413817823,91360.36788770664,3.9900141462810943,262.02288197714773,12.5824,256.98,871.37,43.98,,
5607,2026-08-13T00:00:00Z,2.780350548166485e-08,4.7784165494409875e-09,6.630225484860859e-11,294.57695617340977,292.5224978480796,91507.83125902206,3.951401063311796,259.6271302475065,12.5721,256.98,871.37,43.98,,
5607,2026-08-14T00:00:00Z,2.5970326731960724e-08,5.414850118003852e-09,5.337500897851319e-11,294.09868544032,292.33525609254093,91531.17779738808,3.94343673108273,267.6799840111904,12.5618,256.98,871.37,43.98,,
5607,2026-08-15T00:00:00Z,3.164058327825638e-08,4.503318348985151e-09,2.4785331497173058e-11,294.54034994461955,292.24622932104234,91483.83170148934,4.237454627934046,271.3844371048164,12.5513,256.98,871.37,43.98,,
5607,2026-08-16T00:00:00Z,2.934463308832817e-08,4.957219807258623e-09,7.281256578413843e-11,293.85790092625587,292.08200373228,91447.26109583145,3.768347933084292,266.9009803977947,12.5408,256.98,871.37,43.98,,
5607,2026-08-17T00:00:00Z,2.9326695330692244e-08,4.851087216534304e-09,9.985278629809869e-11,293.57581922567294,292.2775428882335,91495.88966973349,3.356983587897005,263.13211538989145,12.5302,256.98,871.37,43.98,,
5607,2026-08-18T00:00:00Z,2.5520788640427403e-08,7.219289550637598e-09,2.789506832009535e-11,293.23773496797025,292.06089044809164,91629.63601008752,2.975252447060159,264.3531064492199,12.5195,256.98,871.37,43.98,,
5607,2026-08-19T00:00:00Z,2.466340335968052e-08,4.158401833394599e-09,5.933467074819661e-11,294.4946660191095,291.98589212607965,91572.92492666507,3.9335074683927176,274.0753799683605,12.5087,256.98,871.37,43.98,,
5607,2026-08-20T00:00:00Z,2.6485570290539625e-08,3.366421390223607e-09,4.575472687032491e-11,295.0930798733545,292.15987991400976,91517.90242620074,4.484719002132168,281.9666109269527,12.4978,256.98,871.37,43.98,,
5607,2026-08-21T00:00:00Z,2.6743648809778676e-08,3.9239090415399376e-09,6.190010553430115e-11,294.3043703703435,291.8913776995185,91448.8870339149,4.474965530206957,273.51449067652595,12.4869,256.98,871.37,43.98,,
5607,2026-08-22T00:00:00Z,2.7891508512946663e-08,4.812610329436161e-09,4.048886418903912e-11,293.60019068310874,291.5800900071331,91464.52141959046,3.990065829957981,267.23439837012654,12.4759,256.98,871.37,43.98,,
5607,2026-08-23T00:00:00Z,2.6797317551656634e-08,4.512534689531588e-09,7.583042391533328e-11,294.4495808203605,292.1710482148418,91464.16577325424,4.119902218630832,258.01171993783515,12.4648,256.98,871.37,43.98,,
5607,2026-08-24T00:00:00Z,2.65061464723815e-08,3.5770681799989206e-09,7.187205139793252e-11,294.66789138928937,292.457986855621,91465.72492070368,4.682939336112101,262.1175807756652,12.4537,256.98,871.37,43.98,,
5607,2026-08-25T00:00:00Z,2.764455806492681e-08,4.6247445554350495e-09,4.0645505814533706e-11,294.75447949316674,292.98034334033446,91451.54690400737,4.338890272219267,256.615208306127,12.4425,256.98,871.37,43.98,,
5607,2026-08-26T00:00:00Z,2.8171582609313986e-08,4.436438401466449e-09,5.442745304237907e-11,294.88279725736743,292.9786374377959,91570.72233214116,4.371674056416497,262.186421692856,12.4312,256.98,871.37,43.98,,
5607,2026-08-27T00:00:00Z,3.056815406441266e-08,3.672585301267938e-09,6.442137761455833e-11,294.60213798063046,292.122665408286,91543.7015418614,4.70064077978536,272.1646962236935,12.4199,256.98,871.37,43.98,26.700000000000003,
5607,2026-08-28T00:00:00Z,2.9399730320465792e-08,4.261285622676696e-09,4.1295378798859496e-11,293.77691003687295,291.99526240193813,91494.88084027208,4.504859886683399,267.26942757469703,12.4086,256.98,871.37,43.98,,
5607,2026-08-29T00:00:00Z,3.0033928608918585e-08,3.5801028784352862e-09,3.404029593495359e-11,293.8559759254134,291.5820594144532,91521.87569798328,4.950934939838224,272.8460065741291,12.3972,256.98,871.37,43.98,26.35,
5607,2026-08-30T00:00:00Z,2.5778861369340224e-08,4.72428064426234e-09,5.1124521927954914e-11,293.17260616119023,291.5601497703145,91507.75760545056,4.013812410945286,263.3165395415871,12.3857,256.98,871.37,43.98,,
5607,2026-08-31T00:00:00Z,2.814605612380392e-08,3.392279164202241e-09,9.237818795547908e-11,294.0628155802752,291.85776433611284,91581.105193275,4.150186685550944,272.022811093933,12.3742,256.98,871.37,43.98,26.1,
5607,2026-09-01T00:00:00Z,2.2258817357072373e-08,5.8644988730506e-09,9.157214533397866e-11,293.6593483706604,292.1564197919276,91522.1475171886,3.34667960608544,274.47146552288586,12.3626,256.98,871.37,43.98,26.55,
5607,2026-09-02T00:00:00Z,2.194840898491165e-08,6.303306672002356e-09,9.387550804870391e-11,293.6624118472137,292.2153119172667,91600.4377196173,2.9661959865346628,270.44808468276835,12.351,256.98,871.37,43.98,26.8,
5607,2026-09-03T00:00:00Z,1.8785667788310575e-08,7.373463308735933e-09,8.172905973423942e-11,293.40801620024405,292.3918951805013,91564.97152652206,2.9262438564258826,267.94326347809795,12.3394,256.98,871.37,43.98,26.6,
5607,2026-09-04T00:00:00Z,1.879833845869298e-08,8.39352675429725e-09,6.153817637393769e-11,293.629792400353,292.77735137992016,91547.7098810638,3.1399839070899147,263.879616335936,12.3277,256.98,871.37,43.98,,
5607,2026-09-05T00:00:00Z,1.8515423814463376e-08,8.955403260231753e-09,8.435372142748112e-11,293.1544429898702,292.7642028195382,91645.38948641196,1.9562709211294196,273.5192094514976,12.316,256.98,871.37,43.98,,
5607,2026-09-06T00:00:00Z,2.318116910929061e-08,7.703340352040125e-09,5.4658619689651825e-11,294.1499933127397,293.19385034414734,91660.40802141212,2.5581047909694905,283.15306699019,12.3043,256.98,871.37,43.98,,
5623,2026-06-07T00:00:00Z,5.3161130484331167e-08,7.588813061474401e-09,1.3478174239562704e-11,296.8252648332755,295.2770725794982,94232.6868975342,3.4720871264943813,249.92788486132156,13.1335,284.62,561.1,31.54,10.0,
5623,2026-06-08T00:00:00Z,4.811229227760745e-08,8.705102290852513e-09,2.2003933795951524e-11,296.9534746493373,295.8771344759105,94250.67458298126,3.324853888726356,270.413449577074,13.1383,284.62,561.1,31.54,9.435,20.0
5623,2026-06-09T00:00:00Z,3.755851436345894e-08,9.168093270825263e-09,1.0200651765090578e-11,298.365893881893,293.15476386704967,94168.93017848449,4.627623350798751,264.0641892917979,13.1427,284.62,561.1,31.54,9.925,16.5
5623,2026-06-10T00:00:00Z,3.4328365362939174e-08,8.53919110010231e-09,1.1368577118220784e-11,297.1720917443623,295.6255189233669,94149.98561111646,4.902757328675591,261.36122546341386,13.1467,284.62,561.1,31.54,10.015,19.2
5623,2026-06-11T00:00:00Z,3.2405437180294644e-08,7.280317960888305e-09,1.2207458652564566e-11,298.470716207584,294.3776284692132,94109.75157202076,4.959267455533733,268.0051187626818,13.1505,284.62,561.1,31.54,10.9,17.8
5623,2026-06-12T00:00:00Z,3.4477798418930883e-08,9.500282630075377e-09,9.894024801579218e-12,299.3863111568044,293.6846145652303,94125.88263781353,4.740867297751512,253.9939231416795,13.1538,284.62,561.1,31.54,9.64,15.6
5623,2026-06-13T00:00:00Z,3.3650204575834265e-08,1.0579209715192938e-08,9.29904307230997e-12,299.165218792043,294.20727474103523,94274.47739646726,4.909271696407559,242.54497722974864,13.1569,284.62,561.1,31.54,9.855,16.7
5623,2026-06-14T00:00:00Z,4.876931094179689e-08,7.195150322743439e-09,9.101566250689851e-12,300.16132052815874,292.8752623068151,94253.44956629442,4.7159695760146025,286.685715816152,13.1596,284.62,561.1,31.54,9.59,20.15
5623,2026-06-15T00:00:00Z,4.170628129146456e-08,8.833053606904908e-09,1.3745140059621915e-11,299.2857856196175,290.8414544836706,94201.090173017,4.187469673142685,303.0900393290913,13.1619,284.62,561.1,31.54,10.4,21.55
5623,2026-06-16T00:00:00Z,3.64974113818188e-08,2.0394438326351628e-08,3.5229999507045195e-11,298.8870871706082,292.5206509215633,94229.79770005462,2.339890431215565,288.2788822918605,13.1639,284.62,561.1,31.54,10.39,41.55
5623,2026-06-17T00:00:00Z,1.540670125797518e-08,4.405498396544106e-08,1.720004469127315e-10,298.4023366567759,292.4280166424352,94286.50965339332,1.7180677725236306,255.2672364825703,13.1655,284.62,561.1,31.54,8.905000000000001,20.3
5623,2026-06-18T00:00:00Z,4.609150044259526e-08,1.0408998408323121e-08,9.215100028959354e-12,299.72395807840854,290.4296934116094,94320.77662553744,4.336865049076356,290.2942847236909,13.1668,284.62,561.1,31.54,10.015,53.7
5623,2026-06-19T00:00:00Z,5.848245977722504e-08,1.0676335186574546e-08,9.056761347316113e-12,298.740844905944,293.3194310613724,94234.25802216884,4.397810214135815,218.68445323844264,13.1677,284.62,561.1,31.54,9.58,
5623,2026-06-20T00:00:00Z,4.6362705840182236e-08,1.4368386606988176e-08,1.1619335263616298e-11,299.403205255637,291.1349750442131,94304.42398695005,3.487431389692425,246.3203701557119,13.1682,284.62,561.1,31.54,9.815,19.5
5623,2026-06-21T00:00:00Z,5.25000320787192e-08,9.946157486527113e-09,2.668272435802216e-11,296.6929743775873,295.8588336865411,94318.6278131796,1.343668381254834,232.2157711065456,13.1684,284.62,561.1,31.54,9.375,23.2
5623,2026-06-22T00:00:00Z,3.8960253567939175e-08,7.784964867480814e-09,8.916908668092198e-12,297.262758096008,294.7489789071743,94341.64196847937,3.616493719299017,251.00115129837536,13.1683,284.62,561.1,31.54,10.8,86.0
5623,2026-06-23T00:00:00Z,3.646759127751466e-08,8.22642514416527e-09,1.0802014744022865e-11,296.7473535138558,295.20218184363125,94259.60898238688,3.935299211637448,258.3763430362844,13.1677,284.62,561.1,31.54,9.05,14.5
5623,2026-06-24T00:00:00Z,2.7303688764734687e-08,6.716521293961987e-09,1.066027359605426e-11,297.4677043468777,293.9017468544253,94072.52348487666,4.587709075041322,250.8898877873432,13.1669,284.62,561.1,31.54,,
5623,2026-06-25T00:00:00Z,3.210207945981204e-08,7.641138965436654e-09,9.91987732743023e-12,296.77752699918784,294.18119035945176,94169.19676959736,4.577021668579871,266.9528535637419,13.1656,284.62,561.1,31.54,,
5623,2026-06-26T00:00:00Z,4.4753621582610893e-08,8.13692164911653e-09,1.09126884574691e-11,296.65856801368415,295.50399449293366,94132.72468958716,3.711897725781633,284.1805364751508,13.1641,284.62,561.1,31.54,10.55,19.799999999999997
5623,2026-06-27T00:00:00Z,4.9651317265174475e-08,8.032957450509585e-09,1.1674971426494704e-11,296.610089834777,295.7655325589311,94132.7619432358,2.951015430340293,278.6096907296296,13.1621,284.62,561.1,31.54,9.739999999999998,53.0
5623,2026-06-28T00:00:00Z,4.1199881614199025e-08,9.225134958991131e-09,1.1824411099049432e-11,296.6231894460147,296.158906712213,94066.04422374844,3.342102978156221,261.40544499973635,13.1598,284.62,561.1,31.54,8.815000000000001,19.2
5623,2026-06-29T00:00:00Z,3.0206697569142686e-08,9.715463386623108e-09,1.8339892557497354e-11,296.4534731864735,295.95935381282584,93988.58271099468,2.641995103782256,252.96196355592636,13.1572,284.62,561.1,31.54,10.85,37.4
5623,2026-06-30T00:00:00Z,2.9187396083133874e-08,6.883371178870466e-09,9.807660633676828e-12,296.61271917422874,294.4184607080665,94090.0389231643,4.956630080794434,264.96583219930585,13.1542,284.62,561.1,31.54,11.3,16.4
5623,2026-07-01T00:00:00Z,2.8724738558405508e-08,5.938884284680888e-09,9.032639149330868e-12,297.2473465349397,294.49107437326364,93979.17361753932,5.714037960045956,260.58815983804186,13.1509,284.62,561.1,31.54,9.405,14.9
5623,2026-07-02T00:00:00Z,2.939487905199289e-08,5.854162423235009e-09,1.1522697840867943e-11,295.6436122727009,294.91361055977325,93980.51725675169,6.099751627127293,266.1799558296024,13.1472,284.62,561.1,31.54,9.775,17.0
5623,2026-07-03T00:00:00Z,3.123422207807445e-08,5.128210331743072e-09,9.216949111675966e-12,296.7206013157441,293.9866294451175,94012.69405125867,6.289634525252559,261.9979044151128,13.1432,284.62,561.1,31.54,10.7,17.25
5623,2026-07-04T00:00:00Z,3.2117517549970954e-08,4.008543727639821e-09,9.146443227563777e-12,296.717208714507,294.45427208271866,93806.449762524,7.629729444319512,264.8690334290409,13.1388,284.62,561.1,31.54,11.0,17.15
5623,2026-07-05T00:00:00Z,3.4853946099685056e-08,3.154394250920352e-09,7.349877850480388e-12,295.26807073180754,294.2758666643417,93763.89001512532,8.160190163472587,253.11506777615008,13.1341,284.62,561.1,31.54,10.8,17.65
5623,2026-07-06T00:00:00Z,3.6048050184245444e-08,3.4592371717989703e-09,6.989640417034392e-12,297.0228197707563,293.9442035861513,93818.817457031,7.30659573040808,248.33472746778205,13.1291,284.62,561.1,31.54,9.14,16.9
5623,2026-07-07T00:00:00Z,3.62017213857496e-08,3.645025929697447e-09,6.52847483576111e-12,297.4610043313017,293.66213546992657,93762.2757529302,7.810909423962078,237.1186413484949,13.1238,284.62,561.1,31.54,10.75,16.6
5623,2026-07-08T00:00:00Z,3.0561551071649285e-08,4.534777065547319e-09,8.34427129486236e-12,297.4914059942213,293.9361955966518,93911.18339359605,6.425780140712311,241.8869200936201,13.1181,284.62,561.1,31.54,9.64,17.75
5623,2026-07-09T00:00:00Z,2.4248860797528424e-08,6.168669867581076e-09,1.7526961289610466e-11,297.1469640569188,294.5618290057316,94057.86569126378,5.2511281920343125,254.08713949640637,13.1121,284.62,561.1,31.54,11.0,16.7
5623,2026-07-10T00:00:00Z,2.565750475522404e-08,6.531071601947391e-09,9.482151824828652e-12,297.6079119398656,293.87137310001884,94227.90686174655,4.633686090955631,266.9017812161501,13.1058,284.62,561.1,31.54,9.315,19.2
5623,2026-07-11T00:00:00Z,2.6682417416522398e-08,5.727364665167184e-09,9.85913769904993e-12,297.3317153429714,293.5060338990254,94223.58340392132,4.986507355700748,266.43271761873893,13.0992,284.62,561.1,31.54,10.8,31.9
5623,2026-07-12T00:00:00Z,2.840184879377744e-08,5.671438247509918e-09,7.288547971514259e-12,297.3956844200101,293.2091205399497,94070.87163203608,5.399618007607453,262.4785568016078,13.0923,284.62,561.1,31.54,9.215,72.1
5623,2026-07-13T00:00:00Z,2.717416940170049e-08,5.1031638553602565e-09,1.737319925951757e-11,296.7470455821808,293.2331207659237,94078.64703378422,4.781314045148415,268.663100059881,13.0851,284.62,561.1,31.54,11.3,73.6
5623,2026-07-14T00:00:00Z,3.45026297202946e-08,5.397066276493891e-09,6.513393782468781e-12,296.6328645788889,292.0093313199673,94177.82380035947,5.213261584340469,286.2779324451831,13.0776,284.62,561.1,31.54,9.335,17.4
5623,2026-07-15T00:00:00Z,3.691241352273053e-08,7.225562933209822e-09,6.2085805201869075e-12,297.16299855663937,292.368229173919,94263.0950051764,4.715783499477659,279.9942031672164,13.0697,284.62,561.1,31.54,9.315,18.1
5623,2026-07-16T00:00:00Z,3.6878653449314345e-08,6.389276214057137e-09,5.088795192164886e-12,296.981333030098,293.5067256136505,94273.72298674146,4.79661934166267,271.9778692293904,13.0617,284.62,561.1,31.54,11.3,3.28
5623,2026-07-17T00:00:00Z,3.2669342944042714e-08,6.6845500197875165e-09,5.404968312862052e-12,297.58582881616604,293.9562930771063,94232.33106613687,4.750000716595261,268.74204230806663,13.0533,284.62,561.1,31.54,9.04,34.8
5623,2026-07-18T00:00:00Z,2.738381000079532e-08,8.221247739242748e-09,7.095176176924174e-12,295.9673937495325,295.0620509758589,94196.25955832184,4.55931382487701,269.59706956064184,13.0446,284.62,561.1,31.54,9.65,13.7
5623,2026-07-19T00:00:00Z,2.2691368674713788e-08,8.355471477193645e-09,9.00555250254833e-12,295.63426449055765,294.94724538888363,94164.6321694143,4.357867671204289,263.5816682043786,13.0357,284.62,561.1,31.54,9.29,18.7
5623,2026-07-20T00:00:00Z,2.529305274307109e-08,5.5338719944806786e-09,1.7153137278214598e-11,295.756885358503,294.0176862688692,94197.16548707694,4.846092567593072,264.85272604372744,13.0265,284.62,561.1,31.54,11.55,
5623,2026-07-21T00:00:00Z,2.7069559973376966e-08,5.374437499660728e-09,1.008416243448146e-11,296.13162783076666,293.6167918751346,94225.9471976662,5.222074674841234,265.842510278746,13.0171,284.62,561.1,31.54,10.45,
5623,2026-07-22T00:00:00Z,2.571754111402144e-08,5.197479552112894e-09,1.1627247277397584e-11,296.2122424077449,293.6910346609751,94162.959772524,5.606272076363082,253.79777099310675,13.0074,284.62,561.1,31.54,9.28,14.6
5623,2026-07-23T00:00:00Z,2.848471758931972e-08,5.471554955216439e-09,7.0572059562816585e-12,295.33552756379515,292.76428179316747,94134.58175734094,5.751899224730338,242.03658582383167,12.9975,284.62,561.1,31.54,9.515,18.9
5623,2026-07-24T00:00:00Z,3.7922596595187234e-08,4.323472171464596e-09,4.134058047839615e-12,295.775030619302,290.83404787220854,94114.03054932752,5.894509066354211,244.1526758322138,12.9873,284.62,561.1,31.54,9.915,16.1
5623,2026-07-25T00:00:00Z,2.3861295870422256e-08,4.913138675079525e-09,2.6004228749940828e-11,295.63086989156983,292.16120427840565,94105.3207739162,5.061322769571031,259.40041458258963,12.9768,284.62,561.1,31.54,10.95,17.6
5623,2026-07-26T00:00:00Z,2.5030934054712217e-08,4.991041219931489e-09,1.4876370290826667e-11,296.1460252878015,293.67295167583785,94086.39735516108,5.261367787584496,261.5617252708933,12.9662,284.62,561.1,31.54,10.75,
5623,2026-07-27T00:00:00Z,2.7233058159428613e-08,5.1505804262416055e-09,1.999239736404969e-11,296.6955950375463,293.8831744689986,94042.26294285948,5.160563265326885,268.8148652890536,12.9553,284.62,561.1,31.54,10.415,41.6
5623,2026-07-28T00:00:00Z,2.792828438358276e-08,6.161797170985612e-09,8.219598832772795e-12,295.9943911605324,294.4852604680497,93939.65246174656,5.152122653476026,259.1362956619236,12.9442,284.62,561.1,31.54,10.325,18.9
5623,2026-07-29T00:00:00Z,2.61472335816259e-08,5.547001285424543e-09,1.513043101824101e-11,295.7415989114622,295.0068817552538,93834.58241363688,5.804535633469254,264.75867742023496,12.9329,284.62,561.1,31.54,9.89,84.3
5623,2026-07-30T00:00:00Z,3.0394838205753094e-08,4.743898691176071e-09,1.062856939289802e-11,295.58792459800725,294.8721403412861,93573.47898518662,6.48460454588086,263.814444023663,12.9213,284.62,561.1,31.54,9.53,18.450000000000003
5623,2026-07-31T00:00:00Z,3.038910804341402e-08,4.4389894755094056e-09,1.3285423478164899e-11,295.4865008913229,294.5872283217955,93522.54048906862,6.329239244817891,248.5274608707745,12.9096,284.62,561.1,31.54,9.355,15.7
5623,2026-08-01T00:00:00Z,2.4285880228037093e-08,5.599372332546886e-09,1.956582305233841e-11,296.4086893736825,293.9312395816485,93796.364850156,5.138380279247532,245.4112443499637,12.8977,284.62,561.1,31.54,10.45,13.9
5623,2026-08-02T00:00:00Z,2.628018781930821e-08,5.375635979423246e-09,1.1643839981415549e-11,296.3199064463931,293.6967878666824,94087.11512609605,4.937445533406772,260.2606560457324,12.8856,284.62,561.1,31.54,9.875,
5623,2026-08-03T00:00:00Z,2.613991713101727e-08,5.6756067832855355e-09,1.9215738637546537e-11,296.4799373863928,294.19831857875283,94103.59979017642,4.859848479069817,268.3488430003738,12.8733,284.62,561.1,31.54,10.45,55.1
5623,2026-08-04T00:00:00Z,2.8119279010496076e-08,6.595966759958304e-09,1.0902732443550649e-11,296.25731483017364,295.39278438025883,94196.64072986646,4.727240299898763,272.3067570766005,12.8608,284.62,561.1,31.54,9.69,9.565
5623,2026-08-05T00:00:00Z,3.0564293361424484e-08,7.013374578713202e-09,7.248755249634546e-12,296.00988163053296,295.36674393488056,94086.35490548635,4.525749701786409,267.308575748901,12.8481,284.62,561.1,31.54,11.65,44.7
5623,2026-08-06T00:00:00Z,2.3522319836588782e-08,7.813198656535546e-09,9.76039452937998e-12,295.8613152707856,294.8008873020209,94008.36730063875,4.798042014973017,266.15214278270275,12.8353,284.62,561.1,31.54,10.4,13.8
5623,2026-08-07T00:00:00Z,2.7612924049216362e-08,5.67336453910248e-09,1.0477947793427714e-11,295.9195499636795,294.73131324962253,93993.28238223448,5.610713719835636,278.6349284712004,12.8223,284.62,561.1,31.54,10.4,27.724999999999998
5623,2026-08-08T00:00:00Z,2.6330495635268613e-08,6.695014518720171e-09,9.007494860046404e-12,295.5312077816816,294.634546511254,93974.2759366146,4.877321605518233,273.76008592426723,12.8091,284.62,561.1,31.54,11.8,8.44
5623,2026-08-09T00:00:00Z,2.773867534150975e-08,6.702278070765458e-09,7.885926114028539e-12,296.3827414045396,294.2815622717683,94098.53445925168,4.996439077827176,273.8444721480212,12.7958,284.62,561.1,31.54,11.5,9.94
5623,2026-08-10T00:00:00Z,2.8886346067339112e-08,6.487971101946552e-09,1.1239973362607816e-11,296.7558031595424,293.9595971539819,94075.16484770196,4.376010775737951,268.2663583186214,12.7823,284.62,561.1,31.54,9.64,74.9
5623,2026-08-11T00:00:00Z,2.3643028646656167e-08,7.971585391675448e-09,8.34544571672641e-12,295.7772770071994,294.1942168740185,93988.1731182963,4.605821280460227,258.2285301660832,12.7687,284.62,561.1,31.54,,
5623,2026-08-12T00:00:00Z,2.6749977986612632e-08,6.074235724969399e-09,1.024911185092692e-11,295.9410789501015,294.4489608333315,94099.84083471916,4.876724849129023,264.71693361628513,12.755,284.62,561.1,31.54,10.1,12.5
5623,2026-08-13T00:00:00Z,2.3442108329531237e-08,7.693846748783301e-09,1.0940078176197459e-11,296.13148059808987,294.6422995050375,94274.01903610624,4.675164751389971,264.55073136995964,12.7411,284.62,561.1,31.54,10.5,11.7
5623,2026-08-14T00:00:00Z,2.5190770400517613e-08,6.509150845336257e-09,8.4640673853727e-12,296.12918234301094,293.321397817484,94259.08091158904,4.767515482508824,268.0123302587812,12.727,284.62,561.1,31.54,11.35,13.1
5623,2026-08-15T00:00:00Z,2.859624480439727e-08,6.041389455776033e-09,6.231490378057038e-12,296.6161855980208,293.56544553663576,94233.447538774,5.136180365877063,269.6677803294915,12.7129,284.62,561.1,31.54,10.95,13.9
5623,2026-08-16T00:00:00Z,2.7105307018648058e-08,6.2177770080765525e-09,8.196124785229657e-12,295.6987634425451,294.0667049964178,94213.12362643662,4.950283345036122,273.14042346929057,12.6986,284.62,561.1,31.54,9.69,9.49
5623,2026-08-17T00:00:00Z,2.817091149156827e-08,5.260142713415986e-09,1.6779592111923175e-11,296.1822637758421,293.5825506863474,94307.34465972424,4.724967114866387,264.8196856080665,12.6842,284.62,561.1,31.54,10.385,
5623,2026-08-18T00:00:00Z,2.2432556406276323e-08,8.388389358383798e-09,1.0209768339894724e-11,295.9234188767369,293.74555880713604,94456.44775191433,3.673925763397461,268.3912086591345,12.6697,284.62,561.1,31.54,8.225,14.9
5623,2026-08-19T00:00:00Z,2.252100515923597e-08,6.920019099021138e-09,1.0678583129138975e-11,296.3185294453727,294.4496524687851,94312.99077597426,5.085658015744124,274.79595940887043,12.6551,284.62,561.1,31.54,10.475,9.315000000000001
5623,2026-08-20T00:00:00Z,3.0076282367694886e-08,6.438579475141651e-09,5.064280847017518e-12,296.58198935272463,293.7683623344938,94309.04796380464,4.792560874553359,281.6288594860664,12.6404,284.62,561.1,31.54,12.15,13.1
5623,2026-08-21T00:00:00Z,3.3851252323223806e-08,6.546356298381515e-09,4.634697550911665e-12,296.4710200312286,293.2830084078052,94248.7278836522,4.761151857658174,289.2922015906099,12.6256,284.62,561.1,31.54,10.265,20.84
5623,2026-08-22T00:00:00Z,2.7000585960073353e-08,6.586878600486402e-09,6.877273990154253e-12,296.3686258221774,293.5669540226898,94241.61060393664,4.948886821789585,273.2795450003278,12.6107,284.62,561.1,31.54,12.35,9.14
5623,2026-08-23T00:00:00Z,2.7643839587152626e-08,7.4190190911256205e-09,5.830217233339671e-12,296.652057796193,294.331011306881,94194.38712503931,4.804930166836389,268.13200897916727,12.5957,284.62,561.1,31.54,10.4,55.6
5623,2026-08-24T00:00:00Z,3.06331374664445e-08,5.112789002510555e-09,1.6131503787968198e-11,295.95423751173035,295.02406254682427,94234.28479268152,5.023720492204861,280.8119821967018,12.5806,284.62,561.1,31.54,11.75,10.59
5623,2026-08-25T00:00:00Z,2.9880347765184354e-08,6.903928198262017e-09,8.242222440110562e-12,296.63507613856325,294.4114303352119,94218.35816783903,4.633437246787544,272.6280378473154,12.5655,284.62,561.1,31.54,10.85,8.925
5623,2026-08-26T00:00:00Z,2.6662450411982825e-08,6.865581164031046e-09,5.7660387300835305e-12,295.8211459855403,294.25385742846566,94293.972004399,5.082851570700905,266.51171860236275,12.5502,284.62,561.1,31.54,11.55,14.4
5623,2026-08-27T00:00:00Z,3.0112336970960266e-08,6.444525564416705e-09,5.745731690309838e-12,296.3571802129899,293.36926757824205,94292.0235712842,4.85570382080958,273.5879810091428,12.5349,284.62,561.1,31.54,10.55,8.465
5623,2026-08-28T00:00:00Z,2.5533639426685865e-08,6.708548822046081e-09,6.238708515296706e-12,295.8396752393463,292.84739621428446,94273.4655480068,4.664102412139701,269.22594680523343,12.5195,284.62,561.1,31.54,,
5623,2026-08-29T00:00:00Z,2.5367949862346254e-08,5.834527184737558e-09,1.0657713965805372e-11,296.2020930193688,293.5780531927722,94268.53477111648,5.44557135743941,273.41538976011395,12.504,284.62,561.1,31.54,11.85,21.400000000000002
5623,2026-08-30T00:00:00Z,2.5268047950108933e-08,5.705030669642906e-09,8.506282869717011e-12,295.94913216971304,293.4141858856082,94222.28176801698,5.211033466609662,275.7348978077096,12.4884,284.62,561.1,31.54,,
5623,2026-08-31T00:00:00Z,3.0441180827837214e-08,4.808447836010282e-09,6.134703457950165e-12,296.34549756722464,293.2110456231697,94326.6472889162,5.367263188205756,280.19549262340166,12.4728,284.62,561.1,31.54,11.9,20.175
5623,2026-09-01T00:00:00Z,2.9404112921570178e-08,8.056377611035197e-09,5.081708172506162e-12,296.4306113617319,293.34216717380144,94304.71469540033,3.855886615423601,282.8743340302854,12.4572,284.62,561.1,31.54,10.25,8.440000000000001
5623,2026-09-02T00:00:00Z,3.168900181738343e-08,8.179880330800142e-09,5.826165901851385e-12,296.64419542418085,293.6730367307771,94393.00722003932,3.755883468184116,271.3994224225463,12.4414,284.62,561.1,31.54,11.75,9.2
5623,2026-09-03T00:00:00Z,2.8398025447894583e-08,8.132858294585144e-09,1.1486604126880417e-11,295.9729507635904,294.9202444762337,94353.21826474468,3.488854239568462,260.528437941359,12.4257,284.62,561.1,31.54,12.4,13.6
5623,2026-09-04T00:00:00Z,1.9938776013866183e-08,1.0948232141085857e-08,1.0228733222091636e-11,296.09657331296233,294.101186229681,94328.9409712893,2.940941094766376,259.6017805706404,12.4098,284.62,561.1,31.54,,
5623,2026-09-05T00:00:00Z,2.459469196984513e-08,1.3102906031453041e-08,1.0107887911021896e-11,295.9812097391146,293.80255928865927,94503.73227364708,2.4886420725893936,261.9393723456846,12.394,284.62,561.1,31.54,,
5623,2026-09-06T00:00:00Z,3.5751578352865885e-08,8.141317530937938e-09,6.105483902762026e-12,296.2037809948047,294.2768154216809,94540.24948540032,2.593912234751304,275.3543385237974,12.378,284.62,561.1,31.54,,
5624,2026-06-07T00:00:00Z,5.1470403289778425e-08,7.637607674878383e-09,1.6640310657654804e-11,296.8581393231309,295.42278201770307,94264.97082203443,3.439531659038658,241.6436752420385,13.138,299.02,559.22,36.81,49.6,
5624,2026-06-08T00:00:00Z,4.6764482895314145e-08,8.631700259076441e-09,2.7347463728505307e-11,296.9446937732808,295.94693528903684,94282.90967898205,3.1430012372560285,267.8841442011303,13.1428,299.02,559.22,36.81,50.5,25.1425
5624,2026-06-09T00:00:00Z,3.702857966791122e-08,8.877476248075918e-09,1.3010038156593799e-11,298.4487143936875,293.14206792391,94199.74088066816,4.420832976833518,262.77895795673624,13.1472,299.02,559.22,36.81,58.1,16.76666666666667
5624,2026-06-10T00:00:00Z,3.362985660492259e-08,8.542888054254642e-09,1.3518534986147668e-11,297.2084724671429,295.63710920107104,94181.57206407656,4.7758180584507,258.9066944940032,13.1513,299.02,559.22,36.81,44.8,15.376666666666665
5624,2026-06-11T00:00:00Z,3.2209718855812885e-08,7.056056985243508e-09,1.4621484762745845e-11,298.57086048702,294.32522977263955,94140.65104962882,4.779969434984456,266.50623264735106,13.155,299.02,559.22,36.81,29.9,12.988333333333335
5624,2026-06-12T00:00:00Z,3.4020947715273925e-08,8.78206595346444e-09,1.2140765868452495e-11,299.42372957220897,293.85515092414016,94153.66926258669,4.746936114329103,254.49059144882148,13.1584,299.02,559.22,36.81,29.6,15.649999999999999
5624,2026-06-13T00:00:00Z,3.3029302335666724e-08,1.0478821684571867e-08,1.1989709306484395e-11,299.37134406214454,294.14016381207693,94304.71931310276,4.77041937341719,240.88844998596824,13.1615,299.02,559.22,36.81,0.0,28.05
5624,2026-06-14T00:00:00Z,5.003092782672916e-08,6.891094699121343e-09,1.083824225010842e-11,300.2473219751637,292.83356850707787,94287.1346758789,4.584902427443966,287.63697311477574,13.1642,299.02,559.22,36.81,0.0,24.0
5624,2026-06-15T00:00:00Z,4.1866759991857416e-08,8.344724427078321e-09,1.6905215653424103e-11,299.3010585573938,290.99378846369154,94236.75184540654,3.98293203003996,303.0624849435483,13.1665,299.02,559.22,36.81,31.05,17.3
5624,2026-06-16T00:00:00Z,3.597682545137727e-08,1.8500314173129032e-08,3.456573865710292e-11,299.0550066719141,292.160769066145,94260.3272162859,2.6787889774282485,293.48263130665066,13.1685,299.02,559.22,36.81,29.9,36.9
5624,2026-06-17T00:00:00Z,1.7369035951625528e-08,4.0055726365241576e-08,1.7398741261816726e-10,298.47074605562034,292.39488328457617,94319.28899263774,1.8666604079526696,258.9477867810265,13.1701,299.02,559.22,36.81,29.95,13.01
5624,2026-06-18T00:00:00Z,4.7130762752277394e-08,9.938861022752578e-09,1.0823901069449715e-11,299.7959778391455,290.34595693931306,94354.8721318455,4.255898870320945,294.4394291214612,13.1714,299.02,559.22,36.81,30.3,31.96666666666667
5624,2026-06-19T00:00:00Z,5.611247860111375e-08,1.0624219765614129e-08,1.0417820447477834e-11,298.8507686983126,293.35841144107246,94262.14140146771,4.461799899070303,216.51548822652404,13.1723,299.02,559.22,36.81,30.3,
5624,2026-06-20T00:00:00Z,4.3954340651763147e-08,1.4414737227748792e-08,1.3690033739237724e-11,299.4087281754973,291.13727661594123,94336.0383495999,3.544337151644912,246.57534250726596,13.1729,299.02,559.22,36.81,30.5,17.25
5624,2026-06-21T00:00:00Z,4.9865439163754e-08,1.0067061770612556e-08,3.523930327112879e-11,296.77459586774154,295.8902750863833,94346.4006969109,1.3585558542004477,208.86761676458943,13.1731,299.02,559.22,36.81,34.9,
5624,2026-06-22T00:00:00Z,3.9775856187879444e-08,7.145805211559668e-09,9.58415994354594e-12,297.4971785364643,294.62967558013804,94370.83129577716,3.657552735898255,250.158716829112,13.1729,299.02,559.22,36.81,36.45,50.525
5624,2026-06-23T00:00:00Z,3.612890662251551e-08,8.200030477704844e-09,1.2613636450390508e-11,296.8162668021756,295.26231167776325,94286.72892082804,3.8348219776212753,257.749858866052,13.1724,299.02,559.22,36.81,34.6,7.95
5624,2026-06-24T00:00:00Z,2.7442992541547236e-08,6.465914773996802e-09,1.2059412090918167e-11,297.5503191237209,293.9673388076388,94097.84430979604,4.5751851685783,249.40723095696063,13.1715,299.02,559.22,36.81,,
5624,2026-06-25T00:00:00Z,3.232257087832511e-08,7.4171708259178435e-09,1.1439641974582764e-11,296.8056086151703,294.2060428322227,94199.99942393128,4.521757142071923,265.5038033770844,13.1703,299.02,559.22,36.81,,
5624,2026-06-26T00:00:00Z,4.3799167913686365e-08,8.14305553029367e-09,1.4012865552032848e-11,296.60881517852283,295.62694764270583,94164.74325946176,3.506292801232782,283.44977695007594,13.1687,299.02,559.22,36.81,36.05,14.350000000000001
5624,2026-06-27T00:00:00Z,4.878628673755537e-08,8.113572523170141e-09,1.3940842901810972e-11,296.641625280158,295.809707040399,94158.42661383688,2.8965929193445192,278.57748144359493,13.1667,299.02,559.22,36.81,31.45,23.6
5624,2026-06-28T00:00:00Z,3.987570134803519e-08,9.485484621272742e-09,1.452987043480895e-11,296.6458044728072,296.20608084812096,94096.12538467244,3.188187441621336,259.593368787436,13.1644,299.02,559.22,36.81,31.5,12.133333333333333
5624,2026-06-29T00:00:00Z,3.2412201017600564e-08,9.380697389474816e-09,2.1403093276987403e-11,296.4790216036372,296.0220581619323,94017.56371451264,2.4999758267256054,250.9851111212186,13.1618,299.02,559.22,36.81,30.8,29.35
5624,2026-06-30T00:00:00Z,2.910979346615229e-08,6.666604894002968e-09,1.159120478059105e-11,296.5918300372472,294.4539810996332,94119.4266631754,4.820275038311593,263.31905957035923,13.1588,299.02,559.22,36.81,30.950000000000003,13.299999999999999
5624,2026-07-01T00:00:00Z,2.8598710060264287e-08,5.831078942909898e-09,1.0425409808476029e-11,297.2407646130814,294.5865646204751,94010.28086567542,5.611545870277183,258.980988211525,13.1554,299.02,559.22,36.81,31.0,12.576666666666666
5624,2026-07-02T00:00:00Z,2.9587699805531496e-08,5.6131322125166815e-09,1.2943538203739208e-11,295.663846958918,294.94001903456274,94012.51781917104,5.948542506586206,264.8139587848924,13.1517,299.02,559.22,36.81,,16.516666666666666
5624,2026-07-03T00:00:00Z,3.1285552006008424e-08,4.9699537268465845e-09,1.0684108527392804e-11,296.6044148374121,294.1496280790094,94043.85138445444,6.176176944513788,260.3609864722915,13.1477,299.02,559.22,36.81,21.15,14.15
5624,2026-07-04T00:00:00Z,3.2224549851536136e-08,3.8824456241740335e-09,9.768212947688489e-12,296.72998626913443,294.5338054409899,93836.91291412745,7.521452840608937,263.83286318595265,13.1433,299.02,559.22,36.81,21.45,12.093333333333334
5624,2026-07-05T00:00:00Z,3.5278104110555634e-08,2.981060620561727e-09,8.177752198841859e-12,295.2608178362703,294.32196216578905,93792.26230193985,8.14384837652885,251.67127030289743,13.1386,299.02,559.22,36.81,21.55,14.025
5624,2026-07-06T00:00:00Z,3.603593940071231e-08,3.363405147486391e-09,8.075208344145385e-12,296.98963183884746,294.0167446891576,93845.66318722333,7.200794401981627,246.75561140554996,13.1336,299.02,559.22,36.81,21.200000000000003,15.8
5624,2026-07-07T00:00:00Z,3.6449236331756885e-08,3.416806938043134e-09,7.403516207322958e-12,297.4937898432884,293.68811009160265,93782.9200553846,7.832785253392229,235.55578642757288,13.1282,299.02,559.22,36.81,19.75,
5624,2026-07-08T00:00:00Z,3.0948542669008864e-08,4.281223063436743e-09,9.642339397394347e-12,297.48534091819533,293.961234679949,93933.99398170008,6.448633586049162,240.4279345609558,13.1225,299.02,559.22,36.81,21.8,15.3
5624,2026-07-09T00:00:00Z,2.44244259079478e-08,5.966858546441811e-09,1.8978947069402972e-11,297.1677808425428,294.6122946705093,94085.84635340792,5.168794538126221,252.15290753882925,13.1165,299.02,559.22,36.81,21.15,21.025
5624,2026-07-10T00:00:00Z,2.550564258076992e-08,6.272309931255177e-09,1.097188015551406e-11,297.6597683522368,293.88029985994075,94258.33553646757,4.522180571750781,265.408570644718,13.1102,299.02,559.22,36.81,21.9,16.275000000000002
5624,2026-07-11T00:00:00Z,2.6576703796734723e-08,5.456717943057995e-09,1.1238146203063684e-11,297.3102353645656,293.4872862223099,94252.5333500213,4.9423515881660975,265.1213366979018,13.1035,299.02,559.22,36.81,19.5,20.299999999999997
5624,2026-07-12T00:00:00Z,2.8197196725932677e-08,5.4665469927186605e-09,8.554042670268233e-12,297.39918936013254,293.25151380251936,94101.8036227393,5.337106271659808,260.80839864207246,13.0966,299.02,559.22,36.81,19.7,31.693333333333328
5624,2026-07-13T00:00:00Z,2.6927299076199533e-08,4.962054488010064e-09,1.9180486037597964e-11,296.70799569737085,293.24298472746455,94109.84633109692,4.680034716024158,267.3175812268944,13.0894,299.02,559.22,36.81,19.1,34.13333333333333
5624,2026-07-14T00:00:00Z,3.420388107195959e-08,5.180304981076328e-09,7.465861020338952e-12,296.5372413032448,292.01810153479835,94212.62577754316,5.089314125119337,285.7540969523078,13.0818,299.02,559.22,36.81,19.2,13.99
5624,2026-07-15T00:00:00Z,3.697999077365883e-08,6.796848375982527e-09,7.192803424435273e-12,297.024242889614,292.3651864983041,94297.7421233498,4.596459573342212,279.37047969111325,13.074,299.02,559.22,36.81,19.2,16.893333333333334
5624,2026-07-16T00:00:00Z,3.6625429394350456e-08,6.118805866211102e-09,5.779860349171757e-12,296.9176469358807,293.558304306179,94306.77861970154,4.718820885726336,269.9918047100237,13.0658,299.02,559.22,36.81,19.4,10.166666666666666
5624,2026-07-17T00:00:00Z,3.2378040683459146e-08,6.361634191505439e-09,6.095916707009295e-12,297.60452117463035,293.9370001474998,94261.65184020303,4.666739626298568,268.4516442288697,13.0574,299.02,559.22,36.81,21.05,16.275
5624,2026-07-18T00:00:00Z,2.7043382531443273e-08,8.060596870061337e-09,8.301762615215883e-12,295.9713098601829,295.1113787538683,94228.4720841638,4.36577384470555,268.0414683125895,13.0487,299.02,559.22,36.81,21.35,12.1125
5624,2026-07-19T00:00:00Z,2.23843410528878e-08,8.13724853177258e-09,1.0618366946826705e-11,295.622134341923,295.0147763293343,94194.72671380042,4.196794606789323,261.37402608151115,13.0398,299.02,559.22,36.81,21.9,11.721666666666666
5624,2026-07-20T00:00:00Z,2.4929907210869645e-08,5.46221599043797e-09,1.9811692789914447e-11,295.6699455564501,294.11748794851275,94227.55109561728,4.699976384616846,262.5894913108372,13.0306,299.02,559.22,36.81,21.75,11.07
5624,2026-07-21T00:00:00Z,2.7042995065535453e-08,5.192685823655099e-09,1.132379197209168e-11,296.0728331541995,293.68244398882507,94256.9012582553,5.093728545750022,263.9073443916064,13.0211,299.02,559.22,36.81,21.6,11.6675
5624,2026-07-22T00:00:00Z,2.6031968350684644e-08,4.90836506370648e-09,1.3282765738898304e-11,296.2094105712081,293.7356453279915,94186.99429162742,5.604189191055658,252.69802985285676,13.0113,299.02,559.22,36.81,21.85,10.875
5624,2026-07-23T00:00:00Z,2.9416410433815787e-08,5.1789807058479205e-09,7.759503516856686e-12,295.28731652043746,292.72563417598525,94158.26963712156,5.790095587686463,240.31184964692997,13.0014,299.02,559.22,36.81,22.200000000000003,14.7
5624,2026-07-24T00:00:00Z,3.775233979721709e-08,4.143737307091632e-09,4.630258521763961e-12,295.82187802331384,290.99053174645826,94136.71180502846,5.890706101243955,241.7140204516018,12.9911,299.02,559.22,36.81,20.4,16.7
5624,2026-07-25T00:00:00Z,2.3932150172382772e-08,4.732685210743758e-09,2.9139454166759635e-11,295.60278847029,292.2140603308673,94131.70368825532,4.9674011819208985,257.1756947557336,12.9807,299.02,559.22,36.81,20.35,12.6575
5624,2026-07-26T00:00:00Z,2.4859464718539323e-08,4.908425461539039e-09,1.717786275248269e-11,296.10520030300694,293.7180227300444,94116.3641449268,5.146050926956729,259.3785431873515,12.97,299.02,559.22,36.81,19.0,11.2
5624,2026-07-27T00:00:00Z,2.6829637993189878e-08,5.110322465183876e-09,2.2849558802878735e-11,296.6520797381741,293.9061897230165,94072.98140066816,5.000678406806507,267.7422712024021,12.959,299.02,559.22,36.81,23.35,16.00125
5624,2026-07-28T00:00:00Z,2.787808974391629e-08,5.990945169441377e-09,9.42801850592916e-12,295.9784875205144,294.537849848944,93969.22474740504,5.0346291305370094,257.3722049356154,12.9479,299.02,559.22,36.81,22.700000000000003,14.399999999999999
5624,2026-07-29T00:00:00Z,2.5827604890828843e-08,5.47938295505331e-09,1.663899833190544e-11,295.73392836410403,295.0769056063655,93867.59960832803,5.626752175887052,263.53374293155014,12.9365,299.02,559.22,36.81,28.4,34.26166666666666
5624,2026-07-30T00:00:00Z,3.0535306180519576e-08,4.651086306987887e-09,1.0103569872192503e-11,295.62236901594486,294.89735367302404,93606.8757143818,6.347482067600438,263.2579238548316,12.9249,299.02,559.22,36.81,27.0,13.415
5624,2026-07-31T00:00:00Z,3.02021712518314e-08,4.278604105369998e-09,1.4395895386902287e-11,295.4743856896568,294.65863111181466,93546.7251171652,6.243320572322082,246.76215554527948,12.9131,299.02,559.22,36.81,27.4,10.4325
5624,2026-08-01T00:00:00Z,2.4517678065983362e-08,5.349967636939952e-09,2.1937263556218133e-11,296.4002876519997,293.92844251246606,93821.83795972331,5.107791476483376,242.5226814294783,12.9012,299.02,559.22,36.81,22.35,6.975
5624,2026-08-02T00:00:00Z,2.6273867968170687e-08,5.184972955152981e-09,1.341840303600354e-11,296.3072849088318,293.7330669432956,94115.25095232506,4.835196943504128,257.5470116765671,12.889,299.02,559.22,36.81,22.25,5.19
5624,2026-08-03T00:00:00Z,2.573700145538041e-08,5.582035317535599e-09,2.1960476081870128e-11,296.4523089511188,294.2412131214687,94135.5257414748,4.7183344818831845,266.35653257281456,12.8766,299.02,559.22,36.81,20.25,23.39
5624,2026-08-04T00:00:00Z,2.7926929186266565e-08,6.359423946104139e-09,1.206904207176097e-11,296.3025795617694,295.3564746056069,94226.55970782656,4.627173233071585,270.9609894177205,12.8641,299.02,559.22,36.81,22.4,9.18375
5624,2026-08-05T00:00:00Z,2.9590437532850132e-08,6.984992831653767e-09,8.323412739380837e-12,296.0181900366604,295.443619466492,94116.98778418556,4.369364018727499,265.1297446890103,12.8514,299.02,559.22,36.81,22.6,17.606250000000003
5624,2026-08-06T00:00:00Z,2.316137019950261e-08,7.615067712201922e-09,1.1666365892299471e-11,295.8399088005483,294.83196603230965,94037.46650184544,4.672041725467384,264.24636539907544,12.8385,299.02,559.22,36.81,22.4,12.25
5624,2026-08-07T00:00:00Z,2.7553703976652587e-08,5.4638301837776645e-09,1.0968349243913638e-11,295.8973974341185,294.7656090630684,94028.47245035568,5.397992880338137,278.1848473479273,12.8254,299.02,559.22,36.81,20.200000000000003,21.525
5624,2026-08-08T00:00:00Z,2.577939197768037e-08,6.4448669659123235e-09,9.968196152696502e-12,295.58044585812115,294.6293513655708,94005.70040180915,4.729567606542668,272.864577341961,12.8122,299.02,559.22,36.81,20.200000000000003,10.395
5624,2026-08-09T00:00:00Z,2.75648583413672e-08,6.443027825238059e-09,8.689788858951736e-12,296.3674638480133,294.2858207038729,94131.51381354604,4.887968746529007,272.75040312612987,12.7988,299.02,559.22,36.81,20.35,12.62
5624,2026-08-10T00:00:00Z,2.934561224661868e-08,6.1559137245013905e-09,1.1697227424924514e-11,296.7678889147968,293.9433764414372,94106.66170374228,4.283991329671806,267.52667420088545,12.7853,299.02,559.22,36.81,20.35,49.214999999999996
5624,2026-08-11T00:00:00Z,2.3077505637379393e-08,7.81142428693368e-09,1.0143564590926882e-11,295.6770663531586,294.2705026812739,94018.4864090838,4.538026964384834,255.4897826315833,12.7716,299.02,559.22,36.81,20.35,
5624,2026-08-12T00:00:00Z,2.639423836695741e-08,5.894975323542671e-09,1.1798396021982687e-11,295.9118598312893,294.521405963245,94129.92503349516,4.734123987387969,262.41223866755473,12.7578,299.02,559.22,36.81,20.4,13.587499999999999
5624,2026-08-13T00:00:00Z,2.3011876754110496e-08,7.491364510442787e-09,1.2656576704482176e-11,296.0567190613874,294.6559139588885,94305.42237898204,4.534775617585765,261.4343650895481,12.7439,299.02,559.22,36.81,20.4,13.649999999999999
5624,2026-08-14T00:00:00Z,2.498592516140269e-08,6.31494434171774e-09,9.377417796457646e-12,296.0990358281282,293.33119094491985,94290.50539297918,4.6304166947158,265.81566385031283,12.7298,299.02,559.22,36.81,20.25,11.930000000000001
5624,2026-08-15T00:00:00Z,2.8458730355639793e-08,5.842856323734737e-09,6.954132332834902e-12,296.63317256752373,293.5546941946093,94265.09386131492,4.998594733521234,268.3299041073735,12.7156,299.02,559.22,36.81,,14.520000000000001
5624,2026-08-16T00:00:00Z,2.6670733041886764e-08,6.056741591103816e-09,9.559035217156043e-12,295.6627898177934,294.0802254261499,94245.6124950068,4.776736663335532,271.57050942527803,12.7012,299.02,559.22,36.81,,11.370000000000001
5624,2026-08-17T00:00:00Z,2.792725756686652e-08,5.153466221235919e-09,1.875650495568528e-11,296.1349376024765,293.634594212178,94338.07277994866,4.587238820615524,263.0084618673921,12.6868,299.02,559.22,36.81,,17.75
5624,2026-08-18T00:00:00Z,2.1953402205374762e-08,8.213716083939061e-09,1.2293978225726624e-11,295.8162859402348,293.8078443746367,94485.1030594254,3.4934041278431414,266.6697558684729,12.6722,299.02,559.22,36.81,20.1,10.8875
5624,2026-08-19T00:00:00Z,2.262987103697949e-08,6.650789165252631e-09,1.130416938135145e-11,296.2639476078949,294.4440051371313,94347.06644494866,4.942128350130289,274.12484696632,12.6576,299.02,559.22,36.81,20.1,14.05
5624,2026-08-20T00:00:00Z,2.9789367737932623e-08,6.039055000632462e-09,5.768346130438886e-12,296.5267870752947,293.7439108827026,94343.81278378592,4.742497851711467,281.2838997093421,12.6428,299.02,559.22,36.81,21.4,15.079999999999998
5624,2026-08-21T00:00:00Z,3.3866083340559414e-08,6.107633471029787e-09,5.2914340451581566e-12,296.3830935191544,293.2831461874946,94283.70600893852,4.637485180575238,289.46419276520265,12.6279,299.02,559.22,36.81,20.0,19.582500000000003
5624,2026-08-22T00:00:00Z,2.6681776175816344e-08,6.434136673231254e-09,7.690311616390563e-12,296.3649449333328,293.5599948067746,94274.4702190693,4.792755725449052,272.1911705913394,12.6129,299.02,559.22,36.81,19.95,9.97
5624,2026-08-23T00:00:00Z,2.6845666733257963e-08,7.445655317174847e-09,6.802606905070048e-12,296.5922153165395,294.44292583445406,94228.39627536292,4.707304703520451,266.4271282337619,12.5979,299.02,559.22,36.81,39.6,19.82875
5624,2026-08-24T00:00:00Z,3.06589758255923e-08,4.9907542539933965e-09,1.521340355808533e-11,295.98052568865023,295.0198116045453,94267.7733557408,4.850121107367034,280.52836962545337,12.5827,299.02,559.22,36.81,35.8,13.251999999999999
5624,2026-08-25T00:00:00Z,2.9458479742463e-08,6.735630312231511e-09,8.850989866477061e-12,296.67285608728776,294.37571492733974,94249.06126172916,4.484391658065626,271.7287474686083,12.5675,299.02,559.22,36.81,40.6,9.19375
5624,2026-08-26T00:00:00Z,2.5998827697170145e-08,6.766556934913316e-09,6.786594478860928e-12,295.79676762073984,294.2887105522169,94325.15908943993,4.936151111743951,265.2014101299009,12.5522,299.02,559.22,36.81,40.5,14.446000000000002
5624,2026-08-27T00:00:00Z,3.020387489276381e-08,6.1410564763904124e-09,6.228867271032594e-12,296.2979950231372,293.3499110797254,94325.02534515942,4.707546659795389,272.4820430197843,12.5368,299.02,559.22,36.81,,15.016
5624,2026-08-28T00:00:00Z,2.5476381613583823e-08,6.4143978489572435e-09,7.054383175825393e-12,295.84462274877643,292.8503905037529,94305.63875718704,4.549418863415909,268.0397214899661,12.5213,299.02,559.22,36.81,,
5624,2026-08-29T00:00:00Z,2.5166426788266773e-08,5.7149650056261324e-09,1.0926525149395957e-11,296.18111465157585,293.60502376204056,94301.82692595157,5.312087828642026,272.23916657118605,12.5058,299.02,559.22,36.81,39.35,19.560000000000002
5624,2026-08-30T00:00:00Z,2.5332817258982696e-08,5.482771400178759e-09,8.343517933415275e-12,295.90835074657434,293.4484349892082,94255.30092696904,5.047444278274666,275.1718243261798,12.4901,299.02,559.22,36.81,,
5624,2026-08-31T00:00:00Z,3.0422347420007065e-08,4.590601737819108e-09,5.619511013243748e-12,296.26673974993923,293.2381996493604,94361.3342279428,5.239441522864375,279.108159374839,12.4745,299.02,559.22,36.81,39.650000000000006,18.375
5624,2026-09-01T00:00:00Z,2.9630939385921538e-08,7.574058003488625e-09,5.5630953943563104e-12,296.2786410086477,293.37478015710064,94336.44267292114,3.796013364058806,282.7627791156963,12.4587,299.02,559.22,36.81,39.85,11.72
5624,2026-09-02T00:00:00Z,3.105909704676981e-08,7.914224487921937e-09,7.080594355823837e-12,296.53709224581746,293.8081251309359,94424.1343584879,3.6303733133422487,269.0782809473073,12.4429,299.02,559.22,36.81,9.8,16.409999999999997
5624,2026-09-03T00:00:00Z,2.772654231208778e-08,8.007365557418765e-09,1.1864024325852142e-11,295.95404971351115,294.9991912186261,94382.31437951264,3.441334842331629,258.1805007322416,12.4271,299.02,559.22,36.81,14.75,16.125
5624,2026-09-04T00:00:00Z,1.9322441656520144e-08,1.0896750147614129e-08,1.1586792614455169e-11,296.0253547212924,294.1390533448397,94354.6149463004,2.8246488788977184,259.352563740166,12.4112,299.02,559.22,36.81,,
5624,2026-09-05T00:00:00Z,2.4050616449151348e-08,1.2411363630425421e-08,1.1133819965628903e-11,295.91488369551803,293.87806370925256,94533.97191311004,2.479024661712049,260.290283169363,12.3952,299.02,559.22,36.81,,
5624,2026-09-06T00:00:00Z,3.495384315299002e-08,7.716084657787895e-09,7.138253436951805e-12,296.10358674405865,294.41090282359,94570.35749073364,2.5996929040578887,273.9381001924855,12.3793,299.02,559.22,36.81,,
5645,2026-06-07T00:00:00Z,5.2069411497117075e-08,7.69228490527119e-09,1.538875906051927e-11,296.85430067111565,295.36559086329714,94262.00844391,3.448402099036532,244.57222029458688,13.1372,293.35,561.92,35.44,28.5,
5645,2026-06-08T00:00:00Z,4.7816304279537867e-08,8.609898298434099e-09,2.493346984592062e-11,296.9342881251294,295.9124353229565,94280.65049913748,3.219100255769606,269.0510180184472,13.1419,293.35,561.92,35.44,45.55,18.5
5645,2026-06-09T00:00:00Z,3.738323305096465e-08,9.035325770940562e-09,1.187716490597164e-11,298.44163095141846,293.1325366071387,94196.72135021,4.503451099551945,263.3884864094951,13.1464,293.35,561.92,35.44,25.200000000000003,16.5
5645,2026-06-10T00:00:00Z,3.408821522717886e-08,8.544266168822824e-09,1.2648291280856771e-11,297.2150342850634,295.6288188024499,94178.3045416775,4.828222725241612,260.0461468710218,13.1504,293.35,561.92,35.44,17.1,19.2
5645,2026-06-11T00:00:00Z,3.227811384750764e-08,7.182015217935655e-09,1.3761763434450836e-11,298.5534765782812,294.3464792527234,94137.91460842248,4.839724188696593,267.20764160321687,13.1542,293.35,561.92,35.44,10.865,17.8
5645,2026-06-12T00:00:00Z,3.437661905735312e-08,9.196283716866202e-09,1.1257685591380799e-11,299.4347792331567,293.73379879860005,94151.87330377998,4.711653770626638,254.01491535563133,13.1576,293.35,561.92,35.44,15.7,15.6
5645,2026-06-13T00:00:00Z,3.3482318320930266e-08,1.0607078225273791e-08,1.0825378602721504e-11,299.3101957419336,294.1397073077247,94301.6217143275,4.826926884148197,241.2879011383298,13.1606,293.35,561.92,35.44,28.05,
5645,2026-06-14T00:00:00Z,4.990616205222772e-08,7.0809543489561065e-09,1.0133679757549884e-11,300.23295709208253,292.7990561626221,94283.143520825,4.631752264263446,287.6044561281377,13.1633,293.35,561.92,35.44,43.900000000000006,17.366666666666664
5645,2026-06-15T00:00:00Z,4.1576772956080686e-08,8.603769174495862e-09,1.5812546393517574e-11,299.29109723360835,290.92559423310064,94232.1865324025,4.05093137354185,303.00278836996165,13.1657,293.35,561.92,35.44,,17.666666666666668
5645,2026-06-16T00:00:00Z,3.5566352573400365e-08,1.9876234856469312e-08,3.699198272077941e-11,298.96918116631844,292.35532968309053,94258.577895865,2.458140319067354,292.11032984849766,13.1676,293.35,561.92,35.44,19.35,42.1
5645,2026-06-17T00:00:00Z,1.5578448700626002e-08,4.306476237971328e-08,1.8050233119899332e-10,298.4325840506592,292.45941726194565,94315.9101839025,1.7602159699133413,257.1825033550581,13.1693,293.35,561.92,35.44,14.3,19.3
5645,2026-06-18T00:00:00Z,4.6717318092974594e-08,1.0241978176807672e-08,1.0234555093751674e-11,299.7789761992896,290.36731109765617,94350.69270873247,4.279889813077524,292.54401564598686,13.1705,293.35,561.92,35.44,29.3,32.0
5645,2026-06-19T00:00:00Z,5.6286311718824454e-08,1.1153159543120222e-08,1.0055266549820196e-11,298.86548108613266,293.3439292602929,94259.34629525249,4.392621274660057,217.29625049913932,13.1715,293.35,561.92,35.44,19.6,
5645,2026-06-20T00:00:00Z,4.51279636608678e-08,1.4491548317051648e-08,1.297665997313692e-11,299.4244711347851,291.1387792399658,94332.52631406998,3.507060700393407,246.09737263928469,13.172,293.35,561.92,35.44,19.95,
5645,2026-06-21T00:00:00Z,5.1212379816251764e-08,9.947995403702698e-09,3.155291983799575e-11,296.74320290194095,295.8808290815796,94345.18713149,1.381251245226882,219.4017719664681,13.1722,293.35,561.92,35.44,29.35,
5645,2026-06-22T00:00:00Z,3.9587161497512674e-08,7.452312529758044e-09,9.62192762765125e-12,297.37600419753915,294.71104435298565,94370.59767893996,3.5986444324271227,250.22351220511115,13.172,293.35,561.92,35.44,20.75,86.0
5645,2026-06-23T00:00:00Z,3.6477548008156615e-08,8.1992054053837e-09,1.1888393996396543e-11,296.80663881193846,295.2368541903662,94286.37827488247,3.879268948213443,258.42358305319584,13.1715,293.35,561.92,35.44,0.0,14.5
5645,2026-06-24T00:00:00Z,2.7353879908874845e-08,6.608144387517413e-09,1.1638964293690712e-11,297.5271883612671,293.93804546704104,94097.61203734248,4.5542465440371735,250.117847190558,13.1707,293.35,561.92,35.44,,
5645,2026-06-25T00:00:00Z,3.2257619102747754e-08,7.543229593496202e-09,1.0940318796888612e-11,296.80720013566645,294.20788886289665,94197.24163184749,4.532350500441442,266.0328219060633,13.1694,293.35,561.92,35.44,,
5645,2026-06-26T00:00:00Z,4.43874490786544e-08,8.104667349265003e-09,1.2671211823210775e-11,296.6377763460107,295.57615093419804,94161.56812993248,3.6107771575750527,284.29532235399654,13.1678,293.35,561.92,35.44,11.6,16.933333333333334
5645,2026-06-27T00:00:00Z,4.916611740481503e-08,8.104869225448435e-09,1.305027028136827e-11,296.6298837705884,295.79324751046386,94157.78204171,2.9157901721433173,279.72250586338663,13.1659,293.35,561.92,35.44,17.15,25.333333333333332
5645,2026-06-28T00:00:00Z,4.0673401972931393e-08,9.381435828994292e-09,1.3392451748711896e-11,296.6400627143848,296.1941825123596,94093.77753752,3.247950524339436,260.97912310194846,13.1636,293.35,561.92,35.44,13.2,13.1
5645,2026-06-29T00:00:00Z,3.15093813436992e-08,9.620245881414555e-09,2.0349865205244576e-11,296.4638285453418,296.0065598793481,94016.08374837498,2.5388484857348117,251.4604625641371,13.1609,293.35,561.92,35.44,12.8,46.1
5645,2026-06-30T00:00:00Z,2.9211634320021643e-08,6.759501786039478e-09,1.0951312206707095e-11,296.60495654546867,294.45825923105343,94117.181769555,4.87479969372233,264.19598988408546,13.1579,293.35,561.92,35.44,11.1,16.4
5645,2026-07-01T00:00:00Z,2.8575285689905825e-08,5.912403960431129e-09,9.998564921394782e-12,297.228947548064,294.56385160193355,94006.87652267996,5.636223201756471,259.7937761472176,13.1546,293.35,561.92,35.44,13.85,14.9
5645,2026-07-02T00:00:00Z,2.9531414177304653e-08,5.710767373001922e-09,1.2469172334740531e-11,295.65494936599123,294.9368628596424,94008.5247967175,6.018985960650361,265.5459542722952,13.1509,293.35,561.92,35.44,,17.2
5645,2026-07-03T00:00:00Z,3.1238904847425575e-08,5.059833220746595e-09,1.0132415881294752e-11,296.65756114157955,294.08004056783693,94040.27102256,6.2102861894967765,261.21619458620705,13.1469,293.35,561.92,35.44,,17.3
5645,2026-07-04T00:00:00Z,3.216774152337334e-08,3.946815762206262e-09,9.552054922803144e-12,296.74890027029045,294.50633599062377,93832.68054011998,7.558152027080069,264.3859960971447,13.1425,293.35,561.92,35.44,8.58,16.5
5645,2026-07-05T00:00:00Z,3.5120330367046374e-08,3.060357040157661e-09,7.918127953931637e-12,295.266519102666,294.3114445056177,93789.68381146748,8.128573013446802,252.3346101166404,13.1378,293.35,561.92,35.44,11.95,16.1
5645,2026-07-06T00:00:00Z,3.602155481725302e-08,3.413902563907978e-09,7.719395999455383e-12,297.0119798377172,293.9890717264868,93843.53481158748,7.234889704499825,247.58970171953104,13.1328,293.35,561.92,35.44,14.1,
5645,2026-07-07T00:00:00Z,3.634147579505397e-08,3.5215476472744674e-09,7.1246312574093645e-12,297.4850135779712,293.6794356440405,93782.91085706248,7.809550258668896,236.2666783635866,13.1274,293.35,561.92,35.44,16.2,
5645,2026-07-08T00:00:00Z,3.0828949502111944e-08,4.398111766713065e-09,9.192830653484962e-12,297.4965686668554,293.94895020611085,93934.10900847249,6.415385936966457,241.1648351922464,13.1217,293.35,561.92,35.44,15.3,
5645,2026-07-09T00:00:00Z,2.4353794496243988e-08,6.090648920600872e-09,1.8408099955941168e-11,297.1590283195483,294.5974734109399,94083.947801955,5.182055861133496,253.1068326705845,13.1157,293.35,561.92,35.44,25.35,16.7
5645,2026-07-10T00:00:00Z,2.5528593927403426e-08,6.441131171439103e-09,1.0461138433833703e-11,297.6512588387915,293.8922439179333,94256.13496482249,4.544304659130892,266.33727608525953,13.1094,293.35,561.92,35.44,13.45,19.2
5645,2026-07-11T00:00:00Z,2.6603973794483e-08,5.621625434397388e-09,1.0699554638667096e-11,297.337609632019,293.50011466886104,94250.5058172725,4.939531702544069,265.8994063270958,13.1027,293.35,561.92,35.44,14.5,31.9
5645,2026-07-12T00:00:00Z,2.8246279296808974e-08,5.586676915484376e-09,8.098300092570951e-12,297.42197700036365,293.2304040860352,94098.97645910748,5.343399370226011,261.7205661501663,13.0958,293.35,561.92,35.44,13.95,72.1
5645,2026-07-13T00:00:00Z,2.70651222301882e-08,5.031585857108025e-09,1.8435908832188183e-11,296.7441709550463,293.22576028686774,94106.389110785,4.704720117550451,268.2588769550507,13.0886,293.35,561.92,35.44,17.2,73.6
5645,2026-07-14T00:00:00Z,3.4459765700876565e-08,5.263788124842998e-09,7.128930292355282e-12,296.60334131501213,292.0120646491528,94208.073074585,5.142874391070977,286.2197895074611,13.081,293.35,561.92,35.44,15.8,13.3675
5645,2026-07-15T00:00:00Z,3.706303703196691e-08,7.028903586237538e-09,6.86788920784277e-12,297.0985820843285,292.38611866601553,94293.54041916748,4.632633187006762,279.9316485315747,13.0732,293.35,561.92,35.44,23.75,13.465
5645,2026-07-16T00:00:00Z,3.6853212646934126e-08,6.224637420035482e-09,5.578599261690936e-12,296.9565919649682,293.53213689279056,94303.16633480247,4.736755309757286,270.9954629954324,13.0651,293.35,561.92,35.44,15.3,3.7
5645,2026-07-17T00:00:00Z,3.2556901879466696e-08,6.504648332972514e-09,5.908850860304567e-12,297.60901053588134,293.94594812077634,94259.35619488248,4.695247344439025,268.88452362479165,13.0567,293.35,561.92,35.44,16.05,34.8
5645,2026-07-18T00:00:00Z,2.7259562251663213e-08,8.163452946921066e-09,7.887860827984041e-12,295.97370707408936,295.11243972250975,94225.2256011225,4.433342589680661,268.95354146273155,13.048,293.35,561.92,35.44,18.35,13.7
5645,2026-07-19T00:00:00Z,2.2465162392326773e-08,8.299359718857841e-09,1.0040842521762676e-11,295.6301292612329,294.9937707314441,94191.96649955498,4.256071007477376,262.42541090800125,13.039,293.35,561.92,35.44,9.385,18.7
5645,2026-07-20T00:00:00Z,2.509078016662992e-08,5.508481100353045e-09,1.897298890985227e-11,295.7118119011791,294.1043746509692,94224.63154176748,4.753823231393555,263.69049358215864,13.0298,293.35,561.92,35.44,10.94,
5645,2026-07-21T00:00:00Z,2.7004411127164504e-08,5.2973054341149864e-09,1.0865972093633196e-11,296.0959817026074,293.6698166204004,94254.20181350248,5.131840032468382,264.87640910489165,13.0203,293.35,561.92,35.44,14.135000000000002,
5645,2026-07-22T00:00:00Z,2.59004708008917e-08,5.045630083046282e-09,1.2712862237750615e-11,296.19088224277107,293.73296432360104,94186.45204511998,5.605924884223334,253.31650213622504,13.0106,293.35,561.92,35.44,7.15,14.6
5645,2026-07-23T00:00:00Z,2.9118093161672523e-08,5.301224637656965e-09,7.543074307019196e-12,295.30417824396966,292.74486987047845,94158.28203907749,5.766972347874898,241.13146421426288,13.0006,293.35,561.92,35.44,14.7,
5645,2026-07-24T00:00:00Z,3.7754222985592363e-08,4.2354186477649404e-09,4.4920926038761554e-12,295.7958076431641,290.9351226225074,94137.960306715,5.870482745038336,242.88549987139555,12.9904,293.35,561.92,35.44,16.7,
5645,2026-07-25T00:00:00Z,2.3906810273631233e-08,4.820066406147737e-09,2.8159384449718737e-11,295.62143458208004,292.2001309036011,94130.9571522525,4.993841515572566,258.3218373656989,12.9799,293.35,561.92,35.44,7.715,17.6
5645,2026-07-26T00:00:00Z,2.4870039389081934e-08,4.976642486212033e-09,1.6233772337229756e-11,296.10933845483646,293.7193256725342,94114.05225785747,5.178110131634083,260.42353313800027,12.9693,293.35,561.92,35.44,11.5,
5645,2026-07-27T00:00:00Z,2.6928939007246525e-08,5.180885896199605e-09,2.2180987327365955e-11,296.6832976058959,293.9108110571972,94070.09902833498,5.055704531345862,268.42068045251153,12.9583,293.35,561.92,35.44,7.604999999999999,41.6
5645,2026-07-28T00:00:00Z,2.7920876908216026e-08,6.097818872353513e-09,8.99554128716733e-12,295.9677777287964,294.54064342025504,93966.6790166975,5.076524427583179,258.1939128854751,12.9472,293.35,561.92,35.44,9.9,18.9
5645,2026-07-29T00:00:00Z,2.5925288543241826e-08,5.53119083452024e-09,1.638107510487589e-11,295.73979604703857,295.0633409665344,93863.41741363247,5.697255877957026,264.1998560258279,12.9358,293.35,561.92,35.44,8.805,84.3
5645,2026-07-30T00:00:00Z,3.0477758763075954e-08,4.7088212038037035e-09,1.0167573606878988e-11,295.6162240431787,294.8989147466809,93601.8734042075,6.40395334103486,263.5841107611353,12.9243,293.35,561.92,35.44,,17.3
5645,2026-07-31T00:00:00Z,3.0240806580627e-08,4.365913356904986e-09,1.421068692466476e-11,295.48005213055416,294.6362725255176,93545.729658175,6.2661373603298856,247.58594383491004,12.9125,293.35,561.92,35.44,6.164999999999999,
5645,2026-08-01T00:00:00Z,2.4456928571909468e-08,5.468537098605244e-09,2.092880296794699e-11,296.4042750429052,293.9255710794348,93821.28477096248,5.110685829972053,243.83916740105556,12.9005,293.35,561.92,35.44,6.975,
5645,2026-08-02T00:00:00Z,2.6283518449295373e-08,5.284135057988132e-09,1.2678481531107934e-11,296.3252257745214,293.7234331363452,94113.9452672225,4.859361074004657,258.76582402499537,12.8884,293.35,561.92,35.44,5.19,
5645,2026-08-03T00:00:00Z,2.586488253419164e-08,5.662144817230085e-09,2.147472330535461e-11,296.4775769863232,294.2447421282971,94132.64543041748,4.766114844078619,267.3886375033952,12.876,293.35,561.92,35.44,,55.1
5645,2026-08-04T00:00:00Z,2.8113774148380906e-08,6.457193746453359e-09,1.1651353680847786e-11,296.28743681389165,295.38587414927605,94224.51399542748,4.659152661422453,271.8410063545407,12.8635,293.35,561.92,35.44,8.425,9.665
5645,2026-08-05T00:00:00Z,3.0186178910870347e-08,7.0112132643879564e-09,7.907273664097153e-12,296.01404976565675,295.42179824885375,94114.5816985325,4.423078623015592,266.1340629925085,12.8508,293.35,561.92,35.44,9.125,44.7
5645,2026-08-06T00:00:00Z,2.3312945617945393e-08,7.736313644918708e-09,1.0943854671820634e-11,295.866049305664,294.8405401056371,94035.360301955,4.71321195864288,265.2701087620045,12.8379,293.35,561.92,35.44,,13.8
5645,2026-08-07T00:00:00Z,2.7655965494212813e-08,5.546196510327782e-09,1.066512513336262e-11,295.9217803661425,294.7601316588928,94023.703660835,5.496615914358735,278.5206742685349,12.8248,293.35,561.92,35.44,19.8,21.95
5645,2026-08-08T00:00:00Z,2.6206031545988312e-08,6.5731632598846796e-09,9.498490817774419e-12,295.56262106282963,294.65044637700066,94002.65073335498,4.7840496924512,273.3413186373437,12.8116,293.35,561.92,35.44,14.25,9.11
5645,2026-08-09T00:00:00Z,2.787503092909969e-08,6.548962910181688e-09,8.345572172041504e-12,296.38089728186515,294.29993707280147,94127.57915296748,4.920579570291657,273.37165783861485,12.7983,293.35,561.92,35.44,18.25,10.46
5645,2026-08-10T00:00:00Z,2.9388186098773284e-08,6.297343286038774e-09,1.1530675057747323e-11,296.7764716770776,293.952049802008,94103.4638348925,4.3165164348607945,268.06196420131624,12.7847,293.35,561.92,35.44,,74.9
5645,2026-08-11T00:00:00Z,2.333007998447085e-08,7.931161564860984e-09,9.452848045016947e-12,295.7152897877245,294.2656476604358,94015.67763352249,4.553751620836458,256.73560688308623,12.7711,293.35,561.92,35.44,,
5645,2026-08-12T00:00:00Z,2.6610319915766842e-08,5.961393859396087e-09,1.1213769863245344e-11,295.9399526679882,294.49906780429325,94127.34112014998,4.787903414038555,263.592480359939,12.7573,293.35,561.92,35.44,15.95,14.15
5645,2026-08-13T00:00:00Z,2.3180922882034274e-08,7.618091118223355e-09,1.2093852672883819e-11,296.1037421270775,294.6758497050609,94302.90949351247,4.577259037229441,262.79672413549406,12.7433,293.35,561.92,35.44,15.6,11.7
5645,2026-08-14T00:00:00Z,2.516954552778742e-08,6.395299305998114e-09,9.071282033153464e-12,296.13052589966304,293.3273080501892,94287.44482325498,4.683201095041234,266.9532013044956,12.7293,293.35,561.92,35.44,18.25,13.1
5645,2026-08-15T00:00:00Z,2.8582068698180912e-08,5.937737464766782e-09,6.692527520210929e-12,296.6449288958984,293.5584824207385,94261.722143245,5.049202150158723,269.16691239287775,12.7151,293.35,561.92,35.44,18.45,19.45
5645,2026-08-16T00:00:00Z,2.6820483474210737e-08,6.1609641731783244e-09,9.071062941471348e-12,295.6666145826343,294.1102473811547,94242.1230992075,4.842821353517591,272.3547812392763,12.7008,293.35,561.92,35.44,16.75,9.5
5645,2026-08-17T00:00:00Z,2.7946869033454747e-08,5.245697346484964e-09,1.819239220851084e-11,296.1721490583788,293.6231671522863,94335.309089545,4.632394526027398,263.9167427085001,12.6863,293.35,561.92,35.44,17.15,25.2
5645,2026-08-18T00:00:00Z,2.2110271779039493e-08,8.33705371370123e-09,1.1595217499241791e-11,295.8597807964379,293.80776000018426,94483.71433830498,3.565238784617814,267.6802372301258,12.6718,293.35,561.92,35.44,16.55,14.9
5645,2026-08-19T00:00:00Z,2.2684614867770835e-08,6.798098237692528e-09,1.0997391237540492e-11,296.27223408039305,294.47601784844346,94342.86507829498,5.000271658676967,274.56498045888816,12.6571,293.35,561.92,35.44,15.05,13.563749999999999
5645,2026-08-20T00:00:00Z,3.0151186760880905e-08,6.207460491134331e-09,5.508410336271984e-12,296.5438629443457,293.7734191333825,94339.21263211498,4.764874540038581,281.51061696754545,12.6424,293.35,561.92,35.44,21.45,13.4875
5645,2026-08-21T00:00:00Z,3.4264138994754275e-08,6.252836965270028e-09,5.025432643517367e-12,296.43104388518054,293.2890823931811,94279.26714931749,4.699073431776438,289.46175718060755,12.6275,293.35,561.92,35.44,,19.582500000000003
5645,2026-08-22T00:00:00Z,2.7000608950534833e-08,6.5276087055873155e-09,7.338376773124062e-12,296.3832478124804,293.5644641897925,94270.7439498325,4.8515828569322,272.85108134818387,12.6125,293.35,561.92,35.44,9.45,10.143333333333333
5645,2026-08-23T00:00:00Z,2.7370717850181865e-08,7.436307101366049e-09,6.412586387858516e-12,296.6278249603417,294.41958663145624,94223.949074555,4.7353388148049484,267.4696314235284,12.5975,293.35,561.92,35.44,9.965,55.6
5645,2026-08-24T00:00:00Z,3.10554503305285e-08,5.035594316619816e-09,1.514858098066938e-11,295.96765979163087,295.0263248298364,94263.89453793748,4.91059044906653,281.14407663980376,12.5823,293.35,561.92,35.44,8.79,14.4575
5645,2026-08-25T00:00:00Z,2.9978575809076594e-08,6.819840824172742e-09,8.555542192014983e-12,296.6713647851098,294.3924184108569,94246.37467950498,4.526509982390559,272.6043549266989,12.5671,293.35,561.92,35.44,9.675,8.4
5645,2026-08-26T00:00:00Z,2.6332571679185905e-08,6.8463048683250674e-09,6.379111047983474e-12,295.8101509262255,294.2917640422827,94321.60855137,4.9886035961692246,265.9168789818564,12.5518,293.35,561.92,35.44,16.6,19.65
5645,2026-08-27T00:00:00Z,3.051753343950352e-08,6.2869988799185205e-09,5.968584061120669e-12,296.34634798235584,293.3626583804772,94321.06546141,4.764945406649425,273.119582136648,12.5364,293.35,561.92,35.44,22.35,13.182500000000001
5645,2026-08-28T00:00:00Z,2.549673232490272e-08,6.596514572178491e-09,6.742538265478221e-12,295.8615874877709,292.8455565249243,94302.2016279875,4.582724239224274,268.7326661049252,12.521,293.35,561.92,35.44,,
5645,2026-08-29T00:00:00Z,2.5311192522754446e-08,5.7991953990986574e-09,1.0664980198658198e-11,296.20456463172354,293.6022042197436,94298.00268542748,5.356567238540455,272.901939576528,12.5054,293.35,561.92,35.44,17.8,19.9125
5645,2026-08-30T00:00:00Z,2.5462925884345103e-08,5.592439791630758e-09,8.17838203981878e-12,295.9282187099365,293.44998431807,94251.34621052748,5.12079445491853,275.4625654300185,12.4898,293.35,561.92,35.44,,
5645,2026-08-31T00:00:00Z,3.068710567470928e-08,4.693645552343858e-09,5.613598292789435e-12,296.30931467111566,293.2347316140649,94357.1015666275,5.283816088388647,279.7298470529682,12.4742,293.35,561.92,35.44,21.15,17.416666666666668
5645,2026-09-01T00:00:00Z,2.9795366950089938e-08,7.811802984618782e-09,5.300795973533684e-12,296.35077917102285,293.3882620576805,94333.22708224498,3.819492582464672,283.04968928292544,12.4584,293.35,561.92,35.44,20.35,8.91
5645,2026-09-02T00:00:00Z,3.17943319917808e-08,7.991188322516284e-09,6.49592399600632e-12,296.58013112907224,293.755861044751,94421.80662580498,3.680151665613692,270.2170624652177,12.4427,293.35,561.92,35.44,27.65,19.4
5645,2026-09-03T00:00:00Z,2.8060066450945745e-08,8.102792004716011e-09,1.1817817297837754e-11,295.971953639978,294.95317513168214,94380.47694962498,3.4587798617838166,259.25031924837697,12.4268,293.35,561.92,35.44,14.3,19.3
5645,2026-09-04T00:00:00Z,1.9360946316817358e-08,1.1136190431438074e-08,1.1404130739446149e-11,296.0448042429101,294.1425975974255,94354.23581518,2.8510949023486543,259.25700650836905,12.4109,293.35,561.92,35.44,,
5645,2026-09-05T00:00:00Z,2.421632488708038e-08,1.2888859344542844e-08,1.104600260559892e-11,295.9370222552783,293.84744595069094,94531.86534617248,2.469134162903996,260.7675651254536,12.395,293.35,561.92,35.44,,
5645,2026-09-06T00:00:00Z,3.554894191715578e-08,7.834802429712252e-09,6.7224112268031985e-12,296.14402082062986,294.3520920548609,94568.23485787,2.6165946945944167,274.56400818588503,12.379,293.35,561.92,35.44,,
5647,2026-06-07T00:00:00Z,5.400768958412227e-08,7.652414305952841e-09,1.1914364693647235e-11,296.9110333677312,295.2225571585622,94324.2409100935,3.5559614842485976,254.071047198298,13.1333,276.69,553.43,32.54,14.3,
5647,2026-06-08T00:00:00Z,5.043519931535094e-08,8.436584764991905e-09,1.8490556398180865e-11,297.0215239852236,295.8116173258361,94342.66766409887,3.489080813507065,272.7413196918911,13.138,276.69,553.43,32.54,16.25,
5647,2026-06-09T00:00:00Z,3.8238155676763444e-08,9.343525035098862e-09,8.901889525620073e-12,298.4744349405889,293.1478299957592,94258.86324186056,4.771799878387233,265.038011969382,13.1424,276.69,553.43,32.54,16.55,
5647,2026-06-10T00:00:00Z,3.528618027387056e-08,8.449099335915157e-09,1.0279087625725108e-11,297.2990958234913,295.6161672175779,94239.55693325803,5.006966574398555,263.029555248568,13.1465,276.69,553.43,32.54,18.9,
5647,2026-06-11T00:00:00Z,3.26938488749712e-08,7.396964123646258e-09,1.1176983601511712e-11,298.57275242742014,294.4066590608577,94198.84710754226,5.100171262645942,269.1308909092709,13.1502,276.69,553.43,32.54,17.8,
5647,2026-06-12T00:00:00Z,3.50605535809048e-08,1.0052586431995169e-08,8.994384638170605e-12,299.47706090980586,293.54563896883315,94219.92055157828,4.598025854209856,252.25171739340965,13.1536,276.69,553.43,32.54,15.9,
5647,2026-06-13T00:00:00Z,3.451652389352401e-08,1.0692590626844397e-08,8.056000226151333e-12,299.15182947352514,294.1824613978854,94364.47000945234,5.012473377540142,243.25202524993583,13.1566,276.69,553.43,32.54,16.549999999999997,
5647,2026-06-14T00:00:00Z,4.8904522151108825e-08,7.428334771711254e-09,8.318666960953055e-12,300.25295819780894,292.8162790314645,94342.26295840646,4.756288088531467,287.07758260825705,13.1593,276.69,553.43,32.54,18.0,
5647,2026-06-15T00:00:00Z,4.1539959235920835e-08,9.166925997385414e-09,1.2477928777734864e-11,299.3812384524018,290.77747252545964,94288.85669709444,4.303859585443806,303.1497417966767,13.1616,276.69,553.43,32.54,17.700000000000003,
5647,2026-06-16T00:00:00Z,3.613055148660453e-08,2.182295695915832e-08,3.730937712577634e-11,298.8613335425872,292.8151995880554,94324.06621012416,2.121623927486048,288.0243519439029,13.1636,276.69,553.43,32.54,59.2,
5647,2026-06-17T00:00:00Z,1.2877989519929557e-08,4.710731232567232e-08,1.8217204030521087e-10,298.41776351867634,292.6225278736233,94378.23509277702,1.5901733936327551,255.75834165131624,13.1652,276.69,553.43,32.54,17.75,
5647,2026-06-18T00:00:00Z,4.6469037223652657e-08,1.0720464240130952e-08,8.310510443890529e-12,299.83234219833696,290.4690848217098,94409.01154318618,4.42498550308704,287.64243009318784,13.1665,276.69,553.43,32.54,45.3,
5647,2026-06-19T00:00:00Z,5.887001614445029e-08,1.1141178459261576e-08,8.638127936133671e-12,298.8908528520079,293.3288050594823,94325.76201834442,4.3077082155074224,220.14793877037795,13.1674,276.69,553.43,32.54,18.95,
5647,2026-06-20T00:00:00Z,4.735915135906596e-08,1.4604596536786793e-08,1.122010544588332e-11,299.4709190976163,291.1980395045257,94394.25326697037,3.41892275697674,246.49229119118928,13.168,276.69,553.43,32.54,18.15,
5647,2026-06-21T00:00:00Z,5.4699402437910695e-08,9.568652247654697e-09,2.255925514850517e-11,296.741557403746,295.81047798904984,94413.0401798786,1.5359677042645563,251.4263408262752,13.1682,276.69,553.43,32.54,16.75,
5647,2026-06-22T00:00:00Z,3.933979003954383e-08,8.098709739221854e-09,8.840950184746653e-12,297.19487264092714,294.8609800479422,94438.08693753052,3.61829425207951,251.47663747341352,13.168,276.69,553.43,32.54,52.1,
5647,2026-06-23T00:00:00Z,3.721234279643395e-08,8.152083030945847e-09,9.861320667398113e-12,296.81442258419065,295.1640337058111,94355.88463979762,3.992057958017853,259.8043015729463,13.1675,276.69,553.43,32.54,16.55,
5647,2026-06-24T00:00:00Z,2.714144152766948e-08,6.949069504035811e-09,1.0181829097174949e-11,297.5186353577388,293.8861631137208,94168.38352611595,4.561639672284379,251.86336612606755,13.1666,276.69,553.43,32.54,,
5647,2026-06-25T00:00:00Z,3.2177915867919226e-08,7.76766614898164e-09,9.332944025998406e-12,296.8826678593548,294.20861654035986,94261.15250171756,4.6022756701632215,267.73472507160375,13.1654,276.69,553.43,32.54,,
5647,2026-06-26T00:00:00Z,4.578921204666767e-08,7.951092688652509e-09,9.346786949658027e-12,296.8036605575275,295.44903088829113,94224.07007919508,3.854151603309034,285.70441931693045,13.1638,276.69,553.43,32.54,16.5,
5647,2026-06-27T00:00:00Z,5.04501084481816e-08,7.890478380660795e-09,1.0722932785206895e-11,296.6513227471556,295.7948211363677,94229.31934852514,2.950532265918258,280.70490667304546,13.1618,276.69,553.43,32.54,69.1,
5647,2026-06-28T00:00:00Z,4.2511969585897564e-08,9.093547695634184e-09,1.051405270643084e-11,296.6897699132857,296.1964711817089,94158.3815610647,3.376789806034586,263.22872162848853,13.1596,276.69,553.43,32.54,18.9,
5647,2026-06-29T00:00:00Z,2.912267654684768e-08,1.0181481522563244e-08,1.720074995568331e-11,296.5112190909465,295.980013247674,94083.19663673558,2.669273470536708,253.17358252404355,13.1569,276.69,553.43,32.54,33.95,
5647,2026-06-30T00:00:00Z,2.9477388763046273e-08,6.947450489377615e-09,9.05118603122429e-12,296.7329358295546,294.4557385458431,94181.90005435963,5.048106806121743,266.24917800588656,13.1539,276.69,553.43,32.54,16.45,
5647,2026-07-01T00:00:00Z,2.8671564503284256e-08,6.023825563576713e-09,8.59947551957203e-12,297.3172009129765,294.4907886938641,94069.32345697928,5.751416554413589,261.6717257100544,13.1506,276.69,553.43,32.54,15.9,
5647,2026-07-02T00:00:00Z,2.9374392746162813e-08,5.9393609950741125e-09,1.0966417500016788e-11,295.7141596525114,294.94806659443253,94069.62315770586,6.211009042587331,267.07384261960465,13.1469,276.69,553.43,32.54,17.0,
5647,2026-07-03T00:00:00Z,3.11881805534503e-08,5.2294262870463246e-09,8.529494965052504e-12,296.8774677642653,293.92561242603045,94102.0830160818,6.341891164526078,263.1992119425498,13.1429,276.69,553.43,32.54,17.25,
5647,2026-07-04T00:00:00Z,3.203389228459045e-08,4.079555715672898e-09,8.897048192134679e-12,296.8428059483246,294.4456635493472,93893.84709325174,7.699541329454213,265.5821065524512,13.1386,276.69,553.43,32.54,17.15,
5647,2026-07-05T00:00:00Z,3.4697287895211425e-08,3.2375225648419675e-09,7.070375306375922e-12,295.38961079405675,294.27285826182606,93854.495963803,8.160983657816656,254.1510600518838,13.1339,276.69,553.43,32.54,17.65,
5647,2026-07-06T00:00:00Z,3.600000950597929e-08,3.5174446339358572e-09,6.638420883469903e-12,297.1446902895346,293.92634010584044,93909.95108351976,7.361852932337017,249.53281781319535,13.1289,276.69,553.43,32.54,16.9,
5647,2026-07-07T00:00:00Z,3.6035696100013536e-08,3.780381540885777e-09,6.218528607986894e-12,297.5319989144154,293.6690574636038,93855.6833867536,7.797329235891366,238.04925425165789,13.1235,276.69,553.43,32.54,16.6,
5647,2026-07-08T00:00:00Z,3.044359139563784e-08,4.675879176697358e-09,7.843066608929489e-12,297.5957760059576,293.9334683420955,94007.01976413306,6.365679387595479,242.6451772271681,13.1178,276.69,553.43,32.54,17.75,
5647,2026-07-09T00:00:00Z,2.426211830775832e-08,6.299838834131177e-09,1.653796356978534e-11,297.23799519384266,294.56132316295793,94149.93513253686,5.284049971456827,255.4911066110972,13.1119,276.69,553.43,32.54,16.05,
5647,2026-07-10T00:00:00Z,2.580308136245696e-08,6.713707528542349e-09,8.824794373264864e-12,297.7143533863071,293.9076865554812,94320.53008419508,4.664433329783979,268.32502070943576,13.1056,276.69,553.43,32.54,17.95,
5647,2026-07-11T00:00:00Z,2.6804053012154053e-08,5.93923264879738e-09,9.120007549443103e-12,297.4900489083845,293.540938872491,94316.24979975804,4.96596331242511,267.52436619161347,13.0989,276.69,553.43,32.54,31.6,
5647,2026-07-12T00:00:00Z,2.85520829787966e-08,5.797572857139293e-09,6.771391420008141e-12,297.5492500651527,293.1926358424465,94162.3014413264,5.400051635221586,263.8080158656272,13.092,276.69,553.43,32.54,60.6,
5647,2026-07-13T00:00:00Z,2.7455307630256552e-08,5.168057281408933e-09,1.61172008952515e-11,296.91611311367865,293.2134709568872,94168.69178018432,4.818201003162549,270.059276923306,13.0848,276.69,553.43,32.54,73.55,
5647,2026-07-14T00:00:00Z,3.5024488412157755e-08,5.46267753089771e-09,6.066382800652217e-12,296.8501725053163,292.0095240827502,94266.8850516492,5.288181787780806,286.9997066983564,13.0773,276.69,553.43,32.54,16.85,
5647,2026-07-15T00:00:00Z,3.708369075997227e-08,7.589227848348529e-09,5.7920437426648626e-12,297.38147296649777,292.43629776566354,94352.3613133606,4.765689195535629,280.89572834875275,13.0695,276.69,553.43,32.54,17.5,
5647,2026-07-16T00:00:00Z,3.7420376351846046e-08,6.434051717496533e-09,4.823712965000561e-12,297.1459305581541,293.47492466075045,94364.22203671756,4.855406519565328,273.5090639417181,13.0614,276.69,553.43,32.54,,
5647,2026-07-17T00:00:00Z,3.3122540681842084e-08,6.804733933882724e-09,5.1281164157843446e-12,297.7388095386032,293.95440718597337,94324.16760741091,4.813378179200344,269.5529117230933,13.053,276.69,553.43,32.54,47.3,
5647,2026-07-18T00:00:00Z,2.786414268519308e-08,8.305614429895586e-09,6.531571586672479e-12,296.1055524209908,295.07642600800625,94287.27552323464,4.663552995031923,270.95415763012375,13.0444,276.69,553.43,32.54,7.35,
5647,2026-07-19T00:00:00Z,2.2899925605028248e-08,8.529446085262389e-09,8.32770084657388e-12,295.7397840469645,294.9371293804105,94256.20085214384,4.4486192297572416,265.05416183735315,13.0355,276.69,553.43,32.54,18.4,
5647,2026-07-20T00:00:00Z,2.5566802504378914e-08,5.569641547873706e-09,1.6353532615395263e-11,295.91591595004,294.0470309377067,94288.54531567708,4.936241891926353,266.3087601691822,13.0263,276.69,553.43,32.54,,
5647,2026-07-21T00:00:00Z,2.7024211932594712e-08,5.487531758932412e-09,9.436569930797628e-12,296.26304654003786,293.6307974135971,94317.63529707548,5.283204632274253,267.2070622945315,13.0169,276.69,553.43,32.54,,
5647,2026-07-22T00:00:00Z,2.5645169786919912e-08,5.323886566165699e-09,1.091008647086774e-11,296.2647707467324,293.7140438866536,94257.86871754668,5.615446228061898,254.59068663011013,13.0072,276.69,553.43,32.54,16.05,
5647,2026-07-23T00:00:00Z,2.8195411658261488e-08,5.616956176731909e-09,6.7736115723788096e-12,295.43643745478295,292.8066760640543,94230.80513732549,5.729540477199485,242.9259666387378,12.9972,276.69,553.43,32.54,19.65,
5647,2026-07-24T00:00:00Z,3.781469679964392e-08,4.432629042345575e-09,3.986430707463998e-12,295.8293414128294,290.7898016962812,94211.95961206376,5.866510326119677,245.82371769745683,12.987,276.69,553.43,32.54,16.1,
5647,2026-07-25T00:00:00Z,2.3893123237461803e-08,4.992491704551048e-09,2.4806945316152647e-11,295.7586805508189,292.16338131105937,94200.4833896375,5.102892916792599,261.00126481646413,12.9766,276.69,553.43,32.54,17.05,
5647,2026-07-26T00:00:00Z,2.5043264620645875e-08,5.072374905830089e-09,1.3665306055012609e-11,296.2557427998824,293.6985045522623,94178.56418401343,5.313202794432662,262.96876026122027,12.966,276.69,553.43,32.54,,
5647,2026-07-27T00:00:00Z,2.7396625163910457e-08,5.248677257522119e-09,1.9046429908661947e-11,296.84563090512006,293.9109639937452,94133.63117893338,5.22768304197689,269.83965555870225,12.9551,276.69,553.43,32.54,39.150000000000006,
5647,2026-07-28T00:00:00Z,2.8060769487638477e-08,6.306782325074165e-09,7.580492561813441e-12,296.09664253251435,294.5144270666244,94031.23881787136,5.217748499827493,260.17975567189814,12.944,276.69,553.43,32.54,13.5,
5647,2026-07-29T00:00:00Z,2.630011585773274e-08,5.6036130470169245e-09,1.4754624654603825e-11,295.8488748146019,295.0165745944756,93923.38684316092,5.92836233755536,265.7106546210572,12.9327,276.69,553.43,32.54,23.9,
5647,2026-07-30T00:00:00Z,3.03456874474604e-08,4.815328677871778e-09,1.06117726542886e-11,295.67178213238805,294.8993711460992,93659.52852426884,6.6050842036372535,264.5307560718149,12.9211,276.69,553.43,32.54,18.450000000000003,
5647,2026-07-31T00:00:00Z,3.0484944784079473e-08,4.524456080683476e-09,1.3095666369462176e-11,295.59784349395284,294.5662521772239,93615.11825722388,6.376268391935296,249.56911009300103,12.9094,276.69,553.43,32.54,15.7,
5647,2026-08-01T00:00:00Z,2.4289501474459802e-08,5.719794540519544e-09,1.7961375346404633e-11,296.5020723124356,293.94358104838926,93890.52501300264,5.152962685809938,247.074946315699,12.8975,276.69,553.43,32.54,,
5647,2026-08-02T00:00:00Z,2.638540749889164e-08,5.4563213350349834e-09,1.0632596923386728e-11,296.4552359411863,293.7061025245863,94180.53105797929,4.987597636154317,262.0014437138734,12.8854,276.69,553.43,32.54,,
5647,2026-08-03T00:00:00Z,2.635208424673473e-08,5.767056703502231e-09,1.8801964272523062e-11,296.6219829900112,294.23186123014506,94195.12271883716,4.927115461285951,269.75956416380416,12.8731,276.69,553.43,32.54,55.1,
5647,2026-08-04T00:00:00Z,2.8494553992394625e-08,6.678810316469619e-09,1.0436101794793459e-11,296.3141737392499,295.47179865601515,94289.4225836492,4.775744987428634,273.4669290841375,12.8606,276.69,553.43,32.54,14.15,
5647,2026-08-05T00:00:00Z,3.164747884906264e-08,6.980411979054673e-09,6.720938944153692e-12,296.0937063464592,295.3661117973363,94178.10218587676,4.613105833144596,268.70674827052835,12.8479,276.69,553.43,32.54,70.2,
5647,2026-08-06T00:00:00Z,2.3837056920722026e-08,7.93399743262944e-09,8.927004754398035e-12,296.00759360195343,294.8431283040353,94100.26138168968,4.868188604430719,267.6163112368547,12.8351,276.69,553.43,32.54,14.8,
5647,2026-08-07T00:00:00Z,2.7873466331980393e-08,5.735831786962631e-09,9.869514217448447e-12,296.06579205439704,294.7476142495202,94081.28632718878,5.768329342792024,279.21007766264,12.8221,276.69,553.43,32.54,30.4,
5647,2026-08-08T00:00:00Z,2.7348492478032512e-08,6.814188083846189e-09,7.959428251729472e-12,295.61037605853346,294.67592225918946,94065.55002659257,4.948148150145856,274.5662158345333,12.8089,276.69,553.43,32.54,12.85,
5647,2026-08-09T00:00:00Z,2.8495946867104437e-08,6.778031013743053e-09,7.1661975998950516e-12,296.508305739939,294.32052007453456,94188.03236949634,5.05610052699626,274.78792183537666,12.7956,276.69,553.43,32.54,21.85,
5647,2026-08-10T00:00:00Z,2.925415414039092e-08,6.623158378847325e-09,1.0749198350521474e-11,296.87656595723234,293.98435785569336,94165.92280372388,4.435177570766129,269.1165503668664,12.7822,276.69,553.43,32.54,74.9,
5647,2026-08-11T00:00:00Z,2.4135231658234023e-08,8.0958723166297e-09,7.54777971584512e-12,295.935124330327,294.2153524482944,94079.28566513304,4.631870168769062,259.9258584022908,12.7685,276.69,553.43,32.54,,
5647,2026-08-12T00:00:00Z,2.7186048549161223e-08,6.093409823822221e-09,9.507930380521535e-12,296.08509399946666,294.4400136847779,94191.5822650413,4.966879303808055,266.3926751850154,12.7548,276.69,553.43,32.54,12.95,
5647,2026-08-13T00:00:00Z,2.3737340059199872e-08,7.84306574449381e-09,1.0392698336589969e-11,296.3072533758614,294.70816533036253,94366.15833621216,4.742027727737559,266.3041283197085,12.7409,276.69,553.43,32.54,14.3,
5647,2026-08-14T00:00:00Z,2.5572976084107224e-08,6.5736217660219475e-09,7.939087756715791e-12,296.2891407876703,293.33304169532687,94350.25295941628,4.854529554169767,269.6262510162241,12.7269,276.69,553.43,32.54,14.2,
5647,2026-08-15T00:00:00Z,2.8844361999876713e-08,6.14185033803735e-09,5.834725790782056e-12,296.75260018577416,293.5876514307538,94323.91847875711,5.211732427232346,270.8719723305804,12.7127,276.69,553.43,32.54,13.15,
5647,2026-08-16T00:00:00Z,2.7429000252644372e-08,6.3170889874900015e-09,7.514043718186876e-12,295.8344143364951,294.11980095646976,94303.69261718338,5.059978015834233,274.2743633714492,12.6985,276.69,553.43,32.54,15.0,
5647,2026-08-17T00:00:00Z,2.8212733835777044e-08,5.3734379771133205e-09,1.5892419025408258e-11,296.3502552877479,293.58902278940457,94399.09822379133,4.789724194007666,266.09781538886824,12.6841,276.69,553.43,32.54,,
5647,2026-08-18T00:00:00Z,2.2734120153597403e-08,8.512187589516616e-09,9.435184072576356e-12,296.09286373243737,293.77135478993074,94550.6198721204,3.7795518317674217,269.8356981400895,12.6696,276.69,553.43,32.54,14.6,
5647,2026-08-19T00:00:00Z,2.2819424995137333e-08,7.069991937123138e-09,9.859390041384515e-12,296.43752965020246,294.51094691285925,94402.48959499002,5.17758703033969,275.5447515652576,12.655,276.69,553.43,32.54,14.45,
5647,2026-08-20T00:00:00Z,3.07981113593833e-08,6.647968551614765e-09,4.6680176724203625e-12,296.66578444302206,293.85090662295727,94398.59426365458,4.793836052488985,281.9503173788273,12.6403,276.69,553.43,32.54,12.65,
5647,2026-08-21T00:00:00Z,3.4687688815594895e-08,6.7036801389791995e-09,4.175864878069988e-12,296.6399652537587,293.3143942892046,94338.23659697296,4.863926990567606,289.44762623510604,12.6255,276.69,553.43,32.54,45.650000000000006,
5647,2026-08-22T00:00:00Z,2.7634169056082004e-08,6.670225449840362e-09,6.268004516849965e-12,296.51312343025256,293.58981985238603,94331.47007634256,5.04486795453699,274.26681337282,12.6106,276.69,553.43,32.54,13.5,
5647,2026-08-23T00:00:00Z,2.858771881068619e-08,7.371881022961273e-09,5.3075951121936295e-12,296.80203306331487,294.33544672325945,94283.52268348464,4.84481695823451,269.7164341903223,12.5956,276.69,553.43,32.54,55.6,
5647,2026-08-24T00:00:00Z,3.138561961845359e-08,5.144663956946826e-09,1.5467068554665782e-11,296.02523682131624,295.0966792366729,94324.35175911598,5.086569256084688,281.7957392639951,12.5805,276.69,553.43,32.54,16.7,
5647,2026-08-25T00:00:00Z,3.092079773257652e-08,6.951249279732208e-09,7.64415805829659e-12,296.75789242938265,294.43756759791535,94310.19784908716,4.691586414792345,273.9371329111564,12.5653,276.69,553.43,32.54,13.4,
5647,2026-08-26T00:00:00Z,2.7313725902483106e-08,6.925140779118565e-09,5.2045247295943655e-12,295.9531963140623,294.26578017024485,94384.06108885964,5.161512250727178,267.56048318943215,12.5501,276.69,553.43,32.54,14.4,
5647,2026-08-27T00:00:00Z,3.0857988929709134e-08,6.604151980231271e-09,5.178415664331949e-12,296.5387236671,293.40606731845,94381.30643003593,4.948547868647105,274.6213109849476,12.5348,276.69,553.43,32.54,12.75,
5647,2026-08-28T00:00:00Z,2.5644717987114652e-08,6.918469416171641e-09,5.782384425843509e-12,295.9852128020562,292.85354795653063,94364.18923321756,4.725814134757305,270.32299132305343,12.5194,276.69,553.43,32.54,,
5647,2026-08-29T00:00:00Z,2.5692247165867684e-08,5.929439550820286e-09,9.880227991879952e-12,296.35071017288806,293.59486172907083,94358.53722386505,5.522707616616684,274.44651662971137,12.5039,276.69,553.43,32.54,24.1,
5647,2026-08-30T00:00:00Z,2.5657162943295226e-08,5.816739593694391e-09,7.768489266807657e-12,296.0723291016655,293.44083425324646,94311.97293279668,5.3327687846911696,276.29232607076057,12.4883,276.69,553.43,32.54,,
5647,2026-08-31T00:00:00Z,3.097972823265713e-08,4.9545878190040466e-09,5.773847668110902e-12,296.5129328035572,293.2303380821284,94416.89666854667,5.403511350432646,281.2713614270938,12.4727,276.69,553.43,32.54,40.15,
5647,2026-09-01T00:00:00Z,2.98737636459333e-08,8.352023029819631e-09,4.552274595751093e-12,296.599707160499,293.41057670888404,94396.52683721756,3.873838156529912,283.2145166302277,12.4571,276.69,553.43,32.54,12.75,
5647,2026-09-02T00:00:00Z,3.312008099049115e-08,8.213669518621467e-09,4.9176834667020566e-12,296.79454397251527,293.62780150651685,94485.7360475359,3.836309856927848,273.0422583244961,12.4414,276.69,553.43,32.54,13.9,
5647,2026-09-03T00:00:00Z,2.9511279979344528e-08,8.115242170947827e-09,1.1226820403812531e-11,296.0881303547175,294.8574150742607,94446.93294548371,3.5392629039518124,262.0022530977931,12.4256,276.69,553.43,32.54,13.95,
5647,2026-09-04T00:00:00Z,1.9996223450957708e-08,1.1437063150143514e-08,9.997814250072336e-12,296.1851099175048,294.1459233767937,94425.02319685963,2.9374803039026216,259.5216409635032,12.4098,276.69,553.43,32.54,,
5647,2026-09-05T00:00:00Z,2.4390728344859723e-08,1.4125460526724581e-08,1.0669330503613589e-11,296.0713759105658,293.8000369370532,94597.47222491092,2.457070650983308,262.8084231031652,12.3939,276.69,553.43,32.54,,
5647,2026-09-06T00:00:00Z,3.6258195606928176e-08,8.398254070550329e-09,5.647713484054084e-12,296.31937940143234,294.277651980396,94634.56623723372,2.580777547601271,274.72405607736965,12.378,276.69,553.43,32.54,,
