{
"type": "FeatureCollection",
"name": "india_states_simplified",
"crs": { "type": "name", "properties": { "name": "urn:ogc:def:crs:OGC:1.3:CRS84" } },
"features": [
{ "type": "Feature", "properties": { "ID_0": 105, "ISO": "IND", "NAME_0": "India", "ID_1": 1, "NAME_1": "Andaman and Nicobar" }, "geometry": { "type": "MultiPolygon", "coordinates": [ [ [ [ 93.784446716308651, 6.849165916442871 ], [ 93.790916442871264, 6.851041793823242 ], [ 93.785278320312784, 6.848061084747428 ], [ 93.784446716308651, 6.849165916442871 ] ] ], [ [ [ 93.721527099609432, 7.213121891021956 ], [ 93.712219238281364, 7.208055019378833 ], [ 93.709091186523608, 7.23124980926508 ], [ 93.721527099609432, 7.213121891021956 ] ] ], [ [ [ 93.848052978515909, 7.240280151367472 ], [ 93.846107482910213, 7.218056201934871 ], [ 93.882766723633097, 7.203610897064209 ], [ 93.887779235840014, 7.086390018463305 ], [ 93.947807312012003, 6.998874187469653 ], [ 93.913902282715014, 7.0 ], [ 93.945503234863565, 6.955830097198486 ], [ 93.897224426269588, 6.902155876159725 ], [ 93.902137756347713, 6.812966823577938 ], [ 93.882568359375284, 6.792778015136946 ], [ 93.850906372070597, 6.816051006317196 ], [ 93.828315734863338, 6.754255771636963 ], [ 93.804885864257869, 6.764531135559196 ], [ 93.815551757812557, 6.816110134124756 ], [ 93.786613464355753, 6.83098316192627 ], [ 93.794441223144815, 6.850278854370117 ], [ 93.771598815917912, 6.876737117767561 ], [ 93.780830383300838, 6.890276908874512 ], [ 93.741943359375057, 6.925000190735034 ], [ 93.745277404785099, 6.961945056915397 ], [ 93.693885803222713, 7.015140056610335 ], [ 93.663032531738565, 7.006646156311092 ], [ 93.657272338867244, 7.099620819092081 ], [ 93.674720764160327, 7.112500190734863 ], [ 93.655563354492244, 7.125280857086238 ], [ 93.686111450195597, 7.190000057220573 ], [ 93.733612060547159, 7.187221050262508 ], [ 93.760559082031421, 7.214446067810286 ], [ 93.802513122558764, 7.201391220092944 ], [ 93.80694580078125, 7.233611106872672 ], [ 93.848052978515909, 7.240280151367472 ] ] ], [ [ [ 93.844223022461222, 7.288440227508545 ], [ 93.845901489257869, 7.285641193389949 ], [ 93.845001220703409, 7.285554885864371 ], [ 93.844223022461222, 7.288440227508545 ] ] ], [ [ [ 93.662033081054744, 7.383211135864371 ], [ 93.665359497070256, 7.384031772613696 ], [ 93.666191101074276, 7.383530139923096 ], [ 93.662033081054744, 7.383211135864371 ] ] ], [ [ [ 93.762222290039347, 7.398055076599064 ], [ 93.77249908447294, 7.398333072662581 ], [ 93.769996643066463, 7.393620014190731 ], [ 93.762222290039347, 7.398055076599064 ] ] ], [ [ [ 93.683052062988565, 7.405278205871582 ], [ 93.694999694824276, 7.39944505691534 ], [ 93.690834045410213, 7.396667003631592 ], [ 93.683052062988565, 7.405278205871582 ] ] ], [ [ [ 93.713058471679858, 7.443611145019815 ], [ 93.755744934082315, 7.359842777252481 ], [ 93.648330688476847, 7.242499828338737 ], [ 93.621109008789006, 7.308331966400146 ], [ 93.632499694824503, 7.37055492401123 ], [ 93.713890075683651, 7.392778873443831 ], [ 93.713058471679858, 7.443611145019815 ] ] ], [ [ [ 93.644165039062784, 7.470832824707088 ], [ 93.652496337890682, 7.473610877990836 ], [ 93.651947021484489, 7.470279216766414 ], [ 93.644165039062784, 7.470832824707088 ] ] ], [ [ [ 93.632499694824503, 7.480000972747803 ], [ 93.633148193359546, 7.475521087646712 ], [ 93.630279541015796, 7.479721069336108 ], [ 93.632499694824503, 7.480000972747803 ] ] ], [ [ [ 93.539718627929858, 7.519999980926514 ], [ 93.550292968750284, 7.517025947570744 ], [ 93.542503356933878, 7.509998798370646 ], [ 93.539718627929858, 7.519999980926514 ] ] ], [ [ [ 93.340431213378963, 7.904720783233643 ], [ 93.342697143554688, 7.905059814453296 ], [ 93.342430114746378, 7.904139041900862 ], [ 93.340431213378963, 7.904720783233643 ] ] ], [ [ [ 93.33878326416044, 7.910580158233586 ], [ 93.340461730957088, 7.909511089325008 ], [ 93.339378356933878, 7.90864992141735 ], [ 93.33878326416044, 7.910580158233586 ] ] ], [ [ [ 93.379997253418253, 8.02472209930437 ], [ 93.409652709960994, 8.007082939148006 ], [ 93.412223815918253, 7.961945056915567 ], [ 93.464996337890682, 7.930000782012939 ], [ 93.461669921875171, 7.872221946716252 ], [ 93.422500610351847, 7.907223224639893 ], [ 93.356391906738452, 7.888889789581299 ], [ 93.358055114746378, 7.941665172577132 ], [ 93.317222595215128, 7.933610916137923 ], [ 93.326667785644702, 8.002499580383301 ], [ 93.379997253418253, 8.02472209930437 ] ] ], [ [ [ 93.547286987304631, 8.028052330017033 ], [ 93.582771301269474, 7.991670131683406 ], [ 93.577499389648494, 7.928332805633545 ], [ 93.507232666015568, 7.984721183776855 ], [ 93.532501220703182, 8.024999618530273 ], [ 93.550765991211108, 7.996230125427246 ], [ 93.547286987304631, 8.028052330017033 ] ] ], [ [ [ 93.578613281250171, 8.12527942657465 ], [ 93.601387023925838, 8.050000190734863 ], [ 93.592781066894588, 8.037790298462198 ], [ 93.561386108398722, 8.118055343627873 ], [ 93.578613281250171, 8.12527942657465 ] ] ], [ [ [ 93.526489257812784, 8.231270790100098 ], [ 93.545280456543026, 8.197780609130859 ], [ 93.5030517578125, 8.148180007934627 ], [ 93.548332214355526, 8.088330268859863 ], [ 93.550277709960994, 8.036110877990666 ], [ 93.508399963379077, 8.033815383911246 ], [ 93.500831604003963, 7.997219085693644 ], [ 93.485275268554972, 8.044443130493221 ], [ 93.505622863769588, 8.040696144104174 ], [ 93.511108398437671, 8.068332672119197 ], [ 93.518058776855753, 8.046945571899698 ], [ 93.529861450195369, 8.078680038452205 ], [ 93.51444244384794, 8.083889961242619 ], [ 93.485000610351619, 8.051943778991813 ], [ 93.453887939453296, 8.173610687256087 ], [ 93.526489257812784, 8.231270790100098 ] ] ], [ [ [ 93.235282897949389, 8.265560150146541 ], [ 93.251708984375171, 8.233433723449878 ], [ 93.239440917968693, 8.220829963684025 ], [ 93.220123291015739, 8.245061874389762 ], [ 93.235282897949389, 8.265560150146541 ] ] ], [ [ [ 93.094718933105639, 8.339166641235465 ], [ 93.143402099609432, 8.346504211426009 ], [ 93.126388549804858, 8.276388168334961 ], [ 93.204719543457315, 8.215560913085881 ], [ 93.199447631836108, 8.193890571594522 ], [ 93.120834350586108, 8.22250080108671 ], [ 93.087219238281534, 8.269444465637321 ], [ 93.094718933105639, 8.339166641235465 ] ] ], [ [ [ 93.645278930664347, 8.394721031189192 ], [ 93.653335571289006, 8.387777328491211 ], [ 93.6436767578125, 8.393404006958008 ], [ 93.645278930664347, 8.394721031189192 ] ] ], [ [ [ 93.635406494140568, 8.396793365478572 ], [ 93.633949279785156, 8.394922256469897 ], [ 93.633247375488338, 8.398041725158748 ], [ 93.635406494140568, 8.396793365478572 ] ] ], [ [ [ 93.043891906738565, 8.473333358764933 ], [ 93.056945800781421, 8.4600000381472 ], [ 93.057502746582202, 8.439167022705192 ], [ 93.035278320312557, 8.448611259460506 ], [ 93.043891906738565, 8.473333358764933 ] ] ], [ [ [ 93.613609313964957, 8.485278129577921 ], [ 93.611114501953182, 8.485834121704386 ], [ 93.613487243652344, 8.486055374145621 ], [ 93.613609313964957, 8.485278129577921 ] ] ], [ [ [ 93.615997314453296, 8.573625564575138 ], [ 93.642425537109659, 8.468536376953125 ], [ 93.622856140136889, 8.421620368957804 ], [ 93.62833404541044, 8.488610267639388 ], [ 93.615997314453296, 8.573625564575138 ] ] ], [ [ [ 93.606590270996378, 8.58125019073492 ], [ 93.609443664551065, 8.57944488525402 ], [ 93.608329772949162, 8.578059196472168 ], [ 93.606590270996378, 8.58125019073492 ] ] ], [ [ [ 92.863265991211222, 8.829931259155273 ], [ 92.851943969726619, 8.822220802307356 ], [ 92.858612060546875, 8.837431907654036 ], [ 92.863265991211222, 8.829931259155273 ] ] ], [ [ [ 92.792221069336108, 9.117781639099121 ], [ 92.795829772949389, 9.118055343628043 ], [ 92.796669006347713, 9.118611335754338 ], [ 92.798614501953409, 9.118332862853947 ], [ 92.796669006347713, 9.117739677429256 ], [ 92.792221069336108, 9.117781639099121 ] ] ], [ [ [ 92.799720764160213, 9.118611335754338 ], [ 92.804443359375, 9.120000839233569 ], [ 92.802780151367244, 9.118890762329215 ], [ 92.799720764160213, 9.118611335754338 ] ] ], [ [ [ 92.811668395996264, 9.125557899475211 ], [ 92.814720153808764, 9.125834465027026 ], [ 92.811668395996264, 9.124441146850813 ], [ 92.811668395996264, 9.125557899475211 ] ] ], [ [ [ 92.773887634277514, 9.256111145019588 ], [ 92.824302673339901, 9.195841789245776 ], [ 92.854362487792969, 9.20915889740013 ], [ 92.825531005859659, 9.192131042480412 ], [ 92.830551147461108, 9.138694763183707 ], [ 92.789443969726676, 9.11694526672369 ], [ 92.73166656494169, 9.124377250671614 ], [ 92.720832824706974, 9.213609695434798 ], [ 92.766670227050952, 9.215280532836914 ], [ 92.773887634277514, 9.256111145019588 ] ] ], [ [ [ 92.515830993652514, 10.897641181945801 ], [ 92.530281066894815, 10.865279197692871 ], [ 92.531944274902401, 10.885001182556209 ], [ 92.558334350585881, 10.863332748413086 ], [ 92.560371398925895, 10.801217079162598 ], [ 92.587707519531193, 10.786945343017521 ], [ 92.596778869628963, 10.678325653076229 ], [ 92.539794921875284, 10.610555648803825 ], [ 92.569442749023608, 10.578889846801985 ], [ 92.513053894043026, 10.511667251586857 ], [ 92.434722900390909, 10.548333168029785 ], [ 92.385276794433707, 10.532221794128475 ], [ 92.420562744140739, 10.614720344543571 ], [ 92.380279541015682, 10.667499542236612 ], [ 92.376113891601619, 10.78166675567627 ], [ 92.39749908447294, 10.760555267334041 ], [ 92.456947326660213, 10.86139106750511 ], [ 92.499511718750057, 10.890693664551009 ], [ 92.510559082031307, 10.869170188903865 ], [ 92.515830993652514, 10.897641181945801 ] ] ], [ [ [ 92.609092712402514, 10.930417060851994 ], [ 92.618331909179744, 10.933890342712346 ], [ 92.620002746582031, 10.928611755371094 ], [ 92.609092712402514, 10.930417060851994 ] ] ], [ [ [ 92.221389770507869, 10.982918739318961 ], [ 92.222221374512003, 10.972777366638297 ], [ 92.214721679687557, 10.977499008178995 ], [ 92.221389770507869, 10.982918739318961 ] ] ], [ [ [ 92.669792175293026, 10.98845291137718 ], [ 92.658447265625284, 10.986550331115836 ], [ 92.661941528320483, 10.992778778076342 ], [ 92.669792175293026, 10.98845291137718 ] ] ], [ [ [ 92.722778320312671, 11.143330574035645 ], [ 92.725555419922159, 11.141665458679313 ], [ 92.724166870117244, 11.140279769897461 ], [ 92.722778320312671, 11.143330574035645 ] ] ], [ [ [ 92.726943969726506, 11.145556449890137 ], [ 92.735000610351733, 11.145556449890137 ], [ 92.730278015136776, 11.141457557678166 ], [ 92.726943969726506, 11.145556449890137 ] ] ], [ [ [ 92.674720764160327, 11.189444541931266 ], [ 92.681114196777628, 11.181110382080305 ], [ 92.677497863769815, 11.17694187164301 ], [ 92.674720764160327, 11.189444541931266 ] ] ], [ [ [ 92.705978393554858, 11.289166450500602 ], [ 92.705833435058594, 11.263056755065918 ], [ 92.687362670898494, 11.242081642151106 ], [ 92.692497253418026, 11.280834197998047 ], [ 92.705978393554858, 11.289166450500602 ] ] ], [ [ [ 92.698333740234318, 11.308055877685717 ], [ 92.710281372070369, 11.308609962463379 ], [ 92.712158203125057, 11.303121566772404 ], [ 92.698333740234318, 11.308055877685717 ] ] ], [ [ [ 92.723999023437557, 11.331950187683162 ], [ 92.712837219238281, 11.3090114593507 ], [ 92.721656799316577, 11.333060264587516 ], [ 92.723999023437557, 11.331950187683162 ] ] ], [ [ [ 92.550735473632983, 11.394562721252385 ], [ 92.545883178711222, 11.395920753479174 ], [ 92.550369262695483, 11.397174835205078 ], [ 92.550735473632983, 11.394562721252385 ] ] ], [ [ [ 92.562675476074503, 11.39366340637207 ], [ 92.556404113769815, 11.395195960998535 ], [ 92.562744140625171, 11.39721775054943 ], [ 92.562675476074503, 11.39366340637207 ] ] ], [ [ [ 92.672355651855753, 11.488986968994197 ], [ 92.671241760253849, 11.487289428710938 ], [ 92.670196533203182, 11.488809585571232 ], [ 92.672355651855753, 11.488986968994197 ] ] ], [ [ [ 92.61533355712919, 11.509515762329329 ], [ 92.610321044921932, 11.507740020751896 ], [ 92.616256713867301, 11.511298179626465 ], [ 92.61533355712919, 11.509515762329329 ] ] ], [ [ [ 92.646049499512003, 11.514051437378043 ], [ 92.643890380859432, 11.514189720154036 ], [ 92.645675659179972, 11.515396118164119 ], [ 92.646049499512003, 11.514051437378043 ] ] ], [ [ [ 92.64145660400419, 11.510140419006291 ], [ 92.685791015625171, 11.43661117553728 ], [ 92.649345397949389, 11.407247543335075 ], [ 92.690872192383097, 11.370340347290153 ], [ 92.600296020507756, 11.34652137756342 ], [ 92.587104797363565, 11.400479316711653 ], [ 92.622947692871378, 11.405331611633244 ], [ 92.613632202148722, 11.474180221557731 ], [ 92.64145660400419, 11.510140419006291 ] ] ], [ [ [ 92.273345947265909, 11.5165309906007 ], [ 92.270469665527628, 11.517090797424544 ], [ 92.272781372070597, 11.518195152282942 ], [ 92.273345947265909, 11.5165309906007 ] ] ], [ [ [ 92.600761413574276, 11.530137062072868 ], [ 92.606391906738224, 11.534461021423624 ], [ 92.606460571289062, 11.521900177001953 ], [ 92.600761413574276, 11.530137062072868 ] ] ], [ [ [ 92.552726745605526, 11.530989646911848 ], [ 92.569061279297046, 11.527381896972713 ], [ 92.566436767578182, 11.516988754272461 ], [ 92.552726745605526, 11.530989646911848 ] ] ], [ [ [ 92.629722595215014, 11.546668052673624 ], [ 92.626647949218921, 11.544026374817065 ], [ 92.62827301025402, 11.549241065978947 ], [ 92.629722595215014, 11.546668052673624 ] ] ], [ [ [ 92.601593017578409, 11.55347061157255 ], [ 92.62027740478544, 11.556090354919604 ], [ 92.610481262207088, 11.531805992126579 ], [ 92.601593017578409, 11.55347061157255 ] ] ], [ [ [ 92.577011108398722, 11.568958282470646 ], [ 92.572853088379077, 11.565621376037711 ], [ 92.577011108398722, 11.570901870727766 ], [ 92.577011108398722, 11.568958282470646 ] ] ], [ [ [ 92.565551757812784, 11.570749282836971 ], [ 92.567024230957088, 11.568676948547363 ], [ 92.565208435058594, 11.568125724792765 ], [ 92.565551757812784, 11.570749282836971 ] ] ], [ [ [ 92.597167968750057, 11.562605857849121 ], [ 92.583618164062557, 11.534440040588379 ], [ 92.592437744140909, 11.577392578125057 ], [ 92.597167968750057, 11.562605857849121 ] ] ], [ [ [ 92.57944488525402, 11.584444046020735 ], [ 92.576599121094034, 11.584858894348145 ], [ 92.577217102050724, 11.585281372070256 ], [ 92.57944488525402, 11.584444046020735 ] ] ], [ [ [ 92.600601196289119, 11.568094253540096 ], [ 92.619216918945483, 11.577090263366983 ], [ 92.614616394043139, 11.562699317932356 ], [ 92.600601196289119, 11.568094253540096 ] ] ], [ [ [ 92.218933105468807, 11.592323303222599 ], [ 92.270729064941577, 11.584091186523551 ], [ 92.269828796386776, 11.522506713867301 ], [ 92.214546203613338, 11.529451370239428 ], [ 92.218933105468807, 11.592323303222599 ] ] ], [ [ [ 92.531951904296989, 11.595065116882267 ], [ 92.569396972656193, 11.588421821594352 ], [ 92.530181884765682, 11.554126739501953 ], [ 92.531951904296989, 11.595065116882267 ] ] ], [ [ [ 92.695106506347827, 11.663420677185172 ], [ 92.700752258300895, 11.6594371795656 ], [ 92.692832946777514, 11.660701751708928 ], [ 92.695106506347827, 11.663420677185172 ] ] ], [ [ [ 92.766609191894474, 11.678389549255371 ], [ 92.759811401367188, 11.676690101623535 ], [ 92.765930175781307, 11.680830955505542 ], [ 92.766609191894474, 11.678389549255371 ] ] ], [ [ [ 92.722763061523608, 11.689621925353947 ], [ 92.72519683837919, 11.686701774597395 ], [ 92.721755981445597, 11.687721252441577 ], [ 92.722763061523608, 11.689621925353947 ] ] ], [ [ [ 92.550567626953296, 11.723651885986271 ], [ 92.549453735351619, 11.724267005920467 ], [ 92.551406860351676, 11.725303649902344 ], [ 92.550567626953296, 11.723651885986271 ] ] ], [ [ [ 93.086349487304688, 11.785963058471907 ], [ 93.07757568359375, 11.781003952026595 ], [ 93.084793090820483, 11.789681434631575 ], [ 93.086349487304688, 11.785963058471907 ] ] ], [ [ [ 93.020835876465128, 11.843331336975211 ], [ 93.063316345214901, 11.844759941101245 ], [ 93.072219848632983, 11.835561752319393 ], [ 93.049987792968864, 11.81222057342535 ], [ 93.020835876465128, 11.843331336975211 ] ] ], [ [ [ 92.601669311523608, 11.914444923400936 ], [ 92.595558166504077, 11.915000915527628 ], [ 92.601112365722827, 11.918891906738452 ], [ 92.601669311523608, 11.914444923400936 ] ] ], [ [ [ 92.562919616699219, 11.947346687316951 ], [ 92.567955017089901, 11.950101852416935 ], [ 92.568611145019815, 11.943679809570483 ], [ 92.562919616699219, 11.947346687316951 ] ] ], [ [ [ 92.723258972168082, 11.952910423278865 ], [ 92.731910705566406, 11.944750785827637 ], [ 92.726387023925952, 11.941015243530273 ], [ 92.723258972168082, 11.952910423278865 ] ] ], [ [ [ 92.745162963867244, 11.966053962707804 ], [ 92.741966247558878, 11.966139793395939 ], [ 92.744392395019588, 11.967439651489485 ], [ 92.745162963867244, 11.966053962707804 ] ] ], [ [ [ 92.736152648925952, 11.95319938659668 ], [ 92.767135620117472, 11.955883979797591 ], [ 92.745758056640682, 11.944791793823242 ], [ 92.736152648925952, 11.95319938659668 ] ] ], [ [ [ 92.588607788086222, 11.975279808044547 ], [ 92.609443664550724, 11.94277667999296 ], [ 92.598876953125057, 11.927780151367472 ], [ 92.588607788086222, 11.975279808044547 ] ] ], [ [ [ 92.585052490234546, 11.977729797363338 ], [ 92.581474304199219, 11.979381561279581 ], [ 92.583961486816463, 11.982680320739803 ], [ 92.585052490234546, 11.977729797363338 ] ] ], [ [ [ 92.771186828613224, 12.017789840698356 ], [ 92.774726867675838, 12.012801170349178 ], [ 92.771438598632983, 12.01390743255638 ], [ 92.771186828613224, 12.017789840698356 ] ] ], [ [ [ 92.964996337890796, 12.049722671508903 ], [ 93.009452819824389, 12.018891334533691 ], [ 93.054031372070597, 11.903149604797306 ], [ 93.042671203613281, 11.882261276245117 ], [ 93.000389099121151, 11.950200080871639 ], [ 92.974380493164233, 11.948390960693359 ], [ 92.925537109375171, 11.995789527893066 ], [ 92.964996337890796, 12.049722671508903 ] ] ], [ [ [ 92.971084594726506, 12.064254760742188 ], [ 92.969467163085994, 12.064961433410645 ], [ 92.971069335937784, 12.065200805664062 ], [ 92.971084594726506, 12.064254760742188 ] ] ], [ [ [ 92.959609985351847, 12.106483459472713 ], [ 93.005279541015796, 12.102781295776424 ], [ 92.99277496337919, 12.043617248535099 ], [ 92.959609985351847, 12.106483459472713 ] ] ], [ [ [ 92.993896484375057, 12.111070632934798 ], [ 92.992462158203296, 12.110530853271484 ], [ 92.992492675781421, 12.111639976501579 ], [ 92.993896484375057, 12.111070632934798 ] ] ], [ [ [ 92.738967895507812, 12.110501289367846 ], [ 92.742568969726847, 12.112200736999512 ], [ 92.738708496093864, 12.106885910034123 ], [ 92.738967895507812, 12.110501289367846 ] ] ], [ [ [ 92.948631286621264, 12.115840911865234 ], [ 92.957824707031307, 12.099057197570971 ], [ 92.951942443847713, 12.083889961242903 ], [ 92.949722290039006, 12.08832931518549 ], [ 92.948631286621264, 12.115840911865234 ] ] ], [ [ [ 92.630317687988338, 12.113320350646973 ], [ 92.62872314453125, 12.115081787109659 ], [ 92.630378723144815, 12.116550445556754 ], [ 92.630317687988338, 12.113320350646973 ] ] ], [ [ [ 92.631416320800952, 12.119010925292969 ], [ 92.630317687988338, 12.119462013244856 ], [ 92.631538391113565, 12.120453834533976 ], [ 92.631416320800952, 12.119010925292969 ] ] ], [ [ [ 93.096321105957088, 12.13478279113798 ], [ 93.098754882812557, 12.135814666748161 ], [ 93.097900390625284, 12.133508682251147 ], [ 93.096321105957088, 12.13478279113798 ] ] ], [ [ [ 93.109092712402401, 12.143080711364803 ], [ 93.123611450195426, 12.140261650085449 ], [ 93.115562438964901, 12.129950523376579 ], [ 93.109092712402401, 12.143080711364803 ] ] ], [ [ [ 92.847206115722713, 12.15044021606451 ], [ 92.844024658203409, 12.148995399475325 ], [ 92.846763610840014, 12.150971412658976 ], [ 92.847206115722713, 12.15044021606451 ] ] ], [ [ [ 93.027778625488452, 12.156941413879622 ], [ 93.053611755371207, 12.076110839843977 ], [ 93.045524597168139, 12.045370101928768 ], [ 93.007019042968807, 12.075776100158919 ], [ 93.007263183593864, 12.107230186462459 ], [ 92.95560455322294, 12.142191886901912 ], [ 92.984985351562784, 12.148140907287711 ], [ 93.004165649414119, 12.113333702087459 ], [ 93.027778625488452, 12.156941413879622 ] ] ], [ [ [ 92.756462097168253, 12.180239677429142 ], [ 92.763671875000057, 12.179379463195801 ], [ 92.759231567382983, 12.166600227355957 ], [ 92.759483337402401, 12.178045272827319 ], [ 92.756462097168253, 12.180239677429142 ] ] ], [ [ [ 92.720947265625057, 12.182320594787768 ], [ 92.71909332275419, 12.179360389709529 ], [ 92.719429016113338, 12.181290626526163 ], [ 92.720947265625057, 12.182320594787768 ] ] ], [ [ [ 92.725402832031534, 12.186072349548283 ], [ 92.732505798340014, 12.182351112365723 ], [ 92.728500366211108, 12.18157958984375 ], [ 92.725402832031534, 12.186072349548283 ] ] ], [ [ [ 93.068603515625171, 12.211334228515625 ], [ 93.095001220703239, 12.142421722412337 ], [ 93.074645996093693, 12.083629608154297 ], [ 93.037185668945369, 12.13336086273199 ], [ 93.068603515625171, 12.211334228515625 ] ] ], [ [ [ 92.683532714843807, 12.223131179809513 ], [ 92.680076599121264, 12.218880653381461 ], [ 92.682815551757869, 12.224432945251465 ], [ 92.683532714843807, 12.223131179809513 ] ] ], [ [ [ 93.019180297851733, 12.222909927368278 ], [ 93.021987915039347, 12.22419643402111 ], [ 93.019805908203182, 12.222640991210994 ], [ 93.019180297851733, 12.222909927368278 ] ] ], [ [ [ 92.924880981445597, 12.211470603942871 ], [ 92.941619873046932, 12.217350959777832 ], [ 92.933166503906421, 12.195855140686206 ], [ 92.924880981445597, 12.211470603942871 ] ] ], [ [ [ 92.700866699218921, 12.235609054565543 ], [ 92.703712463379077, 12.165430068969954 ], [ 92.757499694824389, 12.176390647888184 ], [ 92.736213684082088, 12.106603622436751 ], [ 92.735275268554801, 12.065278053283748 ], [ 92.783607482910327, 12.046939849853459 ], [ 92.761947631835994, 12.020554542541447 ], [ 92.739242553710994, 12.040917396545694 ], [ 92.736625671387003, 12.015920639038256 ], [ 92.768753051757983, 11.999039649963379 ], [ 92.748443603515909, 11.977567672729435 ], [ 92.734588623047046, 11.977091789245719 ], [ 92.738754272461222, 11.997337341308821 ], [ 92.728080749511662, 11.994791030883903 ], [ 92.714424133300838, 11.932955741882381 ], [ 92.724426269531534, 11.850858688354549 ], [ 92.707046508789176, 11.816400527954329 ], [ 92.680076599121264, 11.81857967376709 ], [ 92.692466735840014, 11.808761596679972 ], [ 92.710182189941577, 11.81451606750494 ], [ 92.718193054199389, 11.824522018432674 ], [ 92.746253967285327, 11.931820869445801 ], [ 92.784492492676065, 11.936051368713322 ], [ 92.788551330566349, 11.901219367981071 ], [ 92.755073547363338, 11.701055526733398 ], [ 92.701896667480582, 11.70713043212902 ], [ 92.708198547363565, 11.670119285583439 ], [ 92.666206359863338, 11.653901100158748 ], [ 92.694572448730639, 11.62272930145258 ], [ 92.695098876953125, 11.652946472168082 ], [ 92.729843139648608, 11.65923023223894 ], [ 92.716133117675781, 11.664752006530762 ], [ 92.721458435058764, 11.686320304870833 ], [ 92.756652832031534, 11.665070533752441 ], [ 92.71128082275419, 11.477317810058537 ], [ 92.699096679687443, 11.506521224975586 ], [ 92.646888732910327, 11.52202129364008 ], [ 92.647270202636889, 11.572362899780501 ], [ 92.617858886718921, 11.562820434570312 ], [ 92.62027740478544, 11.573620796203613 ], [ 92.61911773681652, 11.582720756530762 ], [ 92.607376098632983, 11.594779968261832 ], [ 92.608230590820369, 11.619721412658748 ], [ 92.636062622070369, 11.61555004119873 ], [ 92.644386291504077, 11.636289596557901 ], [ 92.631759643554631, 11.650860786437988 ], [ 92.630996704101506, 11.628252029419116 ], [ 92.608398437500057, 11.634029388427905 ], [ 92.588134765625171, 11.7178831100465 ], [ 92.56156158447294, 11.694849967956713 ], [ 92.546401977539119, 11.834946632385368 ], [ 92.522964477539119, 11.8255748748781 ], [ 92.513519287109375, 11.848000526428223 ], [ 92.562400817871094, 11.94647407531744 ], [ 92.611045837402401, 11.871259689331112 ], [ 92.623611450195483, 12.102781295776424 ], [ 92.635879516601619, 12.120461463928336 ], [ 92.661987304687557, 12.215506553649902 ], [ 92.655120849609432, 12.18169021606468 ], [ 92.700866699218921, 12.235609054565543 ] ] ], [ [ [ 92.730613708496264, 12.242453575134334 ], [ 92.732887268066577, 12.210251808166731 ], [ 92.739807128906307, 12.235779762268294 ], [ 92.762298583984432, 12.229373931884993 ], [ 92.763679504394588, 12.18218040466337 ], [ 92.723442077636776, 12.188841819763411 ], [ 92.730613708496264, 12.242453575134334 ] ] ], [ [ [ 92.879447937011776, 12.248056411743221 ], [ 92.881942749023494, 12.248889923095987 ], [ 92.881111145019702, 12.245270729064941 ], [ 92.879447937011776, 12.248056411743221 ] ] ], [ [ [ 92.869155883789119, 12.248009681701888 ], [ 92.861465454101733, 12.243027687072981 ], [ 92.866012573242358, 12.250741004943961 ], [ 92.869155883789119, 12.248009681701888 ] ] ], [ [ [ 92.699409484863338, 12.248280525207747 ], [ 92.69610595703125, 12.24661064147972 ], [ 92.696998596191349, 12.250824928283691 ], [ 92.699409484863338, 12.248280525207747 ] ] ], [ [ [ 92.901672363281421, 12.255849838256779 ], [ 92.914093017578296, 12.232550621032999 ], [ 92.913276672363565, 12.222809791565169 ], [ 92.891670227050838, 12.233890533447436 ], [ 92.879234313964901, 12.208277702331486 ], [ 92.870841979980526, 12.244691848754826 ], [ 92.884460449219034, 12.239249229431266 ], [ 92.901672363281421, 12.255849838256779 ] ] ], [ [ [ 93.077774047851619, 12.261944770813159 ], [ 93.086669921874943, 12.237218856811523 ], [ 93.105987548828296, 12.260204315185717 ], [ 93.10074615478544, 12.203941345214901 ], [ 93.063331604003963, 12.229166030883846 ], [ 93.077774047851619, 12.261944770813159 ] ] ], [ [ [ 92.899444580078182, 12.260791778564453 ], [ 92.901412963867472, 12.259071350097713 ], [ 92.900299072265909, 12.258614540100268 ], [ 92.899444580078182, 12.260791778564453 ] ] ], [ [ [ 92.738716125488565, 12.272990226745605 ], [ 92.735069274902401, 12.269353866577262 ], [ 92.738395690917969, 12.275503158569279 ], [ 92.738716125488565, 12.272990226745605 ] ] ], [ [ [ 93.024482727050724, 12.278021812439135 ], [ 93.027000427246264, 12.273530006408691 ], [ 93.022079467773494, 12.274765014648551 ], [ 93.024482727050724, 12.278021812439135 ] ] ], [ [ [ 92.739517211914347, 12.282103538513411 ], [ 92.742858886718807, 12.255240440368709 ], [ 92.734786987304858, 12.248491287231559 ], [ 92.740081787109659, 12.272708892822322 ], [ 92.739517211914347, 12.282103538513411 ] ] ], [ [ [ 92.738174438476847, 12.292403221130598 ], [ 92.735946655273608, 12.281571388244686 ], [ 92.735389709472827, 12.288510322570801 ], [ 92.738174438476847, 12.292403221130598 ] ] ], [ [ [ 92.768013000488281, 12.284501075744743 ], [ 92.753112792968921, 12.277510643005598 ], [ 92.762878417968807, 12.294121742248535 ], [ 92.768013000488281, 12.284501075744743 ] ] ], [ [ [ 92.752777099609432, 12.294166564941463 ], [ 92.754997253418139, 12.293610572814998 ], [ 92.753051757812784, 12.291945457458667 ], [ 92.752777099609432, 12.294166564941463 ] ] ], [ [ [ 92.768386840820483, 12.292957305908317 ], [ 92.768936157226733, 12.288510322570801 ], [ 92.766731262207088, 12.289089202881087 ], [ 92.768386840820483, 12.292957305908317 ] ] ], [ [ [ 92.880599975585994, 12.295415878296126 ], [ 92.876976013183651, 12.295899391174373 ], [ 92.880210876464901, 12.297849655151367 ], [ 92.880599975585994, 12.295415878296126 ] ] ], [ [ [ 92.701477050781307, 12.267369270324934 ], [ 92.723861694336222, 12.291379928588867 ], [ 92.710693359375284, 12.230328559875488 ], [ 92.701477050781307, 12.267369270324934 ] ] ], [ [ [ 92.763687133789119, 12.298235893249569 ], [ 92.765930175781307, 12.297442436218489 ], [ 92.763687133789119, 12.29656982421875 ], [ 92.763687133789119, 12.298235893249569 ] ] ], [ [ [ 92.934448242187784, 12.31056118011503 ], [ 92.928665161132869, 12.237942695617676 ], [ 92.922088623047046, 12.230951309204045 ], [ 92.901466369628849, 12.288221359253214 ], [ 92.926734924316463, 12.280581474304142 ], [ 92.934448242187784, 12.31056118011503 ] ] ], [ [ [ 92.776573181152514, 12.310280799865666 ], [ 92.796081542968807, 12.303894996643294 ], [ 92.809959411621264, 12.312760353088322 ], [ 92.830322265624943, 12.300279617309798 ], [ 92.866378784179688, 12.305610656738338 ], [ 92.889312744140796, 12.265941619873047 ], [ 92.878250122070483, 12.251440048217887 ], [ 92.864669799804858, 12.251344680786246 ], [ 92.858886718750284, 12.245830535888956 ], [ 92.880508422851733, 12.195137023926009 ], [ 92.846603393554744, 12.197680473327864 ], [ 92.850585937500171, 12.157320976257438 ], [ 92.822586059570369, 12.165452957153548 ], [ 92.8125, 12.106943130493278 ], [ 92.764678955078409, 12.063320159912223 ], [ 92.739166259765796, 12.094750404357853 ], [ 92.76773834228544, 12.186590194702262 ], [ 92.769866943359375, 12.236851692199934 ], [ 92.742286682128963, 12.245539665222168 ], [ 92.781723022461108, 12.285079956054631 ], [ 92.776573181152514, 12.310280799865666 ] ] ], [ [ [ 93.068527221679972, 12.319060325622559 ], [ 93.072937011718693, 12.315390586852971 ], [ 93.063011169433537, 12.315921783447266 ], [ 93.068527221679972, 12.319060325622559 ] ] ], [ [ [ 93.839698791503906, 12.320819854736442 ], [ 93.875267028808651, 12.288059234619311 ], [ 93.880699157714787, 12.236641883850211 ], [ 93.862503051757869, 12.266042709350813 ], [ 93.861679077148608, 12.233770370483398 ], [ 93.83200836181669, 12.241241455078125 ], [ 93.850204467773608, 12.269442558288631 ], [ 93.826683044433878, 12.244859695434684 ], [ 93.814788818359432, 12.285269737243823 ], [ 93.824150085449276, 12.307475090026799 ], [ 93.850830078125057, 12.287290573120231 ], [ 93.839698791503906, 12.320819854736442 ] ] ], [ [ [ 92.91361236572277, 12.333056449890137 ], [ 92.911109924316463, 12.333332061767635 ], [ 92.911941528320597, 12.335281372070312 ], [ 92.91361236572277, 12.333056449890137 ] ] ], [ [ [ 92.906608581542912, 12.339850425720215 ], [ 92.904533386230639, 12.339970588684082 ], [ 92.905372619628963, 12.341142654419002 ], [ 92.906608581542912, 12.339850425720215 ] ] ], [ [ [ 92.918807983398722, 12.350219726562727 ], [ 92.909446716308878, 12.348177909851302 ], [ 92.915046691894702, 12.35548114776617 ], [ 92.918807983398722, 12.350219726562727 ] ] ], [ [ [ 92.897789001465128, 12.394318580627498 ], [ 92.895416259765796, 12.392797470092717 ], [ 92.896186828613281, 12.395180702209643 ], [ 92.897789001465128, 12.394318580627498 ] ] ], [ [ [ 92.844352722168026, 12.394950866699162 ], [ 92.888786315918026, 12.407600402832031 ], [ 92.883987426757869, 12.374155998230037 ], [ 92.844352722168026, 12.394950866699162 ] ] ], [ [ [ 92.899169921874943, 12.411390304565487 ], [ 92.897499084472827, 12.408889770507983 ], [ 92.898056030273608, 12.411390304565487 ], [ 92.899169921874943, 12.411390304565487 ] ] ], [ [ [ 92.889488220215014, 12.413951873779297 ], [ 92.888298034667912, 12.413331985473633 ], [ 92.888580322265682, 12.41416168212919 ], [ 92.889488220215014, 12.413951873779297 ] ] ], [ [ [ 92.858901977539347, 12.416808128357218 ], [ 92.869216918945597, 12.413781166076717 ], [ 92.860603332519815, 12.413491249084643 ], [ 92.858901977539347, 12.416808128357218 ] ] ], [ [ [ 92.904853820801065, 12.423130035400391 ], [ 92.899627685546932, 12.421429634094238 ], [ 92.900421142578182, 12.426021575927962 ], [ 92.904853820801065, 12.423130035400391 ] ] ], [ [ [ 92.833892822265909, 12.417499542236612 ], [ 92.838058471679744, 12.425001144409293 ], [ 92.846389770507983, 12.414999961853027 ], [ 92.833892822265909, 12.417499542236612 ] ] ], [ [ [ 92.956253051757983, 12.435489654541186 ], [ 92.932342529297159, 12.35944938659668 ], [ 92.919334411621207, 12.364615440368823 ], [ 92.956253051757983, 12.435489654541186 ] ] ], [ [ [ 92.874259948730526, 12.444531440734863 ], [ 92.875869750976847, 12.444741249084416 ], [ 92.875450134277401, 12.444047927856445 ], [ 92.874259948730526, 12.444531440734863 ] ] ], [ [ [ 92.668609619140796, 12.534231185913313 ], [ 92.684570312500284, 12.538780212402514 ], [ 92.678115844726506, 12.522219657898063 ], [ 92.668609619140796, 12.534231185913313 ] ] ], [ [ [ 92.703369140625057, 12.639355659484977 ], [ 92.700942993164176, 12.639109611511515 ], [ 92.702163696289233, 12.640744209289721 ], [ 92.703369140625057, 12.639355659484977 ] ] ], [ [ [ 92.732536315917969, 12.703411102295206 ], [ 92.730873107910213, 12.702590942382756 ], [ 92.731163024902514, 12.704521179199389 ], [ 92.732536315917969, 12.703411102295206 ] ] ], [ [ [ 92.722892761230753, 12.735610961914233 ], [ 92.729576110840128, 12.730891227722111 ], [ 92.727867126465128, 12.726731300354231 ], [ 92.722892761230753, 12.735610961914233 ] ] ], [ [ [ 92.726676940918026, 12.753349304199389 ], [ 92.725547790527457, 12.752170562744368 ], [ 92.725418090820256, 12.753678321838436 ], [ 92.726676940918026, 12.753349304199389 ] ] ], [ [ [ 92.657539367675952, 12.773176193237305 ], [ 92.654266357421818, 12.771397590637378 ], [ 92.656768798828296, 12.773994445800781 ], [ 92.657539367675952, 12.773176193237305 ] ] ], [ [ [ 92.717636108398608, 12.776161193847713 ], [ 92.715629577636832, 12.775650978088493 ], [ 92.715637207031534, 12.777010917663858 ], [ 92.717636108398608, 12.776161193847713 ] ] ], [ [ [ 92.724998474121378, 12.761666297912825 ], [ 92.720001220703182, 12.777776718139876 ], [ 92.715278625488565, 12.778332710266341 ], [ 92.717216491699162, 12.787779808044718 ], [ 92.724998474121378, 12.761666297912825 ] ] ], [ [ [ 92.715400695800838, 12.796954154968262 ], [ 92.716514587402344, 12.795895576477278 ], [ 92.715110778808537, 12.795047760009766 ], [ 92.715400695800838, 12.796954154968262 ] ] ], [ [ [ 92.715637207031534, 12.800591468811092 ], [ 92.717041015625171, 12.798692703247298 ], [ 92.716209411621378, 12.798392295837402 ], [ 92.715637207031534, 12.800591468811092 ] ] ], [ [ [ 92.716491699218921, 12.804281234741211 ], [ 92.717041015625171, 12.802559852600041 ], [ 92.715965270996151, 12.802584648132438 ], [ 92.716491699218921, 12.804281234741211 ] ] ], [ [ [ 92.710968017578296, 12.82903003692627 ], [ 92.712287902832202, 12.777054786682129 ], [ 92.725502014160213, 12.748700141906909 ], [ 92.718032836914233, 12.718899726867789 ], [ 92.694541931152514, 12.797142982483138 ], [ 92.710968017578296, 12.82903003692627 ] ] ], [ [ [ 92.727058410644588, 12.838139533996525 ], [ 92.727302551269815, 12.833939552307186 ], [ 92.725395202637003, 12.832303047180403 ], [ 92.727058410644588, 12.838139533996525 ] ] ], [ [ [ 92.729843139648608, 12.856430053711165 ], [ 92.731475830078409, 12.855319976806641 ], [ 92.729560852051065, 12.854759216308878 ], [ 92.729843139648608, 12.856430053711165 ] ] ], [ [ [ 92.72027587890625, 12.864445686340446 ], [ 92.718612670898438, 12.835290908813704 ], [ 92.709999084472827, 12.833610534668082 ], [ 92.72027587890625, 12.864445686340446 ] ] ], [ [ [ 92.777740478515625, 12.866661071777344 ], [ 92.77628326416027, 12.864970207214469 ], [ 92.775939941406534, 12.86604118347168 ], [ 92.777740478515625, 12.866661071777344 ] ] ], [ [ [ 92.767189025878849, 12.857940673828352 ], [ 92.761199951171932, 12.867730140686092 ], [ 92.765762329101619, 12.872613906860522 ], [ 92.767189025878849, 12.857940673828352 ] ] ], [ [ [ 92.756996154785213, 12.8784313201906 ], [ 92.760429382324276, 12.877249717712516 ], [ 92.75705718994169, 12.876131057739485 ], [ 92.756996154785213, 12.8784313201906 ] ] ], [ [ [ 92.781669616699503, 12.885276794433878 ], [ 92.791709899902401, 12.890960693359602 ], [ 92.785835266113565, 12.881944656372013 ], [ 92.781669616699503, 12.885276794433878 ] ] ], [ [ [ 92.892036437988338, 12.899828910827694 ], [ 92.893539428710994, 12.897450447082463 ], [ 92.891563415527514, 12.897573471069393 ], [ 92.892036437988338, 12.899828910827694 ] ] ], [ [ [ 92.755081176757869, 12.912811279297046 ], [ 92.756752014160327, 12.894479751587198 ], [ 92.753128051757983, 12.889210700989054 ], [ 92.748405456543026, 12.893372535705737 ], [ 92.755081176757869, 12.912811279297046 ] ] ], [ [ [ 92.865036010742131, 12.913868904113713 ], [ 92.86307525634794, 12.913647651672477 ], [ 92.863098144531534, 12.914424896240405 ], [ 92.865036010742131, 12.913868904113713 ] ] ], [ [ [ 92.791625976562671, 12.916591644287337 ], [ 92.792892456054972, 12.891770362854061 ], [ 92.774238586425724, 12.906028747558821 ], [ 92.791625976562671, 12.916591644287337 ] ] ], [ [ [ 92.911422729492358, 12.917499542236328 ], [ 92.912261962890682, 12.913659095764388 ], [ 92.908607482910213, 12.913599967956657 ], [ 92.911422729492358, 12.917499542236328 ] ] ], [ [ [ 92.766708374023494, 12.917820930481241 ], [ 92.768150329589844, 12.91641902923584 ], [ 92.766693115234432, 12.917230606079045 ], [ 92.766708374023494, 12.917820930481241 ] ] ], [ [ [ 92.931419372558594, 12.918670654296989 ], [ 92.936698913574503, 12.915040016174373 ], [ 92.934165954589901, 12.91303730010992 ], [ 92.931419372558594, 12.918670654296989 ] ] ], [ [ [ 92.762275695800952, 12.921904563903922 ], [ 92.767280578613338, 12.920342445373592 ], [ 92.764221191406307, 12.917461395263615 ], [ 92.762275695800952, 12.921904563903922 ] ] ], [ [ [ 92.897781372070426, 12.927411079406681 ], [ 92.910408020019815, 12.908636093139705 ], [ 92.921920776367358, 12.912229537963867 ], [ 92.905082702636662, 12.884950637817496 ], [ 92.928047180175838, 12.883761405945052 ], [ 92.954147338867358, 12.807041168213061 ], [ 92.934196472168026, 12.773820877075195 ], [ 92.980514526367244, 12.709729194641397 ], [ 92.95694732666044, 12.622777938843058 ], [ 92.968421936035156, 12.496668815612736 ], [ 92.932136535644815, 12.480721473693904 ], [ 92.957939147949389, 12.467709541320914 ], [ 92.915321350097713, 12.443711280822981 ], [ 92.914527893066463, 12.405893325805664 ], [ 92.908988952636776, 12.421072006225586 ], [ 92.878250122070483, 12.444669723510685 ], [ 92.885757446289119, 12.453991889953556 ], [ 92.854232788085994, 12.457729339599666 ], [ 92.844436645507756, 12.469440460205249 ], [ 92.844444274902344, 12.480833053589095 ], [ 92.83792877197294, 12.48551177978527 ], [ 92.838790893554744, 12.492369651794547 ], [ 92.834678649902628, 12.494780540466536 ], [ 92.829154968262003, 12.496434211731014 ], [ 92.849006652831974, 12.458614349365234 ], [ 92.899017333984546, 12.415629386902026 ], [ 92.874969482422046, 12.413722038269213 ], [ 92.864997863769815, 12.425840377807617 ], [ 92.846488952637003, 12.423418998718375 ], [ 92.819557189941463, 12.437541007995549 ], [ 92.818428039550838, 12.433779716491699 ], [ 92.804397583007983, 12.440401077270678 ], [ 92.796508789062784, 12.437959671020508 ], [ 92.800277709960994, 12.46444416046171 ], [ 92.791099548339901, 12.469721794128475 ], [ 92.794197082519588, 12.438180923462141 ], [ 92.830276489258097, 12.427779197692871 ], [ 92.838607788085994, 12.395001411438045 ], [ 92.859802246093807, 12.36254978179926 ], [ 92.889976501465128, 12.350379943847656 ], [ 92.89511871337919, 12.320344924926815 ], [ 92.832427978515625, 12.302558898925838 ], [ 92.809692382812784, 12.314870834350813 ], [ 92.795097351074219, 12.30614376068138 ], [ 92.77152252197294, 12.319690704345646 ], [ 92.754768371582315, 12.29568099975603 ], [ 92.72043609619169, 12.300310134887752 ], [ 92.699447631836222, 12.328487396240405 ], [ 92.707496643066406, 12.596945762634277 ], [ 92.684486389160213, 12.608140945434798 ], [ 92.753326416015625, 12.670781135559309 ], [ 92.777069091797159, 12.667081832885685 ], [ 92.776527404785099, 12.636301994323674 ], [ 92.785430908203182, 12.619247436523381 ], [ 92.788642883300838, 12.674480438232592 ], [ 92.78739166259794, 12.707209587097282 ], [ 92.779159545898722, 12.713100433349837 ], [ 92.768882751465128, 12.672121047973576 ], [ 92.732887268066577, 12.674410820007438 ], [ 92.746116638183651, 12.722498893737736 ], [ 92.723915100097827, 12.827083587646484 ], [ 92.737777709961222, 12.810279846191634 ], [ 92.760833740234489, 12.859444618225098 ], [ 92.782218933105753, 12.807498931884822 ], [ 92.769462585449503, 12.861674308776912 ], [ 92.781448364258097, 12.848129272460881 ], [ 92.791908264160213, 12.889854431152628 ], [ 92.810958862304744, 12.897452354431437 ], [ 92.841728210449503, 12.875606536865462 ], [ 92.873542785644588, 12.881160736084041 ], [ 92.895973205566577, 12.898839950561694 ], [ 92.897781372070426, 12.927411079406681 ] ] ], [ [ [ 92.770080566406421, 12.928950309753418 ], [ 92.775901794433707, 12.926120758056868 ], [ 92.772056579589901, 12.917849540710449 ], [ 92.770080566406421, 12.928950309753418 ] ] ], [ [ [ 92.860038757324503, 12.933109283447209 ], [ 92.886085510253963, 12.92298507690424 ], [ 92.865036010742131, 12.916733741760481 ], [ 92.860038757324503, 12.933109283447209 ] ] ], [ [ [ 92.761177062988338, 12.932541847229231 ], [ 92.766487121582031, 12.928070068359546 ], [ 92.763168334961222, 12.925556182861555 ], [ 92.761177062988338, 12.932541847229231 ] ] ], [ [ [ 92.890029907226562, 12.937240600585938 ], [ 92.892829895019815, 12.936421394348145 ], [ 92.889495849609546, 12.935047149658203 ], [ 92.890029907226562, 12.937240600585938 ] ] ], [ [ [ 92.899757385253906, 12.940854072571028 ], [ 92.902259826660327, 12.940890312194767 ], [ 92.903068542480526, 12.938348770141886 ], [ 92.899757385253906, 12.940854072571028 ] ] ], [ [ [ 92.672607421875171, 12.949199676513899 ], [ 92.670089721679972, 12.948300361633528 ], [ 92.670066833496378, 12.949480056762866 ], [ 92.672607421875171, 12.949199676513899 ] ] ], [ [ [ 92.668121337890682, 12.953610420227278 ], [ 92.669837951660213, 12.952218055725154 ], [ 92.668685913085994, 12.951629638671932 ], [ 92.668121337890682, 12.953610420227278 ] ] ], [ [ [ 92.695655822753849, 12.991958618164233 ], [ 92.719886779785099, 12.978359222412109 ], [ 92.721496582031307, 12.888344764709757 ], [ 92.701225280761889, 12.841204643249512 ], [ 92.675399780273722, 12.835887908935547 ], [ 92.689010620117358, 12.816729545593205 ], [ 92.668159484863565, 12.782571792602482 ], [ 92.648162841796818, 12.861159324646223 ], [ 92.663162231445369, 12.879141807556437 ], [ 92.629882812500171, 12.882731437683049 ], [ 92.664543151855753, 12.880599975585938 ], [ 92.670578002929744, 12.912282943725643 ], [ 92.636871337890909, 12.919539451599348 ], [ 92.670120239257983, 12.918037414551009 ], [ 92.695655822753849, 12.991958618164233 ] ] ], [ [ [ 93.006736755371378, 12.996899604797363 ], [ 92.982826232910213, 12.934480667114315 ], [ 92.951950073242301, 12.940539360046557 ], [ 92.974243164062557, 12.945329666137695 ], [ 92.959747314453182, 12.988911628723201 ], [ 92.97220611572294, 12.96914005279541 ], [ 93.006736755371378, 12.996899604797363 ] ] ], [ [ [ 92.988861083984546, 12.998380661010685 ], [ 92.986389160156421, 13.000001907348576 ], [ 92.989440917968921, 13.000559806823844 ], [ 92.988861083984546, 12.998380661010685 ] ] ], [ [ [ 92.91278076171875, 13.003329277038574 ], [ 92.910842895507983, 13.003601074218921 ], [ 92.911109924316463, 13.005279541015739 ], [ 92.91278076171875, 13.003329277038574 ] ] ], [ [ [ 92.949447631835994, 13.024709701538029 ], [ 92.948608398437671, 13.021110534668082 ], [ 92.945266723632869, 13.025279998779297 ], [ 92.949447631835994, 13.024709701538029 ] ] ], [ [ [ 92.920829772949276, 13.00111198425293 ], [ 92.94000244140625, 13.025279998779297 ], [ 92.941658020019815, 12.995321273803654 ], [ 92.920829772949276, 13.00111198425293 ] ] ], [ [ [ 92.918891906738338, 13.043610572815226 ], [ 92.91458892822294, 13.042221069335994 ], [ 92.916107177734659, 13.047500610351562 ], [ 92.918891906738338, 13.043610572815226 ] ] ], [ [ [ 92.934448242187784, 13.051389694213981 ], [ 92.932495117187614, 13.050004005432129 ], [ 92.932220458984546, 13.052780151367131 ], [ 92.934448242187784, 13.051389694213981 ] ] ], [ [ [ 92.916816711425838, 13.062561988830737 ], [ 92.91324615478544, 13.061532020569132 ], [ 92.913459777832315, 13.066899299621582 ], [ 92.916816711425838, 13.062561988830737 ] ] ], [ [ [ 92.728050231933878, 13.092781066894588 ], [ 92.731391906738281, 13.093199729919377 ], [ 92.728332519531421, 13.090278625488509 ], [ 92.728050231933878, 13.092781066894588 ] ] ], [ [ [ 92.719169616699389, 13.09889125823986 ], [ 92.706115722656534, 13.070139884948787 ], [ 92.701110839843807, 13.070831298828182 ], [ 92.69610595703125, 13.095001220703125 ], [ 92.719169616699389, 13.09889125823986 ] ] ], [ [ [ 92.793609619140682, 13.168609619140625 ], [ 92.797637939453182, 13.16930103302002 ], [ 92.796806335449389, 13.167640686035156 ], [ 92.793609619140682, 13.168609619140625 ] ] ], [ [ [ 93.059997558593921, 13.225554466247672 ], [ 93.059066772461108, 13.221929550170842 ], [ 93.057929992675781, 13.226663589477539 ], [ 93.059997558593921, 13.225554466247672 ] ] ], [ [ [ 93.016113281250171, 13.284998893737963 ], [ 93.015197753906421, 13.283332824707315 ], [ 93.014312744140682, 13.284360885620117 ], [ 93.016113281250171, 13.284998893737963 ] ] ], [ [ [ 93.071113586425838, 13.300548553466854 ], [ 93.078887939453296, 13.30000019073492 ], [ 93.073059082031307, 13.297780036926383 ], [ 93.071113586425838, 13.300548553466854 ] ] ], [ [ [ 93.009429931640625, 13.310969352722168 ], [ 93.025093078613452, 13.328331947326888 ], [ 93.021720886230526, 13.302961349487418 ], [ 93.009429931640625, 13.310969352722168 ] ] ], [ [ [ 92.967781066894645, 13.335281372070483 ], [ 92.966110229492472, 13.335556983947981 ], [ 92.969718933105753, 13.338333129882983 ], [ 92.967781066894645, 13.335281372070483 ] ] ], [ [ [ 93.014427185058764, 13.340386390686319 ], [ 93.016120910644702, 13.337931632995662 ], [ 93.013908386230526, 13.337708473205623 ], [ 93.014427185058764, 13.340386390686319 ] ] ], [ [ [ 93.038612365722656, 13.342498779296989 ], [ 93.036605834960994, 13.342500686645565 ], [ 93.038047790527514, 13.34390068054222 ], [ 93.038612365722656, 13.342498779296989 ] ] ], [ [ [ 93.076171874999943, 13.366786003112907 ], [ 93.078056335449503, 13.363141059875716 ], [ 93.073860168457315, 13.365755081176815 ], [ 93.076171874999943, 13.366786003112907 ] ] ], [ [ [ 93.083473205566577, 13.368821144104118 ], [ 93.080970764160327, 13.36805534362793 ], [ 93.081947326660327, 13.370000839233398 ], [ 93.083473205566577, 13.368821144104118 ] ] ], [ [ [ 93.063995361328296, 13.385429382324162 ], [ 93.06162261962902, 13.385290145874251 ], [ 93.063285827636776, 13.38694000244152 ], [ 93.063995361328296, 13.385429382324162 ] ] ], [ [ [ 92.864997863769815, 13.41193962097168 ], [ 92.867500305176065, 13.412500381469783 ], [ 92.867515563964787, 13.411602020263956 ], [ 92.864997863769815, 13.41193962097168 ] ] ], [ [ [ 92.811920166015682, 13.405870437622184 ], [ 92.818885803222656, 13.416389465332031 ], [ 92.815002441406364, 13.403056144714299 ], [ 92.811920166015682, 13.405870437622184 ] ] ], [ [ [ 93.087059020996094, 13.415770530700684 ], [ 93.091476440429858, 13.410342216491699 ], [ 93.088600158691577, 13.410202980041788 ], [ 93.087059020996094, 13.415770530700684 ] ] ], [ [ [ 93.072685241699332, 13.43110275268549 ], [ 93.071907043457088, 13.413631439208984 ], [ 93.068969726562671, 13.413299560547046 ], [ 93.072685241699332, 13.43110275268549 ] ] ], [ [ [ 93.098892211914233, 13.43055629730253 ], [ 93.103057861328409, 13.434721946716536 ], [ 93.104248046875171, 13.429928779602108 ], [ 93.098892211914233, 13.43055629730253 ] ] ], [ [ [ 92.821662902832088, 13.436671257019043 ], [ 92.841941833496378, 13.425830841064453 ], [ 92.821952819824389, 13.420830726623592 ], [ 92.821662902832088, 13.436671257019043 ] ] ], [ [ [ 94.273330688476619, 13.464444160461483 ], [ 94.275001525879077, 13.440556526184309 ], [ 94.255752563476619, 13.43026161193859 ], [ 94.249443054199389, 13.446249961852971 ], [ 94.273330688476619, 13.464444160461483 ] ] ], [ [ [ 92.866668701171932, 13.509167671203784 ], [ 92.87473297119169, 13.504441261291618 ], [ 92.871109008789347, 13.501944541931096 ], [ 92.866668701171932, 13.509167671203784 ] ] ], [ [ [ 92.915283203125057, 13.51361179351818 ], [ 92.921386718750057, 13.512780189514388 ], [ 92.913887023925952, 13.507501602173136 ], [ 92.915283203125057, 13.51361179351818 ] ] ], [ [ [ 92.904724121093921, 13.533888816833553 ], [ 92.912498474121378, 13.533332824707259 ], [ 92.906112670898494, 13.530279159545955 ], [ 92.904724121093921, 13.533888816833553 ] ] ], [ [ [ 92.873886108398494, 13.536667823791618 ], [ 92.878608703613452, 13.537779808044547 ], [ 92.875831604003963, 13.534721374512003 ], [ 92.873886108398494, 13.536667823791618 ] ] ], [ [ [ 93.006813049316406, 13.559361457824707 ], [ 93.005554199219034, 13.556944847106934 ], [ 93.006187438964844, 13.559975624084416 ], [ 93.006813049316406, 13.559361457824707 ] ] ], [ [ [ 93.052223205566463, 13.564653396606673 ], [ 93.057411193847713, 13.562398910522631 ], [ 93.053886413574389, 13.559720993041935 ], [ 93.052223205566463, 13.564653396606673 ] ] ], [ [ [ 93.029441833496037, 13.573333740234375 ], [ 93.044998168945369, 13.525279045105094 ], [ 93.021110534668139, 13.431120872497615 ], [ 93.070831298828068, 13.406109809875602 ], [ 93.028289794922159, 13.373181343078613 ], [ 93.055274963378963, 13.382222175598372 ], [ 93.090591430664119, 13.335932731628588 ], [ 93.06583404541044, 13.303055763244572 ], [ 93.059997558593921, 13.329171180725211 ], [ 93.039855957031307, 13.322980880737418 ], [ 93.045829772949503, 13.346111297607422 ], [ 93.041664123535156, 13.367220878601074 ], [ 92.986778259277514, 13.329010963440112 ], [ 92.969429016113281, 13.360520362854004 ], [ 92.950538635254077, 13.34390068054222 ], [ 92.964782714843693, 13.324521064758244 ], [ 93.009452819824389, 13.320001602173136 ], [ 93.006767272949389, 13.309309959411564 ], [ 93.021942138671932, 13.295280456542969 ], [ 93.012550354003963, 13.295180320739689 ], [ 93.012496948242358, 13.276665687561092 ], [ 93.066673278808764, 13.272500038147086 ], [ 93.032218933105526, 13.178891181946028 ], [ 93.034881591796932, 13.080990791320801 ], [ 93.003898620605469, 13.02858924865734 ], [ 92.965827941894588, 13.034999847412109 ], [ 92.974617004394588, 13.012861251831168 ], [ 92.934776306152401, 13.042801856994856 ], [ 92.943046569824162, 13.054721832275447 ], [ 92.936676025390682, 13.084712982177848 ], [ 92.934356689453182, 13.060743331909123 ], [ 92.914909362793026, 13.07034969329834 ], [ 92.894309997558651, 13.056530952453556 ], [ 92.916290283203409, 13.054149627685604 ], [ 92.901664733886719, 13.021803855896053 ], [ 92.908058166503963, 13.0 ], [ 92.938522338867358, 12.971276283264388 ], [ 92.912681579590128, 12.946451187133789 ], [ 92.906936645507926, 12.985028266906909 ], [ 92.882301330566463, 12.982724189758244 ], [ 92.854438781738338, 12.927430152893123 ], [ 92.872932434082088, 12.883230209350586 ], [ 92.84171295166044, 12.876629829406852 ], [ 92.794197082519588, 12.914381980896053 ], [ 92.794136047363452, 12.985610961914176 ], [ 92.818260192871378, 12.98678112030052 ], [ 92.825065612793026, 13.012707710266113 ], [ 92.788330078125284, 13.019171714782829 ], [ 92.796669006347713, 13.089440345764103 ], [ 92.81027984619169, 13.075280189514274 ], [ 92.822219848632869, 13.096390724182186 ], [ 92.809997558593807, 13.126929283142204 ], [ 92.847496032714844, 13.139159202575627 ], [ 92.809722900390568, 13.153055191040266 ], [ 92.835556030273494, 13.17389106750494 ], [ 92.818885803222656, 13.183889389038143 ], [ 92.827774047851619, 13.236666679382381 ], [ 92.854438781738338, 13.257221221923828 ], [ 92.822502136230412, 13.277221679687557 ], [ 92.842224121093807, 13.301943778991813 ], [ 92.821662902832088, 13.309720993041992 ], [ 92.839439392090128, 13.37472057342535 ], [ 92.866943359374943, 13.38556098938011 ], [ 92.843063354492472, 13.402221679687443 ], [ 92.867774963378963, 13.402221679687443 ], [ 92.884162902832202, 13.429721832275675 ], [ 92.871665954590128, 13.471390724182356 ], [ 92.929443359375114, 13.501667022705192 ], [ 92.917503356933764, 13.536390304565714 ], [ 92.988891601562557, 13.527776718139876 ], [ 92.987777709960994, 13.57306098937994 ], [ 93.010116577148494, 13.541959762573356 ], [ 93.029441833496037, 13.573333740234375 ] ] ], [ [ [ 92.88138580322294, 13.582777023315543 ], [ 92.903610229492358, 13.59638786315918 ], [ 92.885276794433764, 13.574171066284293 ], [ 92.88138580322294, 13.582777023315543 ] ] ], [ [ [ 93.042503356933651, 13.636944770812931 ], [ 93.067497253418026, 13.650620460510254 ], [ 93.046951293945597, 13.620832443237532 ], [ 93.042503356933651, 13.636944770812931 ] ] ], [ [ [ 93.024238586425895, 13.672511100769327 ], [ 93.022918701172159, 13.671279907226619 ], [ 93.022697448730526, 13.674300193786678 ], [ 93.024238586425895, 13.672511100769327 ] ] ], [ [ [ 93.015830993652401, 13.67611217498785 ], [ 93.032218933105526, 13.633891105651855 ], [ 93.027778625488452, 13.626939773559513 ], [ 92.976669311523608, 13.654999732971191 ], [ 93.015830993652401, 13.67611217498785 ] ] ], [ [ [ 93.224426269531421, 14.015830993652514 ], [ 93.232429504394702, 13.98326396942133 ], [ 93.223052978515625, 13.971599578857706 ], [ 93.218330383300952, 13.976800918579102 ], [ 93.224426269531421, 14.015830993652514 ] ] ], [ [ [ 93.366943359375057, 14.052499771118335 ], [ 93.363540649414119, 14.048060417175577 ], [ 93.364242553711108, 14.056861877441406 ], [ 93.366943359375057, 14.052499771118335 ] ] ], [ [ [ 93.382225036621151, 14.129444122314453 ], [ 93.382232666015682, 14.127219200134277 ], [ 93.380836486816577, 14.128331184387207 ], [ 93.382225036621151, 14.129444122314453 ] ] ], [ [ [ 93.353332519531421, 14.145831108093262 ], [ 93.378608703613338, 14.147220611572322 ], [ 93.364303588867244, 14.058731079101506 ], [ 93.353332519531421, 14.145831108093262 ] ] ], [ [ [ 93.357498168945597, 14.188887596130598 ], [ 93.360153198242472, 14.19236087799095 ], [ 93.361106872558878, 14.191109657287541 ], [ 93.357498168945597, 14.188887596130598 ] ] ], [ [ [ 93.359725952148494, 14.187219619751204 ], [ 93.372779846191406, 14.189720153808707 ], [ 93.366943359375057, 14.178889274597225 ], [ 93.359725952148494, 14.187219619751204 ] ] ], [ [ [ 93.550903320312784, 14.787700653076399 ], [ 93.549285888671932, 14.785088539123706 ], [ 93.550338745117131, 14.788382530212459 ], [ 93.550903320312784, 14.787700653076399 ] ] ], [ [ [ 93.571945190429858, 14.848054885864428 ], [ 93.568962097168026, 14.848600387573299 ], [ 93.569648742675952, 14.849520683288631 ], [ 93.571945190429858, 14.848054885864428 ] ] ], [ [ [ 93.571319580078068, 14.861319541931096 ], [ 93.570556640624943, 14.859168052673624 ], [ 93.569725036621151, 14.860834121704272 ], [ 93.571319580078068, 14.861319541931096 ] ] ], [ [ [ 93.569442749023608, 14.872152328491154 ], [ 93.572463989257756, 14.868159294128645 ], [ 93.568046569824503, 14.871110916137638 ], [ 93.569442749023608, 14.872152328491154 ] ] ], [ [ [ 93.641387939453125, 14.902499198913802 ], [ 93.636421203613452, 14.874299049377555 ], [ 93.611946105956974, 14.83556079864502 ], [ 93.612922668457202, 14.873657226562557 ], [ 93.641387939453125, 14.902499198913802 ] ] ], [ [ [ 93.646110534668139, 14.935277938842887 ], [ 93.651947021484489, 14.932700157165527 ], [ 93.650833129883097, 14.929720878601074 ], [ 93.646110534668139, 14.935277938842887 ] ] ] ] } },
{ "type": "Feature", "properties": { "ID_0": 105, "ISO": "IND", "NAME_0": "India", "ID_1": 36, "NAME_1": "Telangana" }, "geometry": { "type": "Polygon", "coordinates": [ [ [ 77.509452819824276, 15.920860290527287 ], [ 77.49072265625, 16.03063011169445 ], [ 77.509399414062671, 16.103530883789119 ], [ 77.486671447753906, 16.11576080322277 ], [ 77.483627319336108, 16.158550262451229 ], [ 77.511169433593807, 16.217189788818359 ], [ 77.487556457519645, 16.249820709228516 ], [ 77.564987182617301, 16.297710418701172 ], [ 77.590301513671932, 16.286851882934798 ], [ 77.591606140136889, 16.33751106262207 ], [ 77.494491577148438, 16.375789642334041 ], [ 77.411743164062671, 16.362680435180664 ], [ 77.342948913574276, 16.379720687866154 ], [ 77.284660339355412, 16.402999877929801 ], [ 77.235176086425838, 16.468080520629996 ], [ 77.291999816894588, 16.473638534545898 ], [ 77.296646118164347, 16.491470336914119 ], [ 77.366287231445597, 16.484109878540153 ], [ 77.415321350097599, 16.517829895019645 ], [ 77.391441345215128, 16.565200805664062 ], [ 77.464172363281421, 16.584209442138672 ], [ 77.469390869140682, 16.646911621093977 ], [ 77.432937622070369, 16.637638092041072 ], [ 77.416572570800838, 16.662811279296989 ], [ 77.465042114257926, 16.678281784057617 ], [ 77.466796875000284, 16.711940765380803 ], [ 77.423416137695369, 16.714530944824219 ], [ 77.437538146972713, 16.783210754394531 ], [ 77.471138000488338, 16.779130935669173 ], [ 77.453399658203182, 16.909032821655273 ], [ 77.499389648437784, 17.007320404052791 ], [ 77.462638854980469, 17.104070663452205 ], [ 77.359992980957315, 17.16162109375 ], [ 77.398811340332088, 17.208778381347656 ], [ 77.380355834961051, 17.219770431518555 ], [ 77.454505920410213, 17.275890350341911 ], [ 77.43402099609375, 17.288259506225586 ], [ 77.451599121093921, 17.370491027832031 ], [ 77.499122619628963, 17.354070663452148 ], [ 77.528022766113565, 17.372110366821346 ], [ 77.535507202148608, 17.40410041809082 ], [ 77.510147094726733, 17.42725944519043 ], [ 77.572563171386776, 17.429519653320369 ], [ 77.573196411132926, 17.454200744628906 ], [ 77.610610961914347, 17.444232940673828 ], [ 77.652763366699503, 17.503250122070312 ], [ 77.648086547851619, 17.481178283691634 ], [ 77.684013366699332, 17.472850799560547 ], [ 77.686965942382983, 17.491569519042912 ], [ 77.6566162109375, 17.521339416503906 ], [ 77.591728210449503, 17.532680511474553 ], [ 77.589828491211222, 17.562759399414062 ], [ 77.548393249511832, 17.549459457397575 ], [ 77.527420043945426, 17.573221206665153 ], [ 77.501617431640682, 17.54088020324707 ], [ 77.439926147460881, 17.581470489502067 ], [ 77.450347900390682, 17.691299438476562 ], [ 77.562026977539233, 17.747110366821516 ], [ 77.56595611572294, 17.764110565185604 ], [ 77.504486083984432, 17.78259086608881 ], [ 77.510879516601506, 17.801441192626953 ], [ 77.526000976562671, 17.826818466186637 ], [ 77.549736022949332, 17.818029403686637 ], [ 77.572746276855526, 17.872810363769645 ], [ 77.596687316894815, 17.870450973510799 ], [ 77.585166931152401, 17.908229827880803 ], [ 77.616577148437671, 17.90286827087408 ], [ 77.623741149902457, 17.957750320434684 ], [ 77.643989562988565, 17.946371078491325 ], [ 77.653396606445483, 17.969352722167912 ], [ 77.545745849609659, 18.053760528564396 ], [ 77.597457885742472, 18.084289550781477 ], [ 77.597770690918026, 18.151840209961051 ], [ 77.564308166504077, 18.20055007934576 ], [ 77.603019714355469, 18.277999877929688 ], [ 77.549957275390909, 18.291349411010799 ], [ 77.566917419433878, 18.317949295043945 ], [ 77.519500732422046, 18.349252700805721 ], [ 77.555206298828182, 18.417852401733455 ], [ 77.528480529785327, 18.440481185913086 ], [ 77.585212707519645, 18.445449829101562 ], [ 77.546195983886889, 18.463382720947322 ], [ 77.601066589355753, 18.474210739135742 ], [ 77.59726715087919, 18.547540664672852 ], [ 77.648811340332202, 18.552619934081974 ], [ 77.657569885253906, 18.527200698852596 ], [ 77.736511230468693, 18.554809570312557 ], [ 77.748092651367301, 18.60531044006342 ], [ 77.728111267090128, 18.66420936584484 ], [ 77.757629394531364, 18.707090377807617 ], [ 77.786437988281364, 18.684120178222713 ], [ 77.837463378906421, 18.807460784912337 ], [ 77.942550659179858, 18.822290420532454 ], [ 77.881576538085994, 18.908531188964787 ], [ 77.840499877929858, 18.911300659179744 ], [ 77.853729248046932, 18.952278137207031 ], [ 77.812690734863338, 18.949459075927678 ], [ 77.817138671875114, 18.982370376587028 ], [ 77.767356872558707, 18.981420516967773 ], [ 77.757392883300838, 19.028551101684513 ], [ 77.761688232421818, 19.062040328979435 ], [ 77.79718017578125, 19.051309585571289 ], [ 77.80265045166027, 19.101961135864371 ], [ 77.848136901855639, 19.090080261230582 ], [ 77.83109283447294, 19.135652542114315 ], [ 77.858390808105412, 19.180772781372013 ], [ 77.846549987793253, 19.196979522705192 ], [ 77.867385864257983, 19.255260467529297 ], [ 77.905708312988281, 19.267219543457259 ], [ 77.860877990722599, 19.302129745483512 ], [ 77.948921203613338, 19.341279983520735 ], [ 78.045745849609546, 19.27086067199707 ], [ 78.051132202148494, 19.241760253906193 ], [ 78.170059204101506, 19.236330032348633 ], [ 78.197151184082031, 19.331729888916016 ], [ 78.182167053222713, 19.411769866943473 ], [ 78.308891296387003, 19.456409454345817 ], [ 78.279106140136832, 19.558200836181697 ], [ 78.311149597168082, 19.571769714355469 ], [ 78.310989379883097, 19.604179382324219 ], [ 78.269721984863338, 19.663129806518612 ], [ 78.345275878906307, 19.713569641113338 ], [ 78.367736816406307, 19.781080245971793 ], [ 78.338996887207145, 19.839179992675781 ], [ 78.294128417968807, 19.849550247192383 ], [ 78.310195922851676, 19.912740707397461 ], [ 78.335105895996094, 19.910110473632812 ], [ 78.336250305175781, 19.883190155029354 ], [ 78.384147644043026, 19.879222869873104 ], [ 78.397659301757983, 19.836402893066463 ], [ 78.493919372558537, 19.793149948120117 ], [ 78.526268005371151, 19.821659088134879 ], [ 78.603652954101733, 19.817501068115234 ], [ 78.716445922851619, 19.766799926757926 ], [ 78.784866333007869, 19.778749465942383 ], [ 78.845626831054972, 19.758350372314396 ], [ 78.858802795410099, 19.656311035156307 ], [ 78.915908813476619, 19.667730331420955 ], [ 78.968955993652401, 19.649232864379883 ], [ 78.980529785156421, 19.585081100463867 ], [ 78.954551696777287, 19.551830291748047 ], [ 78.992858886719034, 19.562040328979549 ], [ 79.102867126464901, 19.527950286865178 ], [ 79.177787780761776, 19.460691452026367 ], [ 79.222938537597827, 19.467790603637809 ], [ 79.206848144531534, 19.491670608520451 ], [ 79.236633300781534, 19.526798248290959 ], [ 79.243865966797159, 19.612552642822493 ], [ 79.304840087890682, 19.590150833129883 ], [ 79.314262390137003, 19.565521240234432 ], [ 79.369026184082031, 19.571231842041129 ], [ 79.470420837402401, 19.497451782226619 ], [ 79.542655944824276, 19.54852294921875 ], [ 79.552497863769474, 19.520042419433537 ], [ 79.598052978515909, 19.503770828247127 ], [ 79.639717102050952, 19.57500076293951 ], [ 79.740325927734489, 19.603139877319279 ], [ 79.785423278808764, 19.593589782714901 ], [ 79.828216552734432, 19.537010192871037 ], [ 79.940208435058707, 19.464509963989315 ], [ 79.973052978515909, 19.401020050049055 ], [ 79.961776733398722, 19.297491073608455 ], [ 79.920166015625057, 19.226409912109602 ], [ 79.943206787109432, 19.170600891113224 ], [ 79.858047485351847, 19.104110717773438 ], [ 79.859588623046818, 19.034629821777344 ], [ 79.916107177734375, 19.047359466552734 ], [ 79.93448638916027, 19.021699905395451 ], [ 79.939002990722713, 18.858892440795842 ], [ 79.894012451171932, 18.830839157104606 ], [ 79.909095764160213, 18.80669021606468 ], [ 80.012351989746378, 18.766759872436637 ], [ 80.110816955566577, 18.676189422607422 ], [ 80.158081054687443, 18.695940017700195 ], [ 80.188957214355753, 18.675580978393668 ], [ 80.267539978027628, 18.71796989440918 ], [ 80.341842651367244, 18.586441040039062 ], [ 80.483467102051065, 18.628120422363395 ], [ 80.632682800293139, 18.518840789794922 ], [ 80.698890686035213, 18.436000823974553 ], [ 80.691009521484375, 18.419349670410156 ], [ 80.726539611816406, 18.408990859985408 ], [ 80.744621276855639, 18.302181243896541 ], [ 80.788116455078296, 18.25403976440424 ], [ 80.733268737793026, 18.218790054321346 ], [ 80.734558105468807, 18.171712875366211 ], [ 80.797927856445369, 18.166299819946289 ], [ 80.829589843750057, 18.23411941528326 ], [ 80.86749267578125, 18.207258224487532 ], [ 80.848197937011889, 18.197650909423885 ], [ 80.862022399902401, 18.132669448852482 ], [ 80.973678588867188, 18.168149948120174 ], [ 80.943992614746151, 18.081020355224723 ], [ 81.032447814941577, 17.789730072021598 ], [ 81.073600769043253, 17.78629112243658 ], [ 81.159568786621151, 17.852630615234318 ], [ 81.263366699219034, 17.81046295166027 ], [ 81.409255981445426, 17.804838180542049 ], [ 81.466842651367244, 17.824920654296989 ], [ 81.485839843750171, 17.80261039733881 ], [ 81.568740844726847, 17.827880859375 ], [ 81.611152648925952, 17.815362930297852 ], [ 81.688285827636776, 17.884799957275391 ], [ 81.703170776367301, 17.861129760742415 ], [ 81.758293151855582, 17.893360137939396 ], [ 81.792770385742244, 17.852521896362362 ], [ 81.684776306152514, 17.770561218261832 ], [ 81.623062133789176, 17.762790679931697 ], [ 81.576622009277514, 17.726091384887695 ], [ 81.502929687500284, 17.58987998962408 ], [ 81.52371978759794, 17.569709777832088 ], [ 81.493415832519474, 17.448820114135742 ], [ 81.441513061523722, 17.381710052490462 ], [ 81.385223388671989, 17.355131149292106 ], [ 81.330352783203125, 17.392099380493164 ], [ 81.267166137695597, 17.319999694824276 ], [ 81.190307617187784, 17.327369689941406 ], [ 81.162788391113338, 17.23258018493658 ], [ 81.046546936035156, 17.213817596435547 ], [ 80.991256713867358, 17.179702758789176 ], [ 80.905349731445597, 17.201290130615291 ], [ 80.913307189941463, 17.145950317382756 ], [ 80.870307922363281, 17.146301269531364 ], [ 80.858848571777287, 17.050851821899414 ], [ 80.832466125488395, 17.02571105957054 ], [ 80.725730895996094, 17.064609527587834 ], [ 80.639602661132869, 17.055120468139592 ], [ 80.656646728515909, 17.087762832641658 ], [ 80.560173034667969, 17.138029098510799 ], [ 80.496116638183764, 17.107860565185661 ], [ 80.482200622558764, 17.050270080566406 ], [ 80.446243286133097, 17.017021179199162 ], [ 80.395088195800838, 17.077568054199276 ], [ 80.374160766601847, 17.063110351562557 ], [ 80.387908935547159, 17.007299423217773 ], [ 80.358245849609432, 16.970630645751953 ], [ 80.487815856933707, 16.917440414428711 ], [ 80.491302490234318, 16.94818115234375 ], [ 80.584190368652287, 16.926519393921012 ], [ 80.586746215820369, 16.87393951416027 ], [ 80.564971923828296, 16.869039535522518 ], [ 80.554580688476847, 16.824789047241268 ], [ 80.604103088378963, 16.787759780883903 ], [ 80.562812805176065, 16.762830734253157 ], [ 80.456398010253849, 16.790029525756836 ], [ 80.399711608887003, 16.849739074706974 ], [ 80.372932434082088, 16.811100006103629 ], [ 80.358627319335994, 16.854909896850586 ], [ 80.319221496582315, 16.870941162109375 ], [ 80.301376342773608, 16.955860137939567 ], [ 80.262176513671989, 17.010629653930664 ], [ 80.201255798339844, 17.013139724731502 ], [ 80.18212890625, 17.044940948486442 ], [ 80.133857727050724, 16.985359191894474 ], [ 80.045883178711051, 16.965299606323242 ], [ 80.009552001953296, 16.907260894775334 ], [ 79.991676330566463, 16.863250732421989 ], [ 80.069671630859432, 16.813608169555664 ], [ 80.047897338867358, 16.745151519775391 ], [ 79.958152770996378, 16.642049789428711 ], [ 79.90207672119169, 16.637849807739371 ], [ 79.861839294433878, 16.698221206665039 ], [ 79.810256958007869, 16.690490722656193 ], [ 79.774902343749943, 16.729520797729606 ], [ 79.648033142090128, 16.662000656128043 ], [ 79.497177124023722, 16.630510330200195 ], [ 79.426589965820597, 16.582521438598746 ], [ 79.266113281250057, 16.561470031738338 ], [ 79.225273132324276, 16.508220672607536 ], [ 79.218688964844034, 16.239641189575138 ], [ 79.176582336425781, 16.21713066101097 ], [ 79.030937194824276, 16.245742797851562 ], [ 78.925498962402457, 16.202339172363395 ], [ 78.905456542968807, 16.181869506835994 ], [ 78.910476684570597, 16.105222702026481 ], [ 78.872673034668082, 16.110170364379883 ], [ 78.862937927246207, 16.153089523315543 ], [ 78.837837219238281, 16.156738281250057 ], [ 78.836502075195312, 16.087377548217773 ], [ 78.775047302246378, 16.023609161376953 ], [ 78.713668823242188, 16.026660919189453 ], [ 78.617012023925781, 16.098909378051758 ], [ 78.559127807617472, 16.05637168884283 ], [ 78.405662536621264, 16.080949783325138 ], [ 78.316207885742358, 16.02915191650402 ], [ 78.256668090820312, 16.03129959106451 ], [ 78.237968444824219, 15.929051399230957 ], [ 78.180030822754077, 15.900449752807617 ], [ 78.164672851562784, 15.848990440368652 ], [ 78.109580993652628, 15.827180862426985 ], [ 78.063667297363452, 15.844561576843489 ], [ 78.03629302978527, 15.902091026306209 ], [ 78.001869201660327, 15.85923004150402 ], [ 77.887680053710994, 15.895921707153263 ], [ 77.799186706543026, 15.865320205688704 ], [ 77.658943176269702, 15.876520156860352 ], [ 77.606376647949332, 15.911729812622184 ], [ 77.509452819824276, 15.920860290527287 ] ] ] } },
{ "type": "Feature", "properties": { "ID_0": 105, "ISO": "IND", "NAME_0": "India", "ID_1": 2, "NAME_1": "Andhra Pradesh" }, "geometry": { "type": "MultiPolygon", "coordinates": [ [ [ [ 80.275695800781307, 13.455131530761776 ], [ 80.284858703613338, 13.452640533447379 ], [ 80.286247253418253, 13.448472023010311 ], [ 80.275695800781307, 13.455131530761776 ] ] ], [ [ [ 80.224029541015739, 13.491811752319279 ], [ 80.227081298828239, 13.490693092346305 ], [ 80.224029541015739, 13.490140914916992 ], [ 80.224029541015739, 13.491811752319279 ] ] ], [ [ [ 80.229583740234659, 13.493471145629883 ], [ 80.234863281250057, 13.492080688476562 ], [ 80.230415344238452, 13.490693092346305 ], [ 80.229583740234659, 13.493471145629883 ] ] ], [ [ [ 80.264305114746378, 13.51624870300293 ], [ 80.267906188965128, 13.510418891906795 ], [ 80.265975952148494, 13.499579429626522 ], [ 80.264305114746378, 13.51624870300293 ] ] ], [ [ [ 80.188468933105639, 13.515140533447493 ], [ 80.195419311523722, 13.518193244934309 ], [ 80.197082519531307, 13.512921333313102 ], [ 80.188468933105639, 13.515140533447493 ] ] ], [ [ [ 80.179862976074389, 13.534030914306697 ], [ 80.183746337890682, 13.532641410827864 ], [ 80.179862976074389, 13.533481597900675 ], [ 80.179862976074389, 13.534030914306697 ] ] ], [ [ [ 80.052360534668082, 13.588191986084212 ], [ 80.055969238281307, 13.588752746581974 ], [ 80.056808471679631, 13.58680629730236 ], [ 80.052360534668082, 13.588191986084212 ] ] ], [ [ [ 80.139030456542969, 13.607078552246094 ], [ 80.167640686035156, 13.589859962463436 ], [ 80.141807556152401, 13.544860839843864 ], [ 80.126525878906307, 13.584859848022575 ], [ 80.158195495605526, 13.590972900390682 ], [ 80.120414733886776, 13.605693817138672 ], [ 80.139030456542969, 13.607078552246094 ] ] ], [ [ [ 80.093193054199503, 13.639860153198242 ], [ 80.096260070801065, 13.637359619140739 ], [ 80.091529846191406, 13.636249542236555 ], [ 80.093193054199503, 13.639860153198242 ] ] ], [ [ [ 80.100135803222827, 13.639310836791992 ], [ 80.108192443847713, 13.646804809570312 ], [ 80.101249694824162, 13.63680553436302 ], [ 80.100135803222827, 13.639310836791992 ] ] ], [ [ [ 80.102081298828182, 13.676810264587516 ], [ 80.106246948242358, 13.676810264587516 ], [ 80.10430908203125, 13.668193817138615 ], [ 80.102081298828182, 13.676810264587516 ] ] ], [ [ [ 80.059303283691577, 15.199028015136776 ], [ 80.062362670898608, 15.197640419006518 ], [ 80.062362670898608, 15.197079658508358 ], [ 80.059303283691577, 15.199028015136776 ] ] ], [ [ [ 80.209030151367358, 15.500420570373763 ], [ 80.211807250976619, 15.499311447143725 ], [ 80.209587097167912, 15.499031066894531 ], [ 80.209030151367358, 15.500420570373763 ] ] ], [ [ [ 81.020141601562557, 15.757916450500431 ], [ 81.029029846191577, 15.763190269470442 ], [ 81.023750305175838, 15.757916450500431 ], [ 81.020141601562557, 15.757916450500431 ] ] ], [ [ [ 80.789306640625057, 15.824304580688533 ], [ 80.790969848632983, 15.831249237060604 ], [ 80.791519165039006, 15.824030876159782 ], [ 80.789306640625057, 15.824304580688533 ] ] ], [ [ [ 80.786247253418026, 15.841529846191349 ], [ 80.790412902832202, 15.841811180114803 ], [ 80.788749694824276, 15.837639808655013 ], [ 80.786247253418026, 15.841529846191349 ] ] ], [ [ [ 80.783752441406421, 15.852083206176928 ], [ 80.787918090820483, 15.854582786560115 ], [ 80.787635803222713, 15.84486007690424 ], [ 80.783752441406421, 15.852083206176928 ] ] ], [ [ [ 80.771797180175838, 15.85597133636486 ], [ 80.780136108398438, 15.84791564941429 ], [ 80.780418395996378, 15.843471527099894 ], [ 80.771797180175838, 15.85597133636486 ] ] ], [ [ [ 81.536529541015568, 16.354860305786303 ], [ 81.546806335449503, 16.349029541015739 ], [ 81.513191223144588, 16.350139617920092 ], [ 81.520416259765682, 16.354583740234489 ], [ 81.528472900390909, 16.35069465637207 ], [ 81.533470153808537, 16.351804733276424 ], [ 81.536529541015568, 16.354860305786303 ] ] ], [ [ [ 81.532356262207202, 16.355421066284407 ], [ 81.533470153808537, 16.3523597717288 ], [ 81.531517028808878, 16.352640151977596 ], [ 81.532356262207202, 16.355421066284407 ] ] ], [ [ [ 82.315414428710994, 16.575973510742244 ], [ 82.317085266113338, 16.574029922485352 ], [ 82.31485748291027, 16.573749542236385 ], [ 82.315414428710994, 16.575973510742244 ] ] ], [ [ [ 82.260696411133097, 16.675970077514648 ], [ 82.263473510742358, 16.674861907959041 ], [ 82.262641906738565, 16.669580459594727 ], [ 82.260696411133097, 16.675970077514648 ] ] ], [ [ [ 82.299438476562784, 16.71412849426298 ], [ 82.299575805664119, 16.714031219482365 ], [ 82.299385070800838, 16.714029312133789 ], [ 82.299438476562784, 16.71412849426298 ] ] ], [ [ [ 82.301528930664347, 16.714031219482365 ], [ 82.307083129883097, 16.71291732788103 ], [ 82.300140380859432, 16.711250305175895 ], [ 82.301528930664347, 16.714031219482365 ] ] ], [ [ [ 82.309860229492244, 16.72125244140625 ], [ 82.31402587890625, 16.719579696655387 ], [ 82.309860229492244, 16.718748092651595 ], [ 82.309860229492244, 16.72125244140625 ] ] ], [ [ [ 82.333747863769815, 16.725139617919922 ], [ 82.331253051757869, 16.726249694824446 ], [ 82.332351684570369, 16.728200912475529 ], [ 82.333747863769815, 16.725139617919922 ] ] ], [ [ [ 82.332077026367131, 16.724861145019531 ], [ 82.336250305176065, 16.691249847412337 ], [ 82.339859008789347, 16.71820068359375 ], [ 82.358749389648722, 16.712080001831112 ], [ 82.357917785644588, 16.727640151977766 ], [ 82.368186950683764, 16.722919464111555 ], [ 82.318473815918026, 16.628751754760799 ], [ 82.309585571289062, 16.651250839233626 ], [ 82.319313049316406, 16.620700836181697 ], [ 82.310691833496378, 16.602359771728572 ], [ 82.283752441406307, 16.642641067504996 ], [ 82.257072448730753, 16.651250839233626 ], [ 82.265975952148494, 16.671529769897575 ], [ 82.258750915527401, 16.690111160278434 ], [ 82.310417175293026, 16.701250076293945 ], [ 82.332077026367131, 16.724861145019531 ] ] ], [ [ [ 83.171249389648494, 17.568750381469954 ], [ 83.172363281250057, 17.566801071167049 ], [ 83.17069244384794, 17.565969467163086 ], [ 83.171249389648494, 17.568750381469954 ] ] ], [ [ [ 83.303749084472656, 17.684030532837028 ], [ 83.305419921875171, 17.683195114135856 ], [ 83.302917480468693, 17.682640075683878 ], [ 83.303749084472656, 17.684030532837028 ] ] ], [ [ [ 83.311248779296932, 17.684860229492415 ], [ 83.304031372070597, 17.680694580078352 ], [ 83.297920227051065, 17.679307937622013 ], [ 83.311248779296932, 17.684860229492415 ] ] ], [ [ [ 83.270141601562671, 17.710140228271712 ], [ 83.268753051758097, 17.708194732666016 ], [ 83.268470764160213, 17.709861755371151 ], [ 83.270141601562671, 17.710140228271712 ] ] ], [ [ [ 82.299514770507983, 16.714332580566349 ], [ 82.293701171875284, 16.743040084838981 ], [ 82.280700683593807, 16.722749710083121 ], [ 82.220420837402401, 16.718309402465877 ], [ 82.217681884765796, 16.751689910888899 ], [ 82.174636840820369, 16.72510910034174 ], [ 82.258468627929688, 16.689861297607422 ], [ 82.256530761719034, 16.64263916015625 ], [ 82.292358398437784, 16.608749389648494 ], [ 82.265975952148494, 16.597639083862362 ], [ 82.259864807128963, 16.586805343627987 ], [ 82.299575805664119, 16.591810226440543 ], [ 82.267913818359432, 16.564027786255167 ], [ 82.305969238281421, 16.574581146240348 ], [ 82.309860229492244, 16.56764030456543 ], [ 81.944580078125057, 16.395139694213981 ], [ 81.720413208007812, 16.310140609741211 ], [ 81.540969848632983, 16.359031677246094 ], [ 81.405418395996151, 16.343748092651367 ], [ 81.382919311523494, 16.361810684204329 ], [ 81.365135192871151, 16.359859466552905 ], [ 81.345703125000057, 16.33069038391136 ], [ 81.379859924316463, 16.359859466552905 ], [ 81.392639160156307, 16.342082977295036 ], [ 81.265419006347713, 16.281251907348633 ], [ 81.230972290039006, 16.235139846801985 ], [ 81.140975952148608, 16.018194198608626 ], [ 81.145690917969034, 15.973750114441032 ], [ 81.004302978515682, 15.840419769287394 ], [ 81.012084960937557, 15.770138740539721 ], [ 80.966804504394474, 15.731805801391829 ], [ 80.822082519531421, 15.712916374206543 ], [ 80.797080993652514, 15.74431133270258 ], [ 80.780693054199389, 15.780420303344954 ], [ 80.813468933105639, 15.739582061767521 ], [ 80.805419921875284, 15.842639923095703 ], [ 80.774017333984546, 15.866251945495605 ], [ 80.686813354492188, 15.882640838623217 ], [ 80.537361145019588, 15.854861259460677 ], [ 80.430969238281364, 15.80570030212408 ], [ 80.270416259765909, 15.673195838928223 ], [ 80.20041656494169, 15.498193740845011 ], [ 80.200691223144588, 15.465415954590014 ], [ 80.098197937011662, 15.314305305480957 ], [ 80.079864501953409, 15.315973281860352 ], [ 80.099304199219034, 15.309860229492415 ], [ 80.088470458984318, 15.219309806823958 ], [ 80.078193664550952, 15.18902683258068 ], [ 80.045967102050952, 15.209308624267692 ], [ 80.060974121094034, 15.190415382385254 ], [ 80.081253051757983, 15.185971260071028 ], [ 80.047920227050838, 15.077349662780762 ], [ 80.088752746582088, 14.811532020568961 ], [ 80.080696105957202, 14.810141563415641 ], [ 80.068191528320426, 14.819581985473746 ], [ 80.062919616699219, 14.821249961852971 ], [ 80.059303283691406, 14.819860458374137 ], [ 80.081802368164062, 14.80764102935791 ], [ 80.093200683594034, 14.810141563415641 ], [ 80.129600524902401, 14.692070960998592 ], [ 80.135696411132869, 14.718750953674316 ], [ 80.199028015136776, 14.587082862853947 ], [ 80.172363281250284, 14.535140991211051 ], [ 80.169860839843864, 14.36069393157959 ], [ 80.122085571289233, 14.114583969116211 ], [ 80.244857788086222, 13.819583892822379 ], [ 80.236251831054972, 13.639860153198242 ], [ 80.315139770507869, 13.433751106262321 ], [ 80.287635803222827, 13.459312438964844 ], [ 80.264312744140909, 13.561249732971248 ], [ 80.144027709961108, 13.701526641845817 ], [ 80.147087097167969, 13.724310874939079 ], [ 80.129859924316349, 13.723751068115234 ], [ 80.138473510742358, 13.612915992737044 ], [ 80.108749389648438, 13.64208030700695 ], [ 80.125968933105526, 13.670420646667594 ], [ 80.106796264648438, 13.674031257629451 ], [ 80.111526489258097, 13.692640304565543 ], [ 80.106796264648438, 13.709309577941951 ], [ 80.100418090820369, 13.702082633972282 ], [ 80.103469848632869, 13.654310226440373 ], [ 80.079307556152287, 13.655970573425236 ], [ 80.094856262207088, 13.647360801696834 ], [ 80.050956726074219, 13.588191986084212 ], [ 80.115417480468921, 13.507640838623047 ], [ 80.262092590332202, 13.472920417785815 ], [ 80.26847076416044, 13.417362213134879 ], [ 80.277641296387003, 13.435694694519043 ], [ 80.312995910644702, 13.42791557312006 ], [ 80.312126159668026, 13.369380950927734 ], [ 80.275970458984375, 13.389142036438102 ], [ 80.230331420898722, 13.476849555969295 ], [ 80.152099609375057, 13.478879928588867 ], [ 80.069442749023608, 13.537590980529842 ], [ 80.007713317871151, 13.53237247467041 ], [ 79.990173339843807, 13.510090827941838 ], [ 80.036041259765796, 13.484479904175032 ], [ 80.005897521972656, 13.487771034240779 ], [ 79.995376586914347, 13.459450721740666 ], [ 79.961860656738452, 13.451279640197754 ], [ 79.963226318359432, 13.417910575866813 ], [ 79.932479858398608, 13.404371261596907 ], [ 79.953582763672159, 13.374111175537109 ], [ 79.925506591796932, 13.335940361022949 ], [ 79.779800415039176, 13.282070159912166 ], [ 79.754058837890739, 13.302789688110408 ], [ 79.72129058837919, 13.272239685058821 ], [ 79.784896850585994, 13.223480224609489 ], [ 79.744377136230412, 13.194911003112907 ], [ 79.722831726074162, 13.221851348877067 ], [ 79.688751220703125, 13.207409858703556 ], [ 79.668533325195312, 13.281930923461914 ], [ 79.580261230468807, 13.245370864868221 ], [ 79.535781860351562, 13.311070442199934 ], [ 79.428878784179972, 13.32356166839611 ], [ 79.374603271484546, 13.303039550781193 ], [ 79.425025939941463, 13.281340599060115 ], [ 79.410842895507983, 13.212162017822266 ], [ 79.445503234863224, 13.216771125793457 ], [ 79.423789978027514, 13.187460899353027 ], [ 79.347770690918026, 13.163019180297908 ], [ 79.354576110840014, 13.12977123260498 ], [ 79.307937622070597, 13.09691143035883 ], [ 79.267410278320483, 13.141201019287053 ], [ 79.218322753906534, 13.135551452636832 ], [ 79.152702331543253, 13.007292747497615 ], [ 79.069068908691463, 13.014150619506893 ], [ 78.979591369629077, 13.076510429382267 ], [ 78.914382934570369, 13.067761421203727 ], [ 78.893463134765739, 13.035092353820858 ], [ 78.917396545410327, 13.032549858093489 ], [ 78.924636840820483, 13.01864147186285 ], [ 78.881919860840014, 13.019762039184627 ], [ 78.876037597656307, 13.086159706115836 ], [ 78.746017456054801, 13.04540920257574 ], [ 78.702445983886889, 13.056151390075797 ], [ 78.693756103515739, 13.004391670227108 ], [ 78.651107788085938, 13.0179319381715 ], [ 78.613662719726847, 12.978890419006404 ], [ 78.646713256835938, 12.919019699096793 ], [ 78.62570953369169, 12.919181823730696 ], [ 78.581939697265682, 12.770771026611442 ], [ 78.545547485351619, 12.74391078948986 ], [ 78.547676086426065, 12.685590744018555 ], [ 78.524368286132869, 12.679690361023177 ], [ 78.526412963867188, 12.701230049133301 ], [ 78.48435211181669, 12.734781265258846 ], [ 78.509811401367358, 12.69878005981451 ], [ 78.493400573730639, 12.703470230102539 ], [ 78.488555908203409, 12.663342475891341 ], [ 78.457656860351847, 12.662249565124512 ], [ 78.454780578613565, 12.612019538879451 ], [ 78.368339538574276, 12.611840248107853 ], [ 78.264427185058878, 12.691840171814079 ], [ 78.189849853515909, 12.681309700012321 ], [ 78.228866577148438, 12.720202445984 ], [ 78.241096496582088, 12.847420692443848 ], [ 78.303100585937557, 12.847200393676871 ], [ 78.345428466796932, 12.928060531616211 ], [ 78.378341674804631, 12.895191192626953 ], [ 78.435829162597713, 12.900670051574821 ], [ 78.454238891601847, 12.853161811828727 ], [ 78.422653198242188, 12.968600273132324 ], [ 78.457901000976733, 12.963241577148665 ], [ 78.451576232910099, 13.031532287597884 ], [ 78.504577636719034, 13.052762031555176 ], [ 78.501922607422159, 13.081661224365348 ], [ 78.527961730957088, 13.097359657287825 ], [ 78.508750915527457, 13.119589805603027 ], [ 78.569076538085881, 13.156482696533203 ], [ 78.540946960449276, 13.187251091003475 ], [ 78.568679809570597, 13.204262733459416 ], [ 78.577468872070256, 13.262049674987907 ], [ 78.555656433105526, 13.299429893493652 ], [ 78.520797729492472, 13.255591392517147 ], [ 78.471748352050895, 13.307920455932731 ], [ 78.366996765136776, 13.320039749145621 ], [ 78.39737701416044, 13.332331657409668 ], [ 78.355155944824276, 13.355071067810002 ], [ 78.390762329101733, 13.57810020446783 ], [ 78.227691650390796, 13.587221145629996 ], [ 78.183273315429858, 13.556380271911678 ], [ 78.193939208984546, 13.616159439086971 ], [ 78.160537719726562, 13.623430252075423 ], [ 78.15576171875, 13.648710250854549 ], [ 78.080726623535213, 13.635340690612907 ], [ 78.058341979980639, 13.666970252990666 ], [ 78.064056396484546, 13.688179969787598 ], [ 78.105377197265909, 13.684400558471793 ], [ 78.084922790527401, 13.733491897583065 ], [ 78.118232727050952, 13.776900291443098 ], [ 78.106040954589901, 13.853541374206657 ], [ 78.041152954101733, 13.886729240417594 ], [ 78.037826538086051, 13.852849960327262 ], [ 77.985160827636776, 13.861669540405273 ], [ 77.965782165527287, 13.820159912109375 ], [ 77.944580078125284, 13.81997108459467 ], [ 77.942466735840128, 13.880230903625716 ], [ 77.978027343750171, 13.893349647522086 ], [ 77.97857666015625, 13.947650909423828 ], [ 77.911605834960881, 13.89724063873291 ], [ 77.886985778808878, 13.931181907653865 ], [ 77.818290710449332, 13.934881210327092 ], [ 77.806358337402514, 13.908640861511344 ], [ 77.827720642090014, 13.86061954498291 ], [ 77.776039123535327, 13.835910797119141 ], [ 77.778488159179688, 13.812891960144157 ], [ 77.712860107421818, 13.790519714355582 ], [ 77.708747863769588, 13.732739448547363 ], [ 77.695526123046875, 13.761431694030705 ], [ 77.663711547851733, 13.752260208129826 ], [ 77.670227050781307, 13.777499198913574 ], [ 77.649085998535213, 13.775839805602971 ], [ 77.610466003418139, 13.755439758300895 ], [ 77.62851715087919, 13.729941368103027 ], [ 77.595596313476733, 13.743578910827637 ], [ 77.556076049804631, 13.716460227966365 ], [ 77.519668579101562, 13.743849754333496 ], [ 77.52152252197294, 13.687870025634766 ], [ 77.487342834472713, 13.706791877746582 ], [ 77.482940673828182, 13.679701805114689 ], [ 77.449752807617244, 13.675790786743164 ], [ 77.457450866699503, 13.797050476074219 ], [ 77.408660888671875, 13.799251556396484 ], [ 77.424530029297046, 13.835129737854061 ], [ 77.359466552734546, 13.845670700073242 ], [ 77.320007324218921, 13.825751304626522 ], [ 77.306930541992301, 13.857239723205794 ], [ 77.250442504882869, 13.839470863342285 ], [ 77.233840942382869, 13.894931793213004 ], [ 77.211509704589901, 13.861418724060115 ], [ 77.204940795898381, 13.881160736084212 ], [ 77.178802490234318, 13.859840393066406 ], [ 77.177032470703239, 13.917400360107649 ], [ 77.155937194824219, 13.899811744690055 ], [ 77.162490844726619, 13.856980323791504 ], [ 77.123886108398438, 13.849390029907227 ], [ 77.162246704101733, 13.820740699768066 ], [ 77.166580200195597, 13.754669189453239 ], [ 77.095268249511662, 13.760880470275879 ], [ 77.060043334960938, 13.738861083984318 ], [ 77.026367187500284, 13.771441459655819 ], [ 77.011421203613338, 13.732721328735579 ], [ 76.99259185791027, 13.742550849914664 ], [ 76.968391418457315, 13.814390182495117 ], [ 77.017280578613452, 13.893370628356934 ], [ 77.041282653808537, 13.89739990234375 ], [ 77.035842895507869, 13.925591468811149 ], [ 76.931098937988452, 14.022731781005973 ], [ 76.975006103515682, 14.06527042388916 ], [ 76.92697906494152, 14.12720966339117 ], [ 76.883682250976676, 14.131031990051326 ], [ 76.891426086425952, 14.158999443054199 ], [ 76.936981201172046, 14.165891647338867 ], [ 76.941642761230526, 14.189311981201172 ], [ 77.019828796386776, 14.172701835632324 ], [ 77.023696899414347, 14.05325889587408 ], [ 77.121101379394588, 14.042180061340389 ], [ 77.147338867187443, 13.991621971130371 ], [ 77.313491821289233, 14.024820327758732 ], [ 77.353782653808651, 13.982320785522518 ], [ 77.348342895508097, 13.896540641784668 ], [ 77.390419006347713, 13.897689819336051 ], [ 77.391860961914006, 13.879890441894588 ], [ 77.425628662109375, 13.902051925659293 ], [ 77.407707214355469, 13.936100006103572 ], [ 77.430641174316406, 13.968779563904036 ], [ 77.375656127929688, 13.969111442566032 ], [ 77.383361816406307, 14.007358551025391 ], [ 77.326187133789176, 14.022939682006893 ], [ 77.395446777344034, 14.10344123840332 ], [ 77.389739990234659, 14.118570327759016 ], [ 77.344535827637003, 14.096011161804199 ], [ 77.347732543945369, 14.12434101104742 ], [ 77.376686096191463, 14.129600524902401 ], [ 77.389717102051065, 14.165260314941634 ], [ 77.500442504882983, 14.150960922241325 ], [ 77.510353088379077, 14.172019958496037 ], [ 77.496261596679744, 14.271751403808707 ], [ 77.443626403808651, 14.27755069732666 ], [ 77.442337036132869, 14.309750556945858 ], [ 77.394889831543253, 14.329159736633301 ], [ 77.375007629394588, 14.295188903808707 ], [ 77.415702819824162, 14.21196174621582 ], [ 77.391220092773494, 14.190881729126033 ], [ 77.355407714844034, 14.230039596557674 ], [ 77.359260559082031, 14.269330024719466 ], [ 77.279586791992244, 14.276089668273869 ], [ 77.281143188476619, 14.331110954284782 ], [ 77.231956481933651, 14.311070442199764 ], [ 77.135536193847827, 14.334012031555233 ], [ 77.095222473144815, 14.209480285644588 ], [ 77.049629211425895, 14.239542007446403 ], [ 76.943466186523608, 14.236310005188045 ], [ 76.924858093261776, 14.27218055725109 ], [ 76.950111389160099, 14.294029235839901 ], [ 76.879096984863338, 14.346389770507812 ], [ 76.883140563965128, 14.390291213989258 ], [ 76.913101196289347, 14.413552284240723 ], [ 76.941566467285327, 14.399541854858398 ], [ 76.943786621094034, 14.445101737976074 ], [ 76.973396301269531, 14.478281021118221 ], [ 76.870201110839787, 14.468440055847282 ], [ 76.799728393554744, 14.527731895446777 ], [ 76.760910034179631, 14.596281051635799 ], [ 76.79807281494169, 14.734590530395508 ], [ 76.780349731445597, 14.779261589050293 ], [ 76.848739624023494, 14.80403137207054 ], [ 76.843772888183651, 14.886420249939022 ], [ 76.865478515625171, 14.937600135803336 ], [ 76.864456176758097, 14.964019775390625 ], [ 76.827896118164233, 14.951009750366268 ], [ 76.763771057128849, 14.969869613647461 ], [ 76.784576416015625, 15.016670227050838 ], [ 76.774223327637003, 15.071380615234375 ], [ 76.796936035156534, 15.09076023101818 ], [ 76.876701354980469, 15.028678894042969 ], [ 76.981781005859318, 15.010360717773438 ], [ 77.046882629394531, 15.02921199798584 ], [ 77.041007995605526, 15.005481719970703 ], [ 77.078819274902628, 15.000009536743278 ], [ 77.154037475586108, 15.120520591735783 ], [ 77.132080078124943, 15.142681121826399 ], [ 77.157707214355526, 15.148950576782283 ], [ 77.158157348632926, 15.193819999694938 ], [ 77.120903015136776, 15.22124099731451 ], [ 77.164146423340014, 15.259070396423397 ], [ 77.115417480468807, 15.289850234985408 ], [ 77.109687805175838, 15.327281951904354 ], [ 77.061576843261776, 15.321860313415584 ], [ 77.027397155761889, 15.435180664062557 ], [ 76.970390319824389, 15.490921974182243 ], [ 77.026596069335881, 15.499990463256893 ], [ 77.029281616210938, 15.63383865356451 ], [ 77.081436157226619, 15.652840614318904 ], [ 77.120925903320369, 15.637201309204329 ], [ 77.076271057128963, 15.721410751343001 ], [ 77.043228149414233, 15.734481811523551 ], [ 77.063888549804744, 15.823169708251953 ], [ 77.022270202636889, 15.831780433654899 ], [ 77.076797485351733, 15.909740447998047 ], [ 77.248916625976619, 15.957740783691406 ], [ 77.799186706543026, 15.865320205688704 ], [ 77.887680053710994, 15.895921707153263 ], [ 78.001869201660327, 15.85923004150402 ], [ 78.028793334960994, 15.902690887451172 ], [ 78.063667297363452, 15.844561576843489 ], [ 78.109580993652628, 15.827180862426985 ], [ 78.164672851562784, 15.848990440368652 ], [ 78.180030822754077, 15.900449752807617 ], [ 78.237968444824219, 15.929051399230957 ], [ 78.256668090820312, 16.03129959106451 ], [ 78.316207885742358, 16.02915191650402 ], [ 78.405662536621264, 16.080949783325138 ], [ 78.559127807617472, 16.05637168884283 ], [ 78.617012023925781, 16.098909378051758 ], [ 78.713668823242188, 16.026660919189453 ], [ 78.775047302246378, 16.023609161376953 ], [ 78.836502075195312, 16.087377548217773 ], [ 78.837837219238281, 16.156738281250057 ], [ 78.862937927246207, 16.153089523315543 ], [ 78.872673034668082, 16.110170364379883 ], [ 78.910476684570597, 16.105222702026481 ], [ 78.905456542968807, 16.181869506835994 ], [ 78.925498962402457, 16.202339172363395 ], [ 79.030937194824276, 16.245742797851562 ], [ 79.176582336425781, 16.21713066101097 ], [ 79.218688964844034, 16.239641189575138 ], [ 79.225273132324276, 16.508220672607536 ], [ 79.266113281250057, 16.561470031738338 ], [ 79.426589965820597, 16.582521438598746 ], [ 79.497177124023722, 16.630510330200195 ], [ 79.648033142090128, 16.662000656128043 ], [ 79.774902343749943, 16.729520797729606 ], [ 79.810256958007869, 16.690490722656193 ], [ 79.861839294433878, 16.698221206665039 ], [ 79.90207672119169, 16.637849807739371 ], [ 79.958152770996378, 16.642049789428711 ], [ 80.047897338867358, 16.745151519775391 ], [ 80.069671630859432, 16.813608169555664 ], [ 79.991676330566463, 16.863250732421989 ], [ 80.009552001953296, 16.907260894775334 ], [ 80.045883178711051, 16.965299606323242 ], [ 80.133857727050724, 16.985359191894474 ], [ 80.18212890625, 17.044940948486442 ], [ 80.201255798339844, 17.013139724731502 ], [ 80.262176513671989, 17.010629653930664 ], [ 80.301376342773608, 16.955860137939567 ], [ 80.319221496582315, 16.870941162109375 ], [ 80.358627319335994, 16.854909896850586 ], [ 80.372932434082088, 16.811100006103629 ], [ 80.399711608887003, 16.849739074706974 ], [ 80.456398010253849, 16.790029525756836 ], [ 80.562812805176065, 16.762830734253157 ], [ 80.604103088378963, 16.787759780883903 ], [ 80.554580688476847, 16.824789047241268 ], [ 80.564971923828296, 16.869039535522518 ], [ 80.586746215820369, 16.87393951416027 ], [ 80.584190368652287, 16.926519393921012 ], [ 80.491302490234318, 16.94818115234375 ], [ 80.487815856933707, 16.917440414428711 ], [ 80.358245849609432, 16.970630645751953 ], [ 80.388717651367358, 17.014060974121151 ], [ 80.366996765136889, 17.056568145752067 ], [ 80.395088195800838, 17.077568054199276 ], [ 80.446243286133097, 17.017021179199162 ], [ 80.482200622558764, 17.050270080566406 ], [ 80.496116638183764, 17.107860565185661 ], [ 80.560173034667969, 17.138029098510799 ], [ 80.656646728515909, 17.087762832641658 ], [ 80.639602661132869, 17.055120468139592 ], [ 80.725730895996094, 17.064609527587834 ], [ 80.832466125488395, 17.02571105957054 ], [ 80.858848571777287, 17.050851821899414 ], [ 80.870307922363281, 17.146301269531364 ], [ 80.913307189941463, 17.145950317382756 ], [ 80.905349731445597, 17.201290130615291 ], [ 80.991256713867358, 17.179702758789176 ], [ 81.046546936035156, 17.213817596435547 ], [ 81.162788391113338, 17.23258018493658 ], [ 81.181541442871378, 17.32222938537609 ], [ 81.267166137695597, 17.319999694824276 ], [ 81.324699401855526, 17.390649795532283 ], [ 81.371803283691463, 17.357168197631893 ], [ 81.415649414062671, 17.361629486083984 ], [ 81.493415832519474, 17.448820114135742 ], [ 81.52371978759794, 17.569709777832088 ], [ 81.502929687500284, 17.58987998962408 ], [ 81.576622009277514, 17.726091384887695 ], [ 81.782356262207315, 17.831951141357422 ], [ 81.792770385742244, 17.852521896362362 ], [ 81.758293151855582, 17.893360137939396 ], [ 81.801040649414347, 17.936080932617415 ], [ 81.951766967773438, 17.992099761963004 ], [ 82.024658203125171, 18.057880401611385 ], [ 82.160346984863338, 18.043598175048942 ], [ 82.177406311035156, 18.010570526123274 ], [ 82.241706848144702, 17.979761123657227 ], [ 82.267250061035156, 17.98644065856945 ], [ 82.266952514648494, 18.048271179199332 ], [ 82.336349487304744, 18.047260284423942 ], [ 82.333366394043082, 18.142379760742188 ], [ 82.357566833496151, 18.125101089477539 ], [ 82.365158081054744, 18.139669418334961 ], [ 82.306098937988565, 18.195659637451115 ], [ 82.332817077637003, 18.215789794921818 ], [ 82.336898803711108, 18.266241073608512 ], [ 82.393013000488338, 18.306440353393782 ], [ 82.334442138671932, 18.317132949829102 ], [ 82.384429931640682, 18.369110107421989 ], [ 82.361289978027514, 18.40991020202631 ], [ 82.474006652832031, 18.536832809448299 ], [ 82.499153137207315, 18.501750946045036 ], [ 82.523132324218807, 18.503929138183651 ], [ 82.530151367187557, 18.434310913085994 ], [ 82.553771972656421, 18.437650680542049 ], [ 82.535156250000114, 18.389560699463118 ], [ 82.600509643554688, 18.368709564208984 ], [ 82.580741882324332, 18.270099639892578 ], [ 82.631652832031307, 18.228530883789176 ], [ 82.658836364746264, 18.286609649658317 ], [ 82.767051696777401, 18.331079483032227 ], [ 82.793296813964844, 18.394969940185661 ], [ 82.776222229003963, 18.41969108581543 ], [ 82.79917144775419, 18.439401626586914 ], [ 82.884613037109659, 18.412759780883846 ], [ 82.90274810791044, 18.355911254882869 ], [ 83.056198120117244, 18.377260208129883 ], [ 83.059829711914119, 18.428632736206055 ], [ 83.037437438964844, 18.418949127197322 ], [ 83.015411376953182, 18.444429397583065 ], [ 83.089332580566577, 18.537910461425895 ], [ 83.032478332519531, 18.547889709472656 ], [ 83.053947448730526, 18.586469650268612 ], [ 83.008041381835881, 18.588420867919922 ], [ 83.009681701660213, 18.636529922485408 ], [ 83.050971984863281, 18.654159545898438 ], [ 83.132957458496378, 18.772449493408146 ], [ 83.201705932617188, 18.742229461670149 ], [ 83.205062866211222, 18.715860366821516 ], [ 83.219390869140625, 18.765819549560547 ], [ 83.266098022461222, 18.7570095062257 ], [ 83.279502868652514, 18.789600372314567 ], [ 83.356292724609659, 18.800119400024414 ], [ 83.358879089355526, 18.832000732421989 ], [ 83.396301269531307, 18.830709457397461 ], [ 83.411338806152401, 18.859340667724837 ], [ 83.346611022949219, 18.926870346069336 ], [ 83.380226135254077, 18.923282623291129 ], [ 83.345756530761776, 18.957099914550838 ], [ 83.329010009765909, 18.91690826416027 ], [ 83.305267333984546, 18.989681243896598 ], [ 83.346336364746151, 19.009889602661133 ], [ 83.408851623535213, 18.996191024780387 ], [ 83.45548248291044, 18.945579528808594 ], [ 83.448516845703125, 18.999631881713981 ], [ 83.477966308593864, 19.021190643310547 ], [ 83.459396362304744, 19.069671630859489 ], [ 83.505386352539119, 19.06477165222168 ], [ 83.513671875000284, 19.024780273437557 ], [ 83.495399475097827, 19.011091232299918 ], [ 83.531387329101847, 19.00542068481451 ], [ 83.546432495117301, 19.073829650878963 ], [ 83.578765869140796, 19.049789428711165 ], [ 83.623283386230526, 19.153631210327148 ], [ 83.697021484375171, 19.016479492187614 ], [ 83.723251342773551, 19.011899948120117 ], [ 83.705741882324503, 18.985240936279354 ], [ 83.745826721191406, 18.918172836303825 ], [ 83.780067443847713, 18.907720565795842 ], [ 83.739562988281421, 18.97844123840332 ], [ 83.78830718994169, 19.007810592651481 ], [ 83.87017822265625, 18.818429946899414 ], [ 84.027061462402401, 18.802200317382869 ], [ 84.081779479980526, 18.744640350341797 ], [ 84.21671295166044, 18.787281036377067 ], [ 84.312492370605469, 18.779190063476676 ], [ 84.344100952148722, 18.8119411468507 ], [ 84.336021423339901, 18.866710662841797 ], [ 84.362411499023722, 18.851060867309627 ], [ 84.351448059082202, 18.883199691772518 ], [ 84.387626647949162, 18.877668380737362 ], [ 84.365318298339787, 18.896259307861328 ], [ 84.397827148437557, 18.88611984252924 ], [ 84.429389953613565, 18.913682937622184 ], [ 84.415596008300838, 18.9380397796632 ], [ 84.440643310547159, 18.966930389404354 ], [ 84.415130615234546, 19.013860702514705 ], [ 84.471656799316463, 18.981220245361555 ], [ 84.489387512207088, 19.020950317382812 ], [ 84.56613922119169, 19.065038681030387 ], [ 84.590118408203182, 19.013380050659293 ], [ 84.612716674804688, 19.054830551147461 ], [ 84.664588928222656, 19.066291809082031 ], [ 84.619827270507869, 19.076509475708065 ], [ 84.591842651367244, 19.123840332031364 ], [ 84.661170959472827, 19.121860504150504 ], [ 84.665016174316577, 19.156730651855469 ], [ 84.705223083496094, 19.149009704589957 ], [ 84.69754791259794, 19.108818054199162 ], [ 84.761016845703182, 19.071311950683651 ], [ 84.746246337890796, 19.048471450805721 ], [ 84.582641601562557, 18.876251220703239 ], [ 84.553466796875057, 18.791809082031193 ], [ 84.465698242187671, 18.712921142578182 ], [ 84.440696716308764, 18.664030075073242 ], [ 84.377639770507869, 18.605970382690543 ], [ 84.354858398437671, 18.56430625915533 ], [ 84.344306945801065, 18.561531066894588 ], [ 84.340698242187784, 18.557083129882812 ], [ 84.339027404785327, 18.550693511962891 ], [ 84.355697631835994, 18.563194274902401 ], [ 84.356246948242244, 18.556804656982479 ], [ 84.125686645507869, 18.351530075073356 ], [ 84.124580383301065, 18.309305191039982 ], [ 83.713470458984432, 18.110694885253849 ], [ 83.572639465332031, 18.018194198608398 ], [ 83.529586791992244, 17.949306488037109 ], [ 83.460418701171989, 17.904582977295036 ], [ 83.459587097168026, 17.920141220092773 ], [ 83.457359313964957, 17.920694351196346 ], [ 83.344306945800724, 17.724861145019702 ], [ 83.306526184082315, 17.688190460205078 ], [ 83.282356262207202, 17.689310073852596 ], [ 83.272636413574389, 17.711811065673828 ], [ 83.263473510742358, 17.710971832275504 ], [ 83.282356262207202, 17.687641143798885 ], [ 83.298187255859546, 17.686531066894531 ], [ 83.295417785644588, 17.675138473510799 ], [ 83.213470458984318, 17.590972900390625 ], [ 82.607635498046989, 17.296249389648381 ], [ 82.368461608886832, 17.11874961853033 ], [ 82.249031066894588, 16.930419921874943 ], [ 82.256248474121151, 16.886528015136832 ], [ 82.31180572509777, 16.8401393890382 ], [ 82.354309082031307, 16.851528167724723 ], [ 82.359306335449503, 16.944311141967717 ], [ 82.324302673340014, 16.988750457763672 ], [ 82.357917785644588, 16.963752746582315 ], [ 82.365692138672046, 16.902080535888786 ], [ 82.342918395996378, 16.73791694641136 ], [ 82.31180572509777, 16.733472824096737 ], [ 82.299514770507983, 16.714332580566349 ] ] ] ] } },
{ "type": "Feature", "properties": { "ID_0": 105, "ISO": "IND", "NAME_0": "India", "ID_1": 3, "NAME_1": "Arunachal Pradesh" }, "geometry": { "type": "Polygon", "coordinates": [ [ [ 96.157775878906307, 29.383100509643555 ], [ 96.183082580566577, 29.309251785278377 ], [ 96.243568420410327, 29.235122680664006 ], [ 96.292999267578182, 29.235788345337085 ], [ 96.363151550293139, 29.285631179809798 ], [ 96.392807006836051, 29.256500244140625 ], [ 96.346359252929858, 29.171030044555778 ], [ 96.260200500488338, 29.160160064697493 ], [ 96.185623168945369, 29.094619750976619 ], [ 96.114501953125057, 29.077602386474666 ], [ 96.184852600097713, 28.988119125366381 ], [ 96.145248413086222, 28.937488555908203 ], [ 96.166526794433594, 28.905929565429688 ], [ 96.248298645019531, 28.942840576171932 ], [ 96.346702575683537, 29.032268524169865 ], [ 96.435791015625, 29.037588119506893 ], [ 96.525199890137003, 29.079280853271541 ], [ 96.477401733398608, 28.994039535522461 ], [ 96.487525939941577, 28.965339660644759 ], [ 96.518829345703182, 28.970989227295036 ], [ 96.537452697753906, 28.88412094116228 ], [ 96.615997314453409, 28.778579711914119 ], [ 96.585937500000171, 28.721588134765682 ], [ 96.472740173340128, 28.688209533691463 ], [ 96.494056701660213, 28.638191223144588 ], [ 96.428070068359432, 28.587141036987248 ], [ 96.400917053222827, 28.594310760498161 ], [ 96.406608581542969, 28.564041137695369 ], [ 96.325675964355582, 28.534009933471737 ], [ 96.372962951660213, 28.487039566040096 ], [ 96.263771057129077, 28.413379669189453 ], [ 96.319877624511719, 28.386159896850756 ], [ 96.370941162109375, 28.394300460815543 ], [ 96.399406433105639, 28.344499588012695 ], [ 96.458267211914347, 28.419221878051758 ], [ 96.510261535644588, 28.418308258056641 ], [ 96.579589843749943, 28.463092803955192 ], [ 96.664566040039119, 28.465770721435831 ], [ 96.751052856445597, 28.421712875366268 ], [ 96.774375915527514, 28.374071121215877 ], [ 96.898666381836222, 28.385900497436808 ], [ 96.925903320312557, 28.345029830932674 ], [ 96.99649810791044, 28.316230773925838 ], [ 97.092567443847713, 28.36969184875494 ], [ 97.173919677734318, 28.299060821533317 ], [ 97.282066345214787, 28.276260375976676 ], [ 97.400566101074389, 28.200500488281307 ], [ 97.330802917480526, 28.162971496582145 ], [ 97.339012145996151, 28.119541168212947 ], [ 97.307746887207088, 28.077100753784464 ], [ 97.373519897460994, 28.070238113403377 ], [ 97.377067565917969, 28.039091110229549 ], [ 97.415161132812784, 28.024080276489315 ], [ 97.378067016601733, 27.986150741577148 ], [ 97.389022827148551, 27.89637947082548 ], [ 97.321166992187443, 27.889511108398438 ], [ 97.308708190918026, 27.929960250854549 ], [ 97.256477355957315, 27.909530639648438 ], [ 97.102462768554688, 27.793420791625977 ], [ 97.096420288085994, 27.749929428100813 ], [ 97.028572082519815, 27.749120712280273 ], [ 96.978302001953182, 27.671873092651367 ], [ 96.942321777343864, 27.667449951172159 ], [ 96.897583007812671, 27.620801925659407 ], [ 96.937683105468807, 27.530059814453352 ], [ 96.911849975585881, 27.462709426879883 ], [ 97.167205810547159, 27.155479431152457 ], [ 97.146430969238565, 27.102840423583984 ], [ 97.062683105469034, 27.111160278320312 ], [ 96.98465728759777, 27.166709899902571 ], [ 96.866226196289347, 27.199689865112418 ], [ 96.888778686523381, 27.263599395751953 ], [ 96.802360534668253, 27.354431152343864 ], [ 96.712547302246094, 27.380729675293026 ], [ 96.620483398437557, 27.372819900512809 ], [ 96.522331237793253, 27.293970108032454 ], [ 96.470748901367188, 27.312461853027457 ], [ 96.347717285156421, 27.288391113281477 ], [ 96.310836791992472, 27.302040100097656 ], [ 96.099021911621151, 27.231409072876204 ], [ 96.036430358886889, 27.196050643920955 ], [ 95.945968627929631, 27.059709548950195 ], [ 95.87713623046875, 27.020498275757006 ], [ 95.807937622070483, 27.020450592041186 ], [ 95.73081207275419, 26.887491226196346 ], [ 95.673362731933707, 26.910221099853516 ], [ 95.611518859863338, 26.821212768554688 ], [ 95.532775878906307, 26.831209182739258 ], [ 95.423309326171989, 26.696712493896598 ], [ 95.302581787109659, 26.656021118164062 ], [ 95.237632751465014, 26.686290740966797 ], [ 95.216140747070369, 26.735319137573242 ], [ 95.244918823242244, 26.787330627441634 ], [ 95.215118408203296, 26.798379898071289 ], [ 95.208602905273438, 26.850719451904354 ], [ 95.184501647949332, 26.864830017089957 ], [ 95.233856201171932, 26.890840530395451 ], [ 95.195518493652401, 27.042949676513672 ], [ 95.248229980469034, 27.030252456665323 ], [ 95.348602294921875, 27.104761123657454 ], [ 95.457786560058651, 27.135641098022575 ], [ 95.459709167480526, 27.2134304046632 ], [ 95.516181945800838, 27.268630981445426 ], [ 95.590087890625171, 27.229520797729492 ], [ 95.806289672851619, 27.291740417480469 ], [ 95.860466003418082, 27.294210433959961 ], [ 95.893966674804688, 27.26301193237299 ], [ 96.02091217041044, 27.371259689331225 ], [ 95.977783203125284, 27.43549919128418 ], [ 95.916847229004077, 27.443159103393555 ], [ 95.893058776855526, 27.406040191650504 ], [ 95.888656616210994, 27.444070816040266 ], [ 95.867332458496207, 27.417150497436637 ], [ 95.849342346191463, 27.430320739746151 ], [ 95.889640808105526, 27.506168365478629 ], [ 95.881332397460938, 27.553230285644531 ], [ 95.787117004394702, 27.623409271240462 ], [ 95.801452636718921, 27.649009704589844 ], [ 95.778472900390909, 27.67234992980957 ], [ 95.796470642090014, 27.688060760498104 ], [ 95.758216857910213, 27.731109619140682 ], [ 95.927352905273494, 27.887260437011719 ], [ 95.977462768554688, 27.968500137329045 ], [ 95.606742858886776, 27.957769393921069 ], [ 95.515953063964901, 27.881788253784464 ], [ 95.384338378906307, 27.842021942138729 ], [ 95.316558837890625, 27.871129989623967 ], [ 94.860862731933878, 27.739479064941634 ], [ 94.839385986328296, 27.70354080200201 ], [ 94.755920410156364, 27.666519165039006 ], [ 94.689407348632756, 27.66719055175804 ], [ 94.459739685058878, 27.557710647583008 ], [ 94.431037902832088, 27.603080749511776 ], [ 94.367492675781421, 27.576749801635799 ], [ 94.276031494140739, 27.593349456787394 ], [ 94.252227783203409, 27.640930175781364 ], [ 94.211112976074219, 27.610841751098746 ], [ 94.259727478027514, 27.523490905761719 ], [ 94.157211303711051, 27.478048324584961 ], [ 94.060928344726847, 27.363559722900391 ], [ 94.000007629394588, 27.334709167480526 ], [ 93.808586120605753, 27.15175056457548 ], [ 93.797798156738338, 27.136009216308651 ], [ 93.835021972656307, 27.074991226196346 ], [ 93.772399902343921, 27.062301635742188 ], [ 93.675781250000057, 26.97107124328619 ], [ 93.489356994629077, 26.938529968261889 ], [ 93.34793853759794, 26.963241577148551 ], [ 93.019371032715014, 26.916830062866325 ], [ 92.872436523437784, 27.007699966430721 ], [ 92.658927917480526, 27.038520812988509 ], [ 92.645462036133097, 26.987449645996207 ], [ 92.585212707519815, 26.961862564086914 ], [ 92.459571838379077, 26.963310241699219 ], [ 92.399757385253963, 26.926271438598746 ], [ 92.107887268066463, 26.893819808959961 ], [ 92.103286743164233, 27.007749557495174 ], [ 92.033744812011776, 27.064815521240348 ], [ 92.023376464843921, 27.162334442138672 ], [ 92.069648742676065, 27.223640441894531 ], [ 92.039596557617188, 27.266672134399471 ], [ 92.120613098144531, 27.287570953369254 ], [ 92.058792114257756, 27.327199935913256 ], [ 92.018760681152344, 27.479745864868391 ], [ 91.773811340332315, 27.46451568603527 ], [ 91.720016479492472, 27.470359802246321 ], [ 91.690086364746378, 27.5027503967288 ], [ 91.65323638916027, 27.482980728149641 ], [ 91.562004089355526, 27.584209442138615 ], [ 91.576126098632869, 27.608310699462891 ], [ 91.557739257812443, 27.633466720580998 ], [ 91.623741149902344, 27.70597076416027 ], [ 91.640022277832088, 27.757991790771484 ], [ 91.628158569336108, 27.800830841064567 ], [ 91.565467834472713, 27.815315246582031 ], [ 91.552520751953182, 27.858572006225586 ], [ 91.669326782226562, 27.856710433960018 ], [ 91.746276855468807, 27.803350448608455 ], [ 91.824211120605469, 27.810350418090934 ], [ 91.860527038574276, 27.736932754516715 ], [ 91.918762207031534, 27.715101242065373 ], [ 91.983856201171875, 27.769990921020678 ], [ 92.055397033691577, 27.759130477905387 ], [ 92.210395812988565, 27.858989715576229 ], [ 92.264022827148381, 27.857931137085075 ], [ 92.315956115722827, 27.778240203857592 ], [ 92.406860351562784, 27.822088241577433 ], [ 92.45493316650419, 27.803262710571403 ], [ 92.501327514648608, 27.841501235961914 ], [ 92.560691833496151, 27.821041107177791 ], [ 92.605072021484375, 27.877508163452205 ], [ 92.669212341308594, 27.900131225586051 ], [ 92.739486694336222, 27.989410400390909 ], [ 92.662933349609432, 28.062770843505803 ], [ 92.686988830566463, 28.125799179077148 ], [ 92.799636840820483, 28.202230453491325 ], [ 92.826469421387003, 28.172035217285213 ], [ 92.895256042480526, 28.204610824585018 ], [ 92.964523315429744, 28.261810302734375 ], [ 93.000358581543026, 28.230791091918945 ], [ 93.033782958984489, 28.263130187988224 ], [ 93.023666381836051, 28.303199768066406 ], [ 93.218978881836051, 28.333730697631893 ], [ 93.231521606445369, 28.400711059570312 ], [ 93.182662963867358, 28.439990997314567 ], [ 93.275917053222827, 28.504829406738281 ], [ 93.299873352051065, 28.59955024719261 ], [ 93.336906433105412, 28.640159606933707 ], [ 93.445671081543139, 28.676040649414176 ], [ 93.474197387695597, 28.653650283813477 ], [ 93.491119384765682, 28.683961868286133 ], [ 93.533836364746151, 28.658849716186637 ], [ 93.731567382812671, 28.689279556274357 ], [ 93.775177001953409, 28.668518066406307 ], [ 93.844039916992472, 28.707389831542969 ], [ 93.926132202148608, 28.67180061340332 ], [ 94.001426696777287, 28.775539398193303 ], [ 93.99491119384794, 28.841369628906307 ], [ 94.155136108398722, 28.95476150512701 ], [ 94.214691162109375, 29.084089279174862 ], [ 94.287727355956974, 29.148149490356559 ], [ 94.356925964355753, 29.152589797973633 ], [ 94.372276306152514, 29.190229415893839 ], [ 94.431182861328296, 29.22682189941429 ], [ 94.557899475097713, 29.228910446167106 ], [ 94.628158569336222, 29.348590850830135 ], [ 94.777381896972827, 29.241119384765682 ], [ 94.797988891601733, 29.164609909057845 ], [ 94.871803283691577, 29.184289932251147 ], [ 95.022796630859659, 29.130620956420955 ], [ 94.997497558593921, 29.173011779785213 ], [ 95.098396301269702, 29.143800735473576 ], [ 95.121757507324332, 29.116250991821516 ], [ 95.250762939453125, 29.109880447387695 ], [ 95.266555786133097, 29.057649612426758 ], [ 95.410133361816463, 29.034120559692496 ], [ 95.454338073730526, 29.036991119384879 ], [ 95.482986450195369, 29.07113075256342 ], [ 95.496330261230526, 29.140310287475586 ], [ 95.546806335449389, 29.128650665283203 ], [ 95.537719726562557, 29.214000701904411 ], [ 95.585800170898494, 29.21799278259283 ], [ 95.598731994628963, 29.261861801147518 ], [ 95.638023376464901, 29.249839782714844 ], [ 95.777626037597713, 29.356399536132926 ], [ 95.796485900879077, 29.336330413818359 ], [ 95.880851745605526, 29.391490936279297 ], [ 95.957107543945369, 29.382667541504134 ], [ 96.080535888671932, 29.463344573974609 ], [ 96.157775878906307, 29.383100509643555 ] ] ] } },
{ "type": "Feature", "properties": { "ID_0": 105, "ISO": "IND", "NAME_0": "India", "ID_1": 4, "NAME_1": "Assam" }, "geometry": { "type": "MultiPolygon", "coordinates": [ [ [ [ 89.857780456542969, 25.534830093383846 ], [ 89.879959106445369, 25.488639831543026 ], [ 89.859573364258097, 25.47339057922369 ], [ 89.857780456542969, 25.534830093383846 ] ] ], [ [ [ 89.871452331542912, 25.537298202514592 ], [ 89.870948791503963, 25.538642883300895 ], [ 89.874557495117358, 25.541561126709041 ], [ 89.871452331542912, 25.537298202514592 ] ] ], [ [ [ 95.977462768554688, 27.968500137329045 ], [ 95.927352905273494, 27.887260437011719 ], [ 95.823127746582315, 27.809249877929688 ], [ 95.758712768554858, 27.726680755615348 ], [ 95.796470642090014, 27.688060760498104 ], [ 95.777847290039119, 27.666259765625057 ], [ 95.801452636718921, 27.649009704589844 ], [ 95.798027038574219, 27.607830047607536 ], [ 95.881332397460938, 27.553230285644531 ], [ 95.889640808105526, 27.506168365478629 ], [ 95.849342346191463, 27.430320739746151 ], [ 95.867332458496207, 27.417150497436637 ], [ 95.888656616210994, 27.444070816040266 ], [ 95.893058776855526, 27.406040191650504 ], [ 95.916847229004077, 27.443159103393555 ], [ 95.977783203125284, 27.43549919128418 ], [ 96.018356323242244, 27.367900848388956 ], [ 95.893966674804688, 27.26301193237299 ], [ 95.860466003418082, 27.294210433959961 ], [ 95.806289672851619, 27.291740417480469 ], [ 95.590087890625171, 27.229520797729492 ], [ 95.510887145996378, 27.266269683837891 ], [ 95.459709167480526, 27.2134304046632 ], [ 95.457786560058651, 27.135641098022575 ], [ 95.348602294921875, 27.104761123657454 ], [ 95.248229980469034, 27.030252456665323 ], [ 95.198455810547159, 27.044429779052678 ], [ 95.11004638671875, 26.966909408569336 ], [ 95.021347045898608, 26.925399780273494 ], [ 94.985671997070483, 26.918249130249023 ], [ 94.928161621093864, 26.952100753784237 ], [ 94.89447021484375, 26.93733024597168 ], [ 94.756370544433594, 26.7722682952882 ], [ 94.653388977050952, 26.723630905151481 ], [ 94.604148864746037, 26.739280700683651 ], [ 94.574691772460994, 26.691020965576172 ], [ 94.545059204101733, 26.710901260376204 ], [ 94.467941284179972, 26.669820785522575 ], [ 94.462501525878906, 26.635459899902344 ], [ 94.407867431640909, 26.61433029174799 ], [ 94.39945220947294, 26.532320022583008 ], [ 94.316513061523722, 26.462930679321516 ], [ 94.276741027832088, 26.558839797973633 ], [ 94.186546325683651, 26.46051025390625 ], [ 94.175506591796932, 26.344219207763786 ], [ 94.108047485351506, 26.326400756835881 ], [ 94.004806518554801, 26.173271179199219 ], [ 93.991119384765909, 26.072639465332259 ], [ 93.954887390136662, 26.007329940795898 ], [ 93.979393005371151, 25.919679641723633 ], [ 93.882736206054801, 25.845909118652457 ], [ 93.842338562012003, 25.86260986328125 ], [ 93.795761108398551, 25.814350128173942 ], [ 93.779823303222827, 25.846309661865291 ], [ 93.798332214355639, 25.90969276428217 ], [ 93.773017883300838, 25.966020584106445 ], [ 93.68768310546875, 25.909440994262752 ], [ 93.705482482910213, 25.848630905151367 ], [ 93.573249816894531, 25.760799407958984 ], [ 93.499916076660213, 25.656520843505859 ], [ 93.427536010742358, 25.631458282470646 ], [ 93.331741333008097, 25.546810150146484 ], [ 93.395919799804744, 25.464120864868278 ], [ 93.461868286132983, 25.434698104858398 ], [ 93.478218078613565, 25.379882812500057 ], [ 93.451889038086222, 25.344190597534237 ], [ 93.474021911621378, 25.309280395507812 ], [ 93.388717651367244, 25.245920181274528 ], [ 93.335777282714844, 25.095840454101562 ], [ 93.304595947265682, 25.047992706298942 ], [ 93.268180847168026, 25.049680709839095 ], [ 93.248840332031421, 25.018800735473633 ], [ 93.262413024902401, 24.951370239257926 ], [ 93.197196960449276, 24.856491088867244 ], [ 93.197357177734375, 24.811260223388786 ], [ 93.152946472168026, 24.789779663085994 ], [ 93.109786987304858, 24.809740066528263 ], [ 93.107246398926065, 24.741899490356445 ], [ 93.075866699218807, 24.710390090942383 ], [ 93.104705810546932, 24.675342559814453 ], [ 93.075416564941349, 24.59622955322277 ], [ 93.106979370117244, 24.583560943603459 ], [ 93.061119079589844, 24.574832916259766 ], [ 93.039169311523381, 24.411130905151424 ], [ 92.935707092285213, 24.395540237426815 ], [ 92.91153717041044, 24.41290092468256 ], [ 92.828987121581974, 24.377769470215071 ], [ 92.765197753906307, 24.520849227905387 ], [ 92.690666198730753, 24.354801177978572 ], [ 92.624282836914347, 24.332651138305778 ], [ 92.611587524414233, 24.253349304199219 ], [ 92.550636291503963, 24.24589920043951 ], [ 92.529663085937614, 24.174800872802848 ], [ 92.466827392578296, 24.135040283203239 ], [ 92.418975830078182, 24.194360733032283 ], [ 92.422378540039233, 24.253110885620117 ], [ 92.212852478027457, 24.249309539795149 ], [ 92.272239685058594, 24.377569198608512 ], [ 92.231086730957202, 24.460380554199276 ], [ 92.233833312988395, 24.561790466308594 ], [ 92.259300231933764, 24.680862426757869 ], [ 92.298271179199276, 24.736551284790039 ], [ 92.24051666259777, 24.899190902710188 ], [ 92.298377990722656, 24.920049667358512 ], [ 92.391471862793139, 24.849941253662337 ], [ 92.491798400879077, 24.874021530151595 ], [ 92.489273071289347, 24.954359054565543 ], [ 92.456413269043026, 24.946239471435604 ], [ 92.471031188965014, 24.964099884033203 ], [ 92.435157775879077, 24.966379165649414 ], [ 92.423637390137003, 24.996099472045955 ], [ 92.425903320312614, 25.031820297241325 ], [ 92.463256835937557, 25.037128448486271 ], [ 92.484298706054972, 25.108060836792049 ], [ 92.542945861816406, 25.099599838256836 ], [ 92.524665832519588, 25.140029907226506 ], [ 92.624702453613224, 25.118690490722656 ], [ 92.666908264160327, 25.177061080932617 ], [ 92.804420471191577, 25.219329833984489 ], [ 92.764648437500114, 25.249349594116211 ], [ 92.792221069336108, 25.28518104553234 ], [ 92.784370422363281, 25.332538604736442 ], [ 92.760566711425952, 25.335279464721793 ], [ 92.737052917480412, 25.381250381469783 ], [ 92.660102844238338, 25.410360336303938 ], [ 92.654281616210938, 25.435340881347656 ], [ 92.609092712402514, 25.416570663452148 ], [ 92.598159790039347, 25.471651077270508 ], [ 92.567413330078182, 25.46747016906744 ], [ 92.644699096679972, 25.537441253662053 ], [ 92.653457641601676, 25.592180252075195 ], [ 92.572502136230639, 25.560420989990462 ], [ 92.557617187500171, 25.611988067627067 ], [ 92.501708984375171, 25.622930526733342 ], [ 92.465446472167912, 25.682460784912109 ], [ 92.432136535644588, 25.691009521484432 ], [ 92.433166503906534, 25.731452941894645 ], [ 92.385101318359659, 25.753562927246151 ], [ 92.333541870117244, 25.725231170654354 ], [ 92.228996276855469, 25.716209411621207 ], [ 92.160697937011889, 25.671859741210938 ], [ 92.153106689453182, 25.812749862670898 ], [ 92.225479125976847, 25.907049179077205 ], [ 92.163696289062443, 25.911790847778263 ], [ 92.156318664550952, 25.944799423218001 ], [ 92.167396545410213, 25.96769905090332 ], [ 92.221687316894474, 25.998601913452205 ], [ 92.297317504882869, 26.079149246215877 ], [ 92.241172790527514, 26.062540054321289 ], [ 92.178306579589901, 26.079509735107365 ], [ 92.133117675781307, 26.045890808105469 ], [ 92.052856445312784, 26.032831192016829 ], [ 91.99106597900419, 26.041032791137923 ], [ 91.922096252441577, 25.999530792236442 ], [ 91.870162963867131, 26.052190780639876 ], [ 91.875785827636776, 26.09773063659668 ], [ 91.819313049316463, 26.118740081787223 ], [ 91.731262207031534, 26.059209823608398 ], [ 91.720176696777401, 25.954071044921989 ], [ 91.669311523437443, 25.905389785766658 ], [ 91.611152648925781, 25.939920425415096 ], [ 91.637947082519588, 25.964849472045955 ], [ 91.632156372070483, 26.022409439087028 ], [ 91.575836181640909, 26.03310966491722 ], [ 91.501632690429972, 25.920761108398438 ], [ 91.531326293945369, 25.923711776733342 ], [ 91.474761962890568, 25.87123107910179 ], [ 91.529739379882983, 25.889680862426701 ], [ 91.525405883789119, 25.872890472412223 ], [ 91.444396972656534, 25.841020584106559 ], [ 91.333557128906307, 25.838840484619141 ], [ 91.275627136230753, 25.746940612793082 ], [ 91.223876953125057, 25.723419189453182 ], [ 91.191986083984432, 25.729581832885742 ], [ 91.179931640625171, 25.77631950378418 ], [ 91.196479797363224, 25.859010696411133 ], [ 91.063262939453182, 25.820369720459041 ], [ 91.049880981445369, 25.828899383544922 ], [ 91.078536987304744, 25.852619171142635 ], [ 91.049102783203296, 25.848808288574162 ], [ 91.000785827636662, 25.822250366211051 ], [ 91.029220581054688, 25.888048171997127 ], [ 90.967453002929858, 25.887180328369197 ], [ 90.942749023437614, 25.947570800781364 ], [ 90.915878295898722, 25.943161010742244 ], [ 90.919113159179972, 25.913311004638729 ], [ 90.882980346679688, 25.951749801635685 ], [ 90.809890747070483, 25.952159881591797 ], [ 90.778060913086108, 25.908290863037109 ], [ 90.740539550781307, 25.91521072387701 ], [ 90.747436523437614, 25.957321166992301 ], [ 90.686042785644815, 25.950809478759766 ], [ 90.624809265137003, 25.898899078369141 ], [ 90.606506347656534, 25.912281036376953 ], [ 90.629013061523722, 25.9374294281007 ], [ 90.582458496093864, 25.95979118347168 ], [ 90.512542724609546, 25.896240234375057 ], [ 90.534461975097656, 25.958021163940543 ], [ 90.477287292480469, 26.01526069641119 ], [ 90.428627014160327, 25.989040374755973 ], [ 90.364990234375057, 26.010320663452092 ], [ 90.324340820312557, 25.974380493164062 ], [ 90.182510375976847, 25.944450378418026 ], [ 90.11865234375, 25.961259841918945 ], [ 90.00473785400419, 25.878681182861499 ], [ 90.021919250488565, 25.865528106689453 ], [ 90.008316040039119, 25.846830368042106 ], [ 89.944580078125057, 25.82447814941429 ], [ 89.955245971679688, 25.774459838867188 ], [ 89.892616271972599, 25.735000610351562 ], [ 90.017295837402401, 25.602191925049055 ], [ 89.870101928711222, 25.544221878051871 ], [ 89.885208129882983, 25.629829406738395 ], [ 89.831802368164233, 25.725000381469783 ], [ 89.843566894531534, 25.7682399749757 ], [ 89.814529418945369, 25.81698036193859 ], [ 89.890357971191577, 25.940229415893782 ], [ 89.828201293945483, 25.943559646606673 ], [ 89.875396728515739, 25.97611045837408 ], [ 89.83957672119169, 26.010459899902571 ], [ 89.839752197265909, 25.981010437011889 ], [ 89.822959899902628, 25.984909057617415 ], [ 89.813072204590128, 26.041971206665096 ], [ 89.798606872558764, 26.018211364746094 ], [ 89.791557312011889, 26.017650604248331 ], [ 89.789260864257983, 26.102712631225813 ], [ 89.759132385254077, 26.109041213989428 ], [ 89.770660400390682, 26.127452850342024 ], [ 89.748435974121094, 26.157800674438761 ], [ 89.722671508789006, 26.154960632324389 ], [ 89.734176635742358, 26.174989700317496 ], [ 89.694839477539062, 26.189071655273381 ], [ 89.732032775878906, 26.212289810180891 ], [ 89.697227478027401, 26.217229843139762 ], [ 89.728767395019815, 26.238201141357365 ], [ 89.704811096191406, 26.269901275634766 ], [ 89.737457275390682, 26.271100997924805 ], [ 89.717056274414119, 26.293052673340014 ], [ 89.717826843261776, 26.30570030212408 ], [ 89.758659362793026, 26.289329528808651 ], [ 89.750541687011889, 26.32146072387718 ], [ 89.782012939453125, 26.353279113769645 ], [ 89.820419311523494, 26.370620727539176 ], [ 89.820098876953409, 26.350381851196346 ], [ 89.825592041015682, 26.379318237304744 ], [ 89.857292175293253, 26.38446044921875 ], [ 89.827278137207088, 26.396472930908317 ], [ 89.869499206543253, 26.448419570922908 ], [ 89.852691650390682, 26.487779617309684 ], [ 89.877548217773381, 26.584241867065373 ], [ 89.857040405273494, 26.623411178588924 ], [ 89.876373291015909, 26.649499893188533 ], [ 89.862388610839901, 26.737003326416016 ], [ 89.957778930664119, 26.723165512085018 ], [ 90.127838134765796, 26.749042510986328 ], [ 90.188720703125057, 26.770572662353516 ], [ 90.184043884277628, 26.809732437133903 ], [ 90.214820861816577, 26.853700637817553 ], [ 90.301506042480582, 26.848230361938704 ], [ 90.355102539062614, 26.896089553833235 ], [ 90.409706115722599, 26.901920318603629 ], [ 90.559936523437557, 26.801017761230469 ], [ 90.699867248535327, 26.768014907836857 ], [ 91.053977966308878, 26.779472351074219 ], [ 91.096595764160327, 26.819803237915266 ], [ 91.336318969726733, 26.779651641845817 ], [ 91.408348083496378, 26.835561752319393 ], [ 91.492767333984432, 26.789764404296875 ], [ 91.623802185058651, 26.821323394775561 ], [ 91.687248229980412, 26.805093765258846 ], [ 91.801971435546932, 26.852060317993221 ], [ 91.857780456542969, 26.914028167724609 ], [ 92.055191040039062, 26.848052978515909 ], [ 92.107887268066463, 26.893819808959961 ], [ 92.399757385253963, 26.926271438598746 ], [ 92.459571838379077, 26.963310241699219 ], [ 92.585212707519815, 26.961862564086914 ], [ 92.645462036133097, 26.987449645996207 ], [ 92.658927917480526, 27.038520812988509 ], [ 92.872436523437784, 27.007699966430721 ], [ 93.019371032715014, 26.916830062866325 ], [ 93.34793853759794, 26.963241577148551 ], [ 93.489356994629077, 26.938529968261889 ], [ 93.655113220215014, 26.966478347778548 ], [ 93.772399902343921, 27.062301635742188 ], [ 93.835021972656307, 27.074991226196346 ], [ 93.797798156738338, 27.136009216308651 ], [ 93.808586120605753, 27.15175056457548 ], [ 94.000007629394588, 27.334709167480526 ], [ 94.060928344726847, 27.363559722900391 ], [ 94.157211303711051, 27.478048324584961 ], [ 94.259056091308707, 27.522600173950195 ], [ 94.211112976074219, 27.610841751098746 ], [ 94.252227783203409, 27.640930175781364 ], [ 94.276031494140739, 27.593349456787394 ], [ 94.367492675781421, 27.576749801635799 ], [ 94.431037902832088, 27.603080749511776 ], [ 94.459739685058878, 27.557710647583008 ], [ 94.689407348632756, 27.66719055175804 ], [ 94.755920410156364, 27.666519165039006 ], [ 94.839385986328296, 27.70354080200201 ], [ 94.860862731933878, 27.739479064941634 ], [ 95.316558837890625, 27.871129989623967 ], [ 95.384338378906307, 27.842021942138729 ], [ 95.515953063964901, 27.881788253784464 ], [ 95.606742858886776, 27.957769393921069 ], [ 95.977462768554688, 27.968500137329045 ] ] ] ] } },
{ "type": "Feature", "properties": { "ID_0": 105, "ISO": "IND", "NAME_0": "India", "ID_1": 5, "NAME_1": "Bihar" }, "geometry": { "type": "MultiPolygon", "coordinates": [ [ [ [ 88.100654602051065, 26.536128997802678 ], [ 88.106216430664233, 26.536014556884993 ], [ 88.102020263672046, 26.534389495849723 ], [ 88.100654602051065, 26.536128997802678 ] ] ], [ [ [ 84.099792480469034, 27.51677322387718 ], [ 84.153015136719034, 27.51661491394043 ], [ 84.150993347167969, 27.485704421997184 ], [ 84.207916259765909, 27.469415664673079 ], [ 84.210639953613281, 27.442333221435547 ], [ 84.256248474121264, 27.451900482177734 ], [ 84.295890808105412, 27.384172439575252 ], [ 84.622016906738565, 27.338207244873047 ], [ 84.693061828613281, 27.214801788330078 ], [ 84.676422119140796, 27.095483779907511 ], [ 84.644851684570369, 27.04719734191923 ], [ 84.795722961425838, 26.995569229126147 ], [ 84.831886291504077, 27.019304275512923 ], [ 84.893646240234318, 26.969594955444563 ], [ 84.964485168457088, 26.960275650024357 ], [ 84.969825744628963, 26.916032791137866 ], [ 85.06241607666044, 26.88670539855957 ], [ 85.024444580078409, 26.855432510375977 ], [ 85.197708129882983, 26.866594314575309 ], [ 85.179115295410213, 26.811914443969727 ], [ 85.212287902832088, 26.758703231811808 ], [ 85.336318969726847, 26.741415023803881 ], [ 85.409637451172046, 26.791137695312727 ], [ 85.455635070800838, 26.781892776489371 ], [ 85.577651977539233, 26.860731124877987 ], [ 85.587516784668253, 26.846960067749251 ], [ 85.636688232421932, 26.871902465820426 ], [ 85.736717224121264, 26.795616149902287 ], [ 85.734619140625171, 26.654315948486385 ], [ 85.819824218750284, 26.602523803710994 ], [ 85.853317260742244, 26.609516143798942 ], [ 85.852119445800952, 26.568414688110579 ], [ 85.950340270996264, 26.613220214844034 ], [ 85.962524414062443, 26.651081085205362 ], [ 86.030738830566463, 26.666421890259016 ], [ 86.219612121582315, 26.588109970092773 ], [ 86.254570007324389, 26.616783142089901 ], [ 86.330039978027628, 26.61915397644043 ], [ 86.544219970703409, 26.538114547729492 ], [ 86.572776794433651, 26.496894836425895 ], [ 86.733520507812671, 26.42204475402832 ], [ 86.767700195312557, 26.458457946777344 ], [ 86.835800170898494, 26.43869781494169 ], [ 86.896415710449389, 26.461715698242415 ], [ 86.894111633300952, 26.485786437988338 ], [ 86.932228088378849, 26.489316940307617 ], [ 86.935096740722656, 26.516492843628043 ], [ 87.017715454101733, 26.531814575195426 ], [ 87.047309875488338, 26.586956024170149 ], [ 87.074279785156534, 26.585466384887638 ], [ 87.093917846679972, 26.450016021728743 ], [ 87.165016174316463, 26.403816223144645 ], [ 87.25870513916027, 26.410860061645735 ], [ 87.268386840820369, 26.373611450195369 ], [ 87.343414306640909, 26.347515106201172 ], [ 87.371292114257756, 26.407754898071289 ], [ 87.46909332275419, 26.44006538391119 ], [ 87.608413696289233, 26.380601882934684 ], [ 87.654388427734546, 26.39321327209467 ], [ 87.680236816406534, 26.435094833374194 ], [ 87.768859863281307, 26.412096023559513 ], [ 87.79221343994169, 26.468915939331282 ], [ 87.851219177246264, 26.436214447021484 ], [ 87.890632629394815, 26.486419677734489 ], [ 87.929306030273494, 26.417947769165096 ], [ 88.032554626465128, 26.364631652832259 ], [ 88.097404479980753, 26.437442779541072 ], [ 88.106147766113565, 26.535623550415096 ], [ 88.145393371582088, 26.510971069335994 ], [ 88.231201171875057, 26.551982879638672 ], [ 88.179039001465128, 26.490579605102596 ], [ 88.226226806640796, 26.476251602172852 ], [ 88.228973388671989, 26.447151184081974 ], [ 88.267906188965128, 26.421752929687614 ], [ 88.229248046875171, 26.389850616455249 ], [ 88.273979187011776, 26.377281188965128 ], [ 88.279556274414347, 26.335531234741381 ], [ 88.144447326660213, 26.252799987793139 ], [ 88.069831848144531, 26.175718307495117 ], [ 88.037437438964901, 26.177700042724723 ], [ 88.013069152832315, 26.140871047973576 ], [ 87.964057922363565, 26.151979446411133 ], [ 87.975631713867244, 26.121629714965991 ], [ 87.954406738281421, 26.102792739868164 ], [ 87.972190856933651, 26.08485031127924 ], [ 87.931129455566577, 26.068950653076229 ], [ 87.912933349609659, 26.090972900390682 ], [ 87.842117309570369, 26.044481277465877 ], [ 87.829933166503963, 25.935451507568644 ], [ 87.803581237793026, 25.920721054077148 ], [ 87.822837829589901, 25.871467590332145 ], [ 87.910911560058764, 25.851749420166129 ], [ 87.88339996337919, 25.828609466552791 ], [ 87.910507202148381, 25.814809799194279 ], [ 87.898468017578409, 25.769760131836165 ], [ 87.932395935058878, 25.771320343017578 ], [ 87.960998535156364, 25.724681854248161 ], [ 88.048629760742358, 25.690570831298942 ], [ 88.035552978515682, 25.63683128356945 ], [ 88.05429840087919, 25.632860183716048 ], [ 88.021026611328182, 25.586921691894474 ], [ 88.070411682128963, 25.480501174926871 ], [ 87.926048278808651, 25.536212921142635 ], [ 87.898986816406307, 25.504301071166935 ], [ 87.879219055175724, 25.515970230102653 ], [ 87.863471984863338, 25.465389251708984 ], [ 87.808647155761662, 25.434190750122013 ], [ 87.781326293945426, 25.444650650024528 ], [ 87.759101867675952, 25.405040740966911 ], [ 87.788825988769531, 25.372249603271428 ], [ 87.783981323242244, 25.332429885864315 ], [ 87.855010986328125, 25.289529800415266 ], [ 87.822776794433594, 25.234340667724723 ], [ 87.83664703369169, 25.199260711669865 ], [ 87.787582397460994, 25.220489501953239 ], [ 87.783309936523608, 25.246177673339901 ], [ 87.707786560058764, 25.25640869140625 ], [ 87.684150695800952, 25.310131072998047 ], [ 87.606880187988452, 25.311380386352539 ], [ 87.580070495605526, 25.348390579223633 ], [ 87.547447204589901, 25.330940246582145 ], [ 87.539749145507983, 25.281618118286076 ], [ 87.481506347656534, 25.295171737670955 ], [ 87.495719909667969, 25.262479782104492 ], [ 87.472160339355753, 25.194669723510799 ], [ 87.391777038574276, 25.227518081665096 ], [ 87.369888305664119, 25.205049514770565 ], [ 87.323455810547046, 25.223091125488338 ], [ 87.291107177734432, 25.089269638061523 ], [ 87.250556945800724, 25.105850219726676 ], [ 87.211357116699276, 25.089599609375227 ], [ 87.14676666259794, 25.024311065673942 ], [ 87.158119201660156, 24.885631561279354 ], [ 87.15097808837919, 24.858430862426758 ], [ 87.078567504882983, 24.822250366211051 ], [ 87.096672058105639, 24.801492691040153 ], [ 87.050468444824503, 24.606769561767635 ], [ 86.93009185791044, 24.642820358276424 ], [ 86.898078918456974, 24.586540222167969 ], [ 86.911178588867244, 24.538679122924862 ], [ 86.876396179199389, 24.567319869995345 ], [ 86.854637145996264, 24.550460815429801 ], [ 86.800292968750171, 24.564601898193587 ], [ 86.805778503417969, 24.594501495361328 ], [ 86.777122497558878, 24.619760513305607 ], [ 86.750862121582202, 24.617979049682617 ], [ 86.731582641601562, 24.575799942016829 ], [ 86.668395996094034, 24.560640335082951 ], [ 86.602920532226619, 24.605068206787223 ], [ 86.505722045898722, 24.5177001953125 ], [ 86.48858642578125, 24.425001144409237 ], [ 86.465827941894645, 24.421880722045842 ], [ 86.45220947265625, 24.368629455566463 ], [ 86.350723266601733, 24.443710327148438 ], [ 86.279136657715128, 24.462001800537166 ], [ 86.312416076660213, 24.508470535278548 ], [ 86.304046630859432, 24.558290481567496 ], [ 86.322860717773608, 24.584091186523438 ], [ 86.264137268066577, 24.575838088989371 ], [ 86.217376708984546, 24.611770629882812 ], [ 86.194938659668026, 24.585161209106502 ], [ 86.133293151855639, 24.60354042053217 ], [ 86.124443054199503, 24.705160140991211 ], [ 86.086578369140682, 24.746320724487248 ], [ 86.039070129394702, 24.74131965637207 ], [ 86.050582885742244, 24.779541015624943 ], [ 85.950302124023722, 24.732118606567383 ], [ 85.877777099609432, 24.80029106140131 ], [ 85.777236938476619, 24.798950195312614 ], [ 85.736740112304858, 24.822650909423885 ], [ 85.696662902832031, 24.713472366333008 ], [ 85.649528503417912, 24.687040328979492 ], [ 85.664703369140682, 24.581930160522461 ], [ 85.576576232910213, 24.603010177612362 ], [ 85.568290710449219, 24.565200805664062 ], [ 85.536796569824503, 24.565240859985352 ], [ 85.518302917480412, 24.52454948425293 ], [ 85.486480712890796, 24.550750732421932 ], [ 85.282516479492472, 24.526689529418888 ], [ 85.281967163086222, 24.497200012207088 ], [ 85.150672912597713, 24.462869644165096 ], [ 85.169380187988338, 24.429470062255859 ], [ 85.089416503906307, 24.37919998168968 ], [ 85.065483093262003, 24.386760711669922 ], [ 85.076156616211222, 24.439870834350586 ], [ 85.057487487792912, 24.416482925415039 ], [ 84.990402221679858, 24.412229537963924 ], [ 84.968566894531534, 24.375949859619197 ], [ 84.898033142089787, 24.372129440307617 ], [ 84.880172729492188, 24.462800979614258 ], [ 84.834396362304688, 24.452520370483455 ], [ 84.832626342773438, 24.511480331421012 ], [ 84.795326232910213, 24.529491424560604 ], [ 84.678916931152514, 24.456342697143668 ], [ 84.658256530762003, 24.393741607666129 ], [ 84.572479248047046, 24.412340164184798 ], [ 84.565780639648381, 24.383939743041992 ], [ 84.521522521972599, 24.376260757446289 ], [ 84.493537902832202, 24.287040710449332 ], [ 84.454536437988565, 24.338649749755973 ], [ 84.417427062988452, 24.331361770629826 ], [ 84.422538757324162, 24.359149932861385 ], [ 84.382217407226619, 24.389699935913086 ], [ 84.335861206054744, 24.395830154418888 ], [ 84.315055847168026, 24.423452377319336 ], [ 84.330398559570597, 24.431190490722713 ], [ 84.293212890624943, 24.450822830200195 ], [ 84.294189453125, 24.48076057434082 ], [ 84.326347351074332, 24.502719879150391 ], [ 84.292976379394645, 24.565990447998161 ], [ 84.269226074218921, 24.564252853393612 ], [ 84.257141113281534, 24.530750274658203 ], [ 84.188301086426065, 24.555320739746151 ], [ 84.179260253906307, 24.510419845581055 ], [ 84.146057128906307, 24.540300369262752 ], [ 84.109779357910327, 24.481399536132926 ], [ 84.046737670898551, 24.612289428710938 ], [ 83.992210388183878, 24.638032913208121 ], [ 83.933006286621151, 24.551742553710994 ], [ 83.868041992187784, 24.532880783080998 ], [ 83.716690063476562, 24.504949569702376 ], [ 83.498168945312557, 24.527059555053768 ], [ 83.541412353515682, 24.626180648803711 ], [ 83.497520446777514, 24.651660919189396 ], [ 83.513702392578125, 24.681150436401367 ], [ 83.480712890625171, 24.705732345581055 ], [ 83.479843139648494, 24.737831115722656 ], [ 83.453086853027514, 24.733320236206168 ], [ 83.386802673340128, 24.784219741821289 ], [ 83.390388488769588, 24.833080291748047 ], [ 83.353996276855753, 24.870611190795955 ], [ 83.343872070312614, 25.010482788086051 ], [ 83.318176269531193, 25.01732063293457 ], [ 83.357360839843807, 25.124191284179801 ], [ 83.335357666015625, 25.181392669677734 ], [ 83.349609375000284, 25.198940277099609 ], [ 83.539466857910327, 25.317649841308594 ], [ 83.622383117676065, 25.329521179199276 ], [ 83.694580078125057, 25.396099090576115 ], [ 83.732505798340014, 25.410600662231445 ], [ 83.761932373046932, 25.387910842895508 ], [ 83.799369812012003, 25.410980224609602 ], [ 83.794357299804744, 25.431619644165096 ], [ 83.838371276855639, 25.4368896484375 ], [ 83.810226440429801, 25.465919494629134 ], [ 83.851119995117358, 25.473720550537053 ], [ 83.917053222656534, 25.558490753173885 ], [ 84.076507568359659, 25.637531280517692 ], [ 84.069648742676065, 25.695610046386832 ], [ 84.094390869140682, 25.720380783081168 ], [ 84.14823150634794, 25.730960845947322 ], [ 84.194313049316463, 25.703420639038029 ], [ 84.202911376953182, 25.669639587402401 ], [ 84.285575866699503, 25.661529541015625 ], [ 84.283576965332088, 25.677139282226506 ], [ 84.318588256835881, 25.671939849853516 ], [ 84.331291198730526, 25.744571685790959 ], [ 84.380012512207031, 25.748689651489371 ], [ 84.401878356933707, 25.699501037597656 ], [ 84.448776245117244, 25.714490890502873 ], [ 84.488388061523608, 25.677850723266658 ], [ 84.524589538574219, 25.684350967407454 ], [ 84.535865783691577, 25.726490020751953 ], [ 84.531387329101676, 25.692832946777344 ], [ 84.552330017089901, 25.684030532837028 ], [ 84.555625915527628, 25.736408233642578 ], [ 84.630599975586222, 25.728340148925838 ], [ 84.600532531738452, 25.760629653930721 ], [ 84.620216369628963, 25.794090270996094 ], [ 84.526977539062557, 25.834329605102653 ], [ 84.528640747070483, 25.877740859985408 ], [ 84.423316955566406, 25.892421722412109 ], [ 84.408302307128963, 25.931350708007926 ], [ 84.351387023925724, 25.95934104919445 ], [ 84.296333312988281, 25.946989059448185 ], [ 84.201812744140909, 26.000560760498047 ], [ 84.166229248047046, 25.991500854492188 ], [ 84.167266845703182, 26.025470733642692 ], [ 84.116050720215014, 26.074880599975813 ], [ 84.049057006836222, 26.099700927734432 ], [ 84.003021240234432, 26.178230285644531 ], [ 84.023590087890682, 26.200920104980469 ], [ 84.005516052246151, 26.234069824218864 ], [ 84.079368591308878, 26.221210479736271 ], [ 84.11295318603544, 26.261920928955135 ], [ 84.157302856445369, 26.24413108825695 ], [ 84.181739807128963, 26.317039489746207 ], [ 84.171356201171875, 26.373979568481445 ], [ 84.072006225586108, 26.384469985961914 ], [ 84.010986328125171, 26.448459625244197 ], [ 83.902282714843807, 26.450250625610295 ], [ 83.902206420898381, 26.51807975769043 ], [ 83.962547302246094, 26.508600234985295 ], [ 83.974189758300838, 26.531940460205078 ], [ 84.047760009765625, 26.543489456176871 ], [ 84.081779479980526, 26.642860412597656 ], [ 84.272216796875284, 26.599361419677962 ], [ 84.414398193359375, 26.627170562744141 ], [ 84.402236938476619, 26.671222686767578 ], [ 84.325660705566577, 26.684257507324219 ], [ 84.298027038574389, 26.753271102905273 ], [ 84.233985900878963, 26.739530563354492 ], [ 84.241096496582315, 26.862430572509879 ], [ 84.209220886230526, 26.870990753173885 ], [ 84.168922424316406, 26.834518432617301 ], [ 84.131652832031534, 26.85569000244152 ], [ 84.140838623047046, 26.887580871582031 ], [ 84.052001953125, 26.89170074462919 ], [ 84.024902343750171, 26.942720413207951 ], [ 84.046661376953125, 26.961940765381087 ], [ 84.040817260742301, 27.04467964172386 ], [ 83.990760803222827, 27.068590164184855 ], [ 84.020721435546875, 27.095481872558594 ], [ 83.939422607422046, 27.092992782592773 ], [ 83.985122680664176, 27.181762695312727 ], [ 83.954483032226562, 27.235040664673079 ], [ 83.897956848144645, 27.259429931640909 ], [ 83.923599243164233, 27.316431045532227 ], [ 83.82895660400419, 27.322759628295842 ], [ 83.905517578125, 27.376214981079386 ], [ 83.875236511230526, 27.391912460327376 ], [ 83.870246887207088, 27.428506851196573 ], [ 83.933219909668026, 27.449415206909123 ], [ 84.029418945312784, 27.433629989624194 ], [ 84.097549438476733, 27.4894313812257 ], [ 84.099792480469034, 27.51677322387718 ] ] ], [ [ [ 87.306213378906534, 27.84321594238304 ], [ 87.30680084228544, 27.836589813232422 ], [ 87.306175231933651, 27.843217849731445 ], [ 87.306213378906534, 27.84321594238304 ] ] ], [ [ [ 87.251319885253849, 27.843114852905273 ], [ 87.252487182617358, 27.842866897583008 ], [ 87.251182556152514, 27.843061447143668 ], [ 87.251319885253849, 27.843114852905273 ] ] ], [ [ [ 87.26291656494169, 27.850715637207315 ], [ 87.267211914062671, 27.850116729736499 ], [ 87.266281127929744, 27.849452972412166 ], [ 87.26291656494169, 27.850715637207315 ] ] ] ] } },
{ "type": "Feature", "properties": { "ID_0": 105, "ISO": "IND", "NAME_0": "India", "ID_1": 6, "NAME_1": "Chandigarh" }, "geometry": { "type": "Polygon", "coordinates": [ [ [ 76.819808959961051, 30.68582916259777 ], [ 76.794372558593807, 30.669319152832031 ], [ 76.726303100585994, 30.695909500122127 ], [ 76.690628051757869, 30.760080337524528 ], [ 76.759338378906364, 30.799039840698356 ], [ 76.769302368164006, 30.77697944641119 ], [ 76.797767639160156, 30.785270690917969 ], [ 76.793136596679631, 30.766519546508903 ], [ 76.828186035156364, 30.763790130615234 ], [ 76.819808959961051, 30.68582916259777 ] ] ] } },
{ "type": "Feature", "properties": { "ID_0": 105, "ISO": "IND", "NAME_0": "India", "ID_1": 7, "NAME_1": "Chhattisgarh" }, "geometry": { "type": "Polygon", "coordinates": [ [ [ 83.327598571777401, 24.099649429321289 ], [ 83.425369262695256, 24.083761215209961 ], [ 83.447586059570369, 24.042480468750057 ], [ 83.506706237793026, 24.028240203857479 ], [ 83.542846679687784, 23.89824104309082 ], [ 83.576156616210994, 23.884380340576172 ], [ 83.561210632324389, 23.86295127868658 ], [ 83.695388793945369, 23.820669174194279 ], [ 83.729400634765568, 23.754730224609318 ], [ 83.714729309082031, 23.682540893554915 ], [ 83.774887084960994, 23.599500656127987 ], [ 83.935256958007983, 23.563039779663086 ], [ 83.937889099121094, 23.622430801391602 ], [ 84.007026672363338, 23.632310867309684 ], [ 84.022666931152401, 23.544240951538143 ], [ 83.969528198242472, 23.455408096313533 ], [ 83.965827941894588, 23.381210327148494 ], [ 84.006530761719034, 23.352800369262752 ], [ 84.043388366699389, 23.374010086059627 ], [ 84.070251464843693, 23.329990386962947 ], [ 84.033676147461108, 23.13844108581543 ], [ 84.129379272460881, 23.081541061401481 ], [ 84.148002624511776, 22.963869094848633 ], [ 84.189926147460994, 23.023719787597713 ], [ 84.217056274414176, 22.976472854614315 ], [ 84.370536804199276, 22.975070953369254 ], [ 84.389053344726619, 22.938739776611328 ], [ 84.376922607422159, 22.87589073181158 ], [ 84.329460144042912, 22.859550476074276 ], [ 84.285285949707088, 22.763370513916129 ], [ 84.225357055664233, 22.735160827636946 ], [ 84.220611572265625, 22.668910980224666 ], [ 84.149932861328409, 22.634420394897518 ], [ 84.080390930175952, 22.63655090332054 ], [ 84.005050659179858, 22.569562911987532 ], [ 84.005180358887003, 22.524730682373161 ], [ 83.976097106933651, 22.502210617065487 ], [ 84.041557312011776, 22.464109420776424 ], [ 84.004211425781534, 22.367660522461051 ], [ 83.861007690429631, 22.343780517578352 ], [ 83.752799987793026, 22.242860794067383 ], [ 83.693000793457202, 22.245500564575138 ], [ 83.619270324707088, 22.196359634399471 ], [ 83.557266235351619, 22.099979400634879 ], [ 83.600318908691577, 22.065509796142578 ], [ 83.54300689697277, 22.059391021728459 ], [ 83.532447814941463, 22.03404808044445 ], [ 83.54856109619169, 22.006702423095817 ], [ 83.535171508789119, 21.963500976562614 ], [ 83.600479125976562, 21.910840988159123 ], [ 83.571517944336108, 21.871870040893612 ], [ 83.584472656250171, 21.843601226806697 ], [ 83.531242370605469, 21.831899642944336 ], [ 83.536567687988224, 21.793930053711051 ], [ 83.490913391113338, 21.814540863037109 ], [ 83.467178344726733, 21.78273963928234 ], [ 83.484130859375, 21.74155235290533 ], [ 83.419746398925838, 21.675020217895508 ], [ 83.484542846679858, 21.62556266784668 ], [ 83.452758789062557, 21.605190277099723 ], [ 83.441230773925952, 21.649272918701286 ], [ 83.380722045898722, 21.612751007080078 ], [ 83.334632873535327, 21.495550155639705 ], [ 83.402656555176065, 21.348430633545149 ], [ 83.270019531250057, 21.375038146972884 ], [ 83.254096984863224, 21.312379837036246 ], [ 83.274559020996264, 21.285671234131087 ], [ 83.218353271484432, 21.26012039184593 ], [ 83.190101623535213, 21.135528564453239 ], [ 83.119842529297046, 21.101060867309684 ], [ 83.040580749511776, 21.118930816650391 ], [ 82.956069946289119, 21.175489425659237 ], [ 82.788848876953409, 21.13927268981945 ], [ 82.752296447754077, 21.159740447998047 ], [ 82.635940551757812, 21.149450302124023 ], [ 82.645027160644645, 21.101879119873161 ], [ 82.609382629394815, 21.071197509765852 ], [ 82.622306823730526, 21.036569595337028 ], [ 82.552940368652628, 20.941480636596793 ], [ 82.485671997070483, 20.903511047363338 ], [ 82.459053039550895, 20.823841094970703 ], [ 82.415527343750057, 20.826469421386776 ], [ 82.401412963867244, 20.862430572509993 ], [ 82.346618652343921, 20.883848190307845 ], [ 82.335128784179631, 20.758518218994254 ], [ 82.368232727050838, 20.624059677124251 ], [ 82.32401275634777, 20.55388069152832 ], [ 82.380493164062784, 20.509849548339901 ], [ 82.388092041015682, 20.452510833740234 ], [ 82.410079956054972, 20.473300933837891 ], [ 82.429168701171818, 20.425752639770508 ], [ 82.393775939941463, 20.33552169799799 ], [ 82.429229736328125, 20.282962799072322 ], [ 82.405082702636832, 20.263530731201399 ], [ 82.413597106933651, 20.202270507812614 ], [ 82.378929138183651, 20.144630432128963 ], [ 82.390861511230639, 20.059589385986328 ], [ 82.598365783691406, 19.985639572143555 ], [ 82.707489013672046, 19.990219116210938 ], [ 82.711006164550838, 19.848560333252067 ], [ 82.585060119628906, 19.771049499511662 ], [ 82.571266174316349, 19.822380065917969 ], [ 82.590766906738452, 19.866218566894474 ], [ 82.439491271972827, 19.902919769287223 ], [ 82.339447021484432, 19.829961776733398 ], [ 82.230628967285156, 19.998081207275504 ], [ 82.178466796875057, 19.978082656860352 ], [ 82.057899475097713, 20.049869537353516 ], [ 82.024406433105753, 20.010040283203068 ], [ 81.941352844238338, 20.102251052856445 ], [ 81.873756408691406, 20.046180725097884 ], [ 81.837303161621378, 19.950080871582088 ], [ 81.849632263183651, 19.908050537109375 ], [ 81.960372924804858, 19.85473823547386 ], [ 81.980148315429972, 19.795780181884766 ], [ 82.059829711914119, 19.783098220825138 ], [ 82.037567138672159, 19.703910827636662 ], [ 82.046127319336222, 19.53862190246582 ], [ 82.022392272949219, 19.501802444458008 ], [ 82.09207916259777, 19.509840011596793 ], [ 82.119308471679744, 19.423900604248104 ], [ 82.183059692382926, 19.417610168456974 ], [ 82.166366577148608, 19.36593055725109 ], [ 82.140830993652514, 19.361919403076399 ], [ 82.183166503906421, 19.319700241088981 ], [ 82.151725769043026, 19.265462875366438 ], [ 82.178787231445483, 19.158859252929744 ], [ 82.159782409668026, 19.126480102539119 ], [ 82.199752807617358, 19.117460250854549 ], [ 82.212112426757756, 19.090549468994254 ], [ 82.194091796875057, 19.060220718383732 ], [ 82.225067138672159, 19.014591217041243 ], [ 82.239562988281534, 18.910459518432617 ], [ 82.172729492187557, 18.895288467407227 ], [ 82.161148071289347, 18.790960311889762 ], [ 82.129066467285213, 18.757650375366211 ], [ 82.081413269043253, 18.755870819091797 ], [ 82.078582763672159, 18.712081909179631 ], [ 82.033737182617472, 18.718799591064567 ], [ 81.967681884765682, 18.690612792968807 ], [ 81.947441101074276, 18.628820419311637 ], [ 81.885375976562443, 18.65032958984375 ], [ 81.888366699218807, 18.620990753173942 ], [ 81.954528808593807, 18.586709976196346 ], [ 81.946907043457088, 18.559150695800781 ], [ 81.908599853515739, 18.564228057861328 ], [ 81.896827697753849, 18.528392791748104 ], [ 81.857940673828296, 18.513059616088981 ], [ 81.762100219726619, 18.411310195922965 ], [ 81.744911193847713, 18.345350265503157 ], [ 81.658096313476619, 18.339290618896428 ], [ 81.658668518066463, 18.31109809875494 ], [ 81.593406677246264, 18.301280975341911 ], [ 81.527961730957031, 18.259080886840934 ], [ 81.477310180664119, 17.970020294189396 ], [ 81.437255859375057, 17.875938415527344 ], [ 81.393829345703409, 17.885139465332088 ], [ 81.384132385253849, 17.803489685058594 ], [ 81.254035949707315, 17.812129974365234 ], [ 81.159568786621151, 17.852630615234318 ], [ 81.073600769043253, 17.78629112243658 ], [ 81.037651062011776, 17.786239624023551 ], [ 81.004348754883097, 17.838348388671875 ], [ 80.943992614746151, 18.081020355224723 ], [ 80.973678588867188, 18.168149948120174 ], [ 80.862022399902401, 18.132669448852482 ], [ 80.848197937011889, 18.197650909423885 ], [ 80.86749267578125, 18.207258224487532 ], [ 80.829589843750057, 18.23411941528326 ], [ 80.797927856445369, 18.166299819946289 ], [ 80.734558105468807, 18.171712875366211 ], [ 80.733268737793026, 18.218790054321346 ], [ 80.788276672363224, 18.24978065490717 ], [ 80.744621276855639, 18.302181243896541 ], [ 80.726539611816406, 18.408990859985408 ], [ 80.691009521484375, 18.419349670410156 ], [ 80.698890686035213, 18.436000823974553 ], [ 80.632682800293139, 18.518840789794922 ], [ 80.488388061523551, 18.62672042846674 ], [ 80.338790893554744, 18.588209152221793 ], [ 80.239562988281421, 18.752210617065487 ], [ 80.347785949707088, 18.815940856933821 ], [ 80.267639160156307, 18.928789138794059 ], [ 80.267723083496378, 18.98732948303234 ], [ 80.322113037109318, 19.074871063232649 ], [ 80.324851989746094, 19.141532897949446 ], [ 80.386672973632869, 19.189020156860352 ], [ 80.383346557617131, 19.239139556884879 ], [ 80.437026977539119, 19.261070251464844 ], [ 80.475585937500057, 19.335042953491211 ], [ 80.567817687988452, 19.400920867919865 ], [ 80.610153198242358, 19.307140350341797 ], [ 80.671890258789347, 19.326448440551871 ], [ 80.688606262207088, 19.283489227294922 ], [ 80.749237060546875, 19.286741256713867 ], [ 80.845008850097713, 19.360910415649471 ], [ 80.787933349609546, 19.426700592041016 ], [ 80.892066955566577, 19.465681076049805 ], [ 80.879051208496378, 19.519029617309627 ], [ 80.827606201172046, 19.562671661376896 ], [ 80.656852722167912, 19.612260818481445 ], [ 80.665840148925781, 19.692211151123047 ], [ 80.539672851562557, 19.77459907531744 ], [ 80.542427062988281, 19.819271087646484 ], [ 80.469161987304972, 19.824661254882812 ], [ 80.478088378906364, 19.772409439087028 ], [ 80.394706726074276, 19.794578552246151 ], [ 80.397529602050838, 19.816230773925895 ], [ 80.431655883789233, 19.810300827026367 ], [ 80.497520446777401, 19.868749618530501 ], [ 80.482650756835994, 19.898899078369254 ], [ 80.407676696777401, 19.905902862549055 ], [ 80.406295776367188, 19.932500839233512 ], [ 80.443702697753963, 19.952671051025504 ], [ 80.520378112793026, 19.930879592895621 ], [ 80.546157836914119, 20.065710067749023 ], [ 80.540367126465014, 20.109832763671875 ], [ 80.498031616211108, 20.138919830322266 ], [ 80.393836975097599, 20.144020080566463 ], [ 80.413986206054744, 20.190231323242301 ], [ 80.382957458496037, 20.241720199584904 ], [ 80.510826110839901, 20.269611358642635 ], [ 80.542022705078409, 20.30684852600109 ], [ 80.617767333984375, 20.33368110656744 ], [ 80.586021423339901, 20.395610809326115 ], [ 80.622322082519815, 20.603862762451286 ], [ 80.567306518554744, 20.612407684326229 ], [ 80.511901855468693, 20.585119247436523 ], [ 80.481597900390796, 20.617099761962891 ], [ 80.507606506347713, 20.654600143432674 ], [ 80.580116271972713, 20.683641433715877 ], [ 80.5455322265625, 20.76536941528326 ], [ 80.541839599609318, 20.933919906616211 ], [ 80.459091186523608, 20.928150177001953 ], [ 80.423759460449503, 21.009590148926009 ], [ 80.447341918945369, 21.03662109375 ], [ 80.433319091796818, 21.097150802612418 ], [ 80.455268859863281, 21.169080734252873 ], [ 80.603446960449162, 21.227422714233512 ], [ 80.672950744628963, 21.298288345337028 ], [ 80.656532287597827, 21.330772399902401 ], [ 80.730216979980526, 21.472051620483455 ], [ 80.709236145019588, 21.586750030517521 ], [ 80.718528747558594, 21.711860656738338 ], [ 80.742973327636776, 21.757961273193416 ], [ 80.811203002929858, 21.747491836547795 ], [ 80.841171264648438, 21.856452941894759 ], [ 80.818443298340014, 21.956790924072266 ], [ 80.845771789550838, 21.960899353027344 ], [ 80.906089782714957, 22.11444091796875 ], [ 80.950523376464901, 22.113010406494141 ], [ 80.978851318359546, 22.048311233520508 ], [ 81.004272460937557, 22.070020675659407 ], [ 80.971755981445256, 22.121480941772461 ], [ 81.015792846679972, 22.132709503173885 ], [ 81.019447326660099, 22.229190826416016 ], [ 81.084678649902287, 22.246749877929801 ], [ 81.113845825195597, 22.294380187988509 ], [ 81.109992980957145, 22.441120147705135 ], [ 81.180046081542912, 22.490150451660099 ], [ 81.218391418457031, 22.451650619506836 ], [ 81.275466918945483, 22.4994411468507 ], [ 81.303962707519645, 22.481750488281364 ], [ 81.322937011718921, 22.524330139160156 ], [ 81.378738403320426, 22.505300521850643 ], [ 81.396553039550952, 22.441320419311523 ], [ 81.519065856933651, 22.539981842041129 ], [ 81.615791320800838, 22.539020538330135 ], [ 81.648689270019531, 22.568950653076229 ], [ 81.656547546386889, 22.632001876831168 ], [ 81.722946166992244, 22.676210403442383 ], [ 81.740539550781307, 22.648069381713867 ], [ 81.762725830078409, 22.663589477539062 ], [ 81.746612548828182, 22.726488113403434 ], [ 81.78427886962919, 22.766620635986271 ], [ 81.769401550293253, 22.873508453369141 ], [ 81.856346130371378, 22.890859603881836 ], [ 81.860008239746037, 22.915000915527401 ], [ 81.940246582031307, 22.957090377807617 ], [ 81.918426513672046, 23.040979385376033 ], [ 81.938102722168026, 23.077810287475586 ], [ 82.024085998535327, 23.080120086669979 ], [ 82.067131042480753, 23.116817474365178 ], [ 82.115882873535213, 23.103799819946232 ], [ 82.151077270507756, 23.141740798950309 ], [ 82.142486572265568, 23.227701187133846 ], [ 82.186386108398608, 23.277658462524641 ], [ 82.185859680175838, 23.325389862060774 ], [ 82.137832641601619, 23.36184120178234 ], [ 82.110900878906307, 23.355840682983512 ], [ 82.098480224609546, 23.397701263427791 ], [ 82.045738220214957, 23.377870559692496 ], [ 82.014518737792969, 23.387918472290096 ], [ 82.015975952148551, 23.42350959777832 ], [ 81.976119995117301, 23.413110733032283 ], [ 81.916358947753963, 23.532091140747127 ], [ 81.827178955078409, 23.511289596557731 ], [ 81.804618835449276, 23.545810699462891 ], [ 81.736030578613224, 23.567430496215934 ], [ 81.69309234619169, 23.523340225219783 ], [ 81.654533386230582, 23.531551361084041 ], [ 81.628227233887003, 23.49036979675293 ], [ 81.607048034668082, 23.506889343261776 ], [ 81.605697631835994, 23.550489425659237 ], [ 81.577072143554744, 23.554889678955192 ], [ 81.569732666015625, 23.588649749755973 ], [ 81.602676391601847, 23.600032806396541 ], [ 81.613243103027514, 23.660980224609432 ], [ 81.643127441406534, 23.660331726074219 ], [ 81.687286376953182, 23.721349716186523 ], [ 81.598442077636776, 23.853679656982422 ], [ 81.61051177978544, 23.906972885131893 ], [ 81.66159820556652, 23.925598144531364 ], [ 81.719062805175724, 23.840429306030501 ], [ 81.782661437988338, 23.811840057373161 ], [ 81.852935791015909, 23.824319839477596 ], [ 81.916442871094034, 23.872989654541243 ], [ 81.950706481933651, 23.852890014648494 ], [ 82.000732421875284, 23.863140106201286 ], [ 82.045402526855412, 23.820589065551701 ], [ 82.162406921386776, 23.81995964050293 ], [ 82.203887939453409, 23.85299110412609 ], [ 82.226142883300838, 23.806932449340877 ], [ 82.460021972656534, 23.811399459838867 ], [ 82.516197204590014, 23.7842311859132 ], [ 82.544517517090128, 23.794189453125114 ], [ 82.527351379394815, 23.824079513549918 ], [ 82.585983276367358, 23.822860717773438 ], [ 82.652023315429744, 23.856500625610352 ], [ 82.656517028808537, 23.907861709594783 ], [ 82.748100280761889, 23.922281265258789 ], [ 82.798652648925952, 23.962181091308651 ], [ 82.949501037597656, 23.872989654541243 ], [ 83.127410888672159, 23.890020370483626 ], [ 83.189567565918082, 23.921100616455192 ], [ 83.216026306152401, 23.989402770996094 ], [ 83.276077270507983, 24.023281097412166 ], [ 83.289009094238281, 24.07290077209484 ], [ 83.327598571777401, 24.099649429321289 ] ] ] } },
{ "type": "Feature", "properties": { "ID_0": 105, "ISO": "IND", "NAME_0": "India", "ID_1": 8, "NAME_1": "Dadra and Nagar Haveli" }, "geometry": { "type": "Polygon", "coordinates": [ [ [ 72.990463256835881, 20.292089462280217 ], [ 73.020492553710994, 20.290901184082088 ], [ 73.019836425781193, 20.317398071289119 ], [ 73.044166564941463, 20.291112899780387 ], [ 73.050476074218807, 20.322998046875114 ], [ 73.090896606445369, 20.326839447021541 ], [ 73.103385925292969, 20.360361099243221 ], [ 73.112869262695426, 20.304941177368278 ], [ 73.177101135253963, 20.312322616577148 ], [ 73.178878784179801, 20.286460876464844 ], [ 73.158203125000057, 20.290481567382812 ], [ 73.064239501953239, 20.203161239624137 ], [ 73.082443237304688, 20.156589508056754 ], [ 73.150070190429801, 20.172840118408203 ], [ 73.145751953125, 20.206979751586914 ], [ 73.227783203125, 20.187049865722656 ], [ 73.196098327636719, 20.156112670898551 ], [ 73.219116210937614, 20.097499847412109 ], [ 73.198905944824332, 20.062271118164176 ], [ 73.060638427734489, 20.099060058593864 ], [ 73.052810668945426, 20.067670822143612 ], [ 73.010208129882869, 20.110401153564567 ], [ 73.010513305664062, 20.140222549438477 ], [ 72.985321044921875, 20.113451004028263 ], [ 72.9744873046875, 20.225839614868164 ], [ 72.922309875488395, 20.274400711059684 ], [ 72.945976257324332, 20.293430328369141 ], [ 72.984092712402401, 20.271680831909123 ], [ 72.990463256835881, 20.292089462280217 ] ] ] } },
{ "type": "Feature", "properties": { "ID_0": 105, "ISO": "IND", "NAME_0": "India", "ID_1": 9, "NAME_1": "Daman and Diu" }, "geometry": { "type": "MultiPolygon", "coordinates": [ [ [ [ 72.830406188965128, 20.44042015075695 ], [ 72.865898132324503, 20.467510223388615 ], [ 72.837059020996207, 20.422330856323356 ], [ 72.868927001953409, 20.405929565429744 ], [ 72.875526428222713, 20.381050109863281 ], [ 72.845077514648722, 20.407119750976676 ], [ 72.821533203125, 20.371080398559627 ], [ 72.830406188965128, 20.44042015075695 ] ] ], [ [ [ 70.883956909179972, 20.713809967041016 ], [ 70.888534545898722, 20.709032058716048 ], [ 70.873748779296875, 20.709583282470703 ], [ 70.883956909179972, 20.713809967041016 ] ] ], [ [ [ 70.904876708984432, 20.726528167724553 ], [ 70.997642517090128, 20.714027404785099 ], [ 70.892082214355526, 20.707916259765739 ], [ 70.904876708984432, 20.726528167724553 ] ] ], [ [ [ 70.768028259277344, 20.961959838867301 ], [ 70.846015930176065, 20.970550537109489 ], [ 70.880203247070483, 20.955379486084098 ], [ 70.901611328125057, 20.903329849243164 ], [ 70.884346008301065, 20.873239517212141 ], [ 70.816963195800838, 20.851200103759822 ], [ 70.896179199219034, 20.824792861938704 ], [ 70.893852233887003, 20.794700622558707 ], [ 70.867416381836108, 20.795049667358342 ], [ 70.867286682128963, 20.764631271362532 ], [ 70.843582153320483, 20.76038932800293 ], [ 70.840347290039233, 20.728450775146655 ], [ 70.874031066894815, 20.704862594604492 ], [ 70.838195800781534, 20.690141677856502 ], [ 70.807357788086108, 20.700138092041072 ], [ 70.827636718750057, 20.697919845581339 ], [ 70.8165283203125, 20.719030380249251 ], [ 70.803749084472656, 20.700695037842024 ], [ 70.674026489257983, 20.75819015502924 ], [ 70.679031372070369, 20.844039916992244 ], [ 70.733848571777628, 20.988439559936637 ], [ 70.768028259277344, 20.961959838867301 ] ] ] ] } },
{ "type": "Feature", "properties": { "ID_0": 105, "ISO": "IND", "NAME_0": "India", "ID_1": 10, "NAME_1": "Delhi" }, "geometry": { "type": "Polygon", "coordinates": [ [ [ 77.21732330322277, 28.835279464721793 ], [ 77.196922302246037, 28.795280456542912 ], [ 77.284896850585938, 28.712459564208984 ], [ 77.323486328125057, 28.7158718109132 ], [ 77.311210632324219, 28.644641876220817 ], [ 77.337532043457031, 28.617492675781364 ], [ 77.293647766113281, 28.579719543457145 ], [ 77.337738037109375, 28.508970260620117 ], [ 77.24265289306652, 28.484600067138729 ], [ 77.225746154785156, 28.464010238647518 ], [ 77.240615844726562, 28.428859710693416 ], [ 77.165771484375057, 28.40846061706543 ], [ 77.072479248046932, 28.520280838012809 ], [ 77.006095886230526, 28.542779922485465 ], [ 77.005546569824276, 28.514440536499137 ], [ 76.879371643066406, 28.509050369262695 ], [ 76.837615966796875, 28.556989669799918 ], [ 76.835029602050838, 28.591400146484375 ], [ 76.877937316894588, 28.637630462646598 ], [ 76.933906555175724, 28.637649536132869 ], [ 76.917488098144645, 28.657270431518612 ], [ 76.954597473144588, 28.705371856689453 ], [ 76.942306518554688, 28.820680618286246 ], [ 77.031539916992301, 28.836790084838981 ], [ 77.075851440429688, 28.884511947631836 ], [ 77.139198303222656, 28.841669082641715 ], [ 77.19964599609375, 28.864940643310661 ], [ 77.21732330322277, 28.835279464721793 ] ] ] } },
{ "type": "Feature", "properties": { "ID_0": 105, "ISO": "IND", "NAME_0": "India", "ID_1": 11, "NAME_1": "Goa" }, "geometry": { "type": "MultiPolygon", "coordinates": [ [ [ [ 73.762077331543026, 15.35513973236101 ], [ 73.782081604003963, 15.348470687866211 ], [ 73.760696411132983, 15.352081298828239 ], [ 73.762077331543026, 15.35513973236101 ] ] ], [ [ [ 73.79264068603544, 15.376810073852539 ], [ 73.799308776855582, 15.377639770507926 ], [ 73.796249389648494, 15.372369766235295 ], [ 73.79264068603544, 15.376810073852539 ] ] ], [ [ [ 73.861526489258097, 15.407084465026969 ], [ 73.865417480468921, 15.40374946594261 ], [ 73.862640380859659, 15.403196334838867 ], [ 73.861526489258097, 15.407084465026969 ] ] ], [ [ [ 73.865486145019588, 15.797529220581112 ], [ 73.88590240478527, 15.747261047363395 ], [ 73.945365905761776, 15.741521835327092 ], [ 73.969261169433707, 15.644321441650447 ], [ 74.002388000488338, 15.609051704406966 ], [ 74.173431396484546, 15.652051925659293 ], [ 74.190132141113395, 15.680980682373161 ], [ 74.213249206543253, 15.649029731750488 ], [ 74.231582641601562, 15.666520118713379 ], [ 74.255256652832202, 15.654210090637207 ], [ 74.254310607910327, 15.565830230712891 ], [ 74.287277221679688, 15.526000022888297 ], [ 74.256332397461222, 15.489520072937012 ], [ 74.282638549804801, 15.388620376586914 ], [ 74.328369140625057, 15.367251396179199 ], [ 74.341651916504077, 15.292930603027457 ], [ 74.257522583007812, 15.257629394531364 ], [ 74.321907043457088, 15.184069633483944 ], [ 74.278343200683764, 15.095899581909123 ], [ 74.302337646484318, 15.039859771728572 ], [ 74.261711120605412, 14.990760803222884 ], [ 74.270118713378906, 14.966641426086483 ], [ 74.211837768554744, 14.921420097351131 ], [ 74.186561584472599, 14.953380584716797 ], [ 74.166099548339957, 14.939441680908146 ], [ 74.175392150878963, 14.908919334411678 ], [ 74.139396667480582, 14.92046070098877 ], [ 74.097358703613281, 14.895659446716309 ], [ 74.042922973633097, 14.918471336364803 ], [ 74.053474426269702, 14.958193778991756 ], [ 74.034309387207315, 14.983750343322811 ], [ 74.050140380859659, 14.988195419311523 ], [ 73.989028930664119, 15.020140647888297 ], [ 73.966804504394815, 15.065972328186149 ], [ 73.911804199218807, 15.084028244018668 ], [ 73.948471069336051, 15.145972251892147 ], [ 73.886528015136662, 15.350419998168888 ], [ 73.808197021484546, 15.376805305481071 ], [ 73.782913208008097, 15.408749580383528 ], [ 73.876808166503849, 15.39680480957054 ], [ 73.896797180176065, 15.414859771728743 ], [ 73.849029541015682, 15.452082633972282 ], [ 73.787635803222713, 15.461527824401855 ], [ 73.805419921875114, 15.49485969543457 ], [ 73.764579772949276, 15.49458026885992 ], [ 73.731246948242472, 15.59041690826416 ], [ 73.754859924316463, 15.617361068725529 ], [ 73.722640991211051, 15.630140304565373 ], [ 73.679306030273494, 15.722360610961857 ], [ 73.793212890625114, 15.723660469055233 ], [ 73.833038330078182, 15.737751960754395 ], [ 73.865486145019588, 15.797529220581112 ] ] ] ] } },
{ "type": "Feature", "properties": { "ID_0": 105, "ISO": "IND", "NAME_0": "India", "ID_1": 12, "NAME_1": "Gujarat" }, "geometry": { "type": "MultiPolygon", "coordinates": [ [ [ [ 70.840347290039233, 20.728450775146655 ], [ 70.857635498047159, 20.742082595825309 ], [ 70.870407104492472, 20.718719482422102 ], [ 70.840347290039233, 20.728450775146655 ] ] ], [ [ [ 72.847076416015796, 20.753759384155501 ], [ 72.855415344238224, 20.75958061218256 ], [ 72.857643127441463, 20.75263977050804 ], [ 72.847076416015796, 20.753759384155501 ] ] ], [ [ [ 71.385971069336222, 20.86541938781761 ], [ 71.387641906738338, 20.863468170165959 ], [ 71.386802673340014, 20.863468170165959 ], [ 71.385971069336222, 20.86541938781761 ] ] ], [ [ [ 71.507080078125284, 20.902915954589844 ], [ 71.520141601562671, 20.90625190734886 ], [ 71.530418395996264, 20.903472900390625 ], [ 71.507080078125284, 20.902915954589844 ] ] ], [ [ [ 71.645141601562557, 20.977083206176871 ], [ 71.648475646972827, 20.974584579467773 ], [ 71.644302368164233, 20.974580764770621 ], [ 71.645141601562557, 20.977083206176871 ] ] ], [ [ [ 71.674026489257983, 20.992919921875 ], [ 71.687362670898381, 20.991527557373047 ], [ 71.673751831054744, 20.985141754150504 ], [ 71.674026489257983, 20.992919921875 ] ] ], [ [ [ 71.698196411133097, 20.999309539794922 ], [ 71.703750610351847, 20.995138168334904 ], [ 71.695419311523608, 20.996810913086165 ], [ 71.698196411133097, 20.999309539794922 ] ] ], [ [ [ 71.706527709960994, 20.998752593994141 ], [ 71.71402740478544, 20.997650146484318 ], [ 71.705970764160213, 20.997360229492415 ], [ 71.706527709960994, 20.998752593994141 ] ] ], [ [ [ 72.647918701171875, 21.067920684814567 ], [ 72.654586791992188, 21.073749542236385 ], [ 72.657356262207088, 21.065141677856673 ], [ 72.647918701171875, 21.067920684814567 ] ] ], [ [ [ 72.67874908447277, 21.096805572509766 ], [ 72.680686950683878, 21.096530914306754 ], [ 72.680686950683878, 21.095420837402571 ], [ 72.67874908447277, 21.096805572509766 ] ] ], [ [ [ 72.669296264648608, 21.104860305786246 ], [ 72.672920227050952, 21.104305267334041 ], [ 72.676246643066463, 21.097080230713004 ], [ 72.669296264648608, 21.104860305786246 ] ] ], [ [ [ 72.697639465332315, 21.116811752319279 ], [ 72.703186035156534, 21.114580154419059 ], [ 72.699577331543253, 21.112360000610352 ], [ 72.697639465332315, 21.116811752319279 ] ] ], [ [ [ 72.676528930664062, 21.155700683593807 ], [ 72.710418701172159, 21.140693664550895 ], [ 72.696807861328182, 21.118749618530273 ], [ 72.689025878906307, 21.089860916137695 ], [ 72.676528930664062, 21.155700683593807 ] ] ], [ [ [ 72.102081298828125, 21.270690917968807 ], [ 72.103202819824389, 21.270420074463118 ], [ 72.099029541015625, 21.265409469604435 ], [ 72.102081298828125, 21.270690917968807 ] ] ], [ [ [ 72.587081909179858, 21.339860916137809 ], [ 72.587356567382869, 21.336250305175781 ], [ 72.585983276367244, 21.336250305175781 ], [ 72.587081909179858, 21.339860916137809 ] ] ], [ [ [ 72.579582214355753, 21.364311218261719 ], [ 72.582916259765796, 21.362360000610465 ], [ 72.578750610351619, 21.360139846801758 ], [ 72.579582214355753, 21.364311218261719 ] ] ], [ [ [ 72.593750000000171, 21.38070106506342 ], [ 72.599861145019702, 21.377914428710994 ], [ 72.587638854980469, 21.367361068725813 ], [ 72.593750000000171, 21.38070106506342 ] ] ], [ [ [ 72.628196716308707, 21.417360305786133 ], [ 72.621803283691577, 21.403192520141715 ], [ 72.612640380859546, 21.395694732666016 ], [ 72.617088317871151, 21.405139923095817 ], [ 72.628196716308707, 21.417360305786133 ] ] ], [ [ [ 72.6351318359375, 21.41764068603527 ], [ 72.635696411132756, 21.413192749023494 ], [ 72.631530761718921, 21.411806106567553 ], [ 72.6351318359375, 21.41764068603527 ] ] ], [ [ [ 72.665412902832315, 21.443201065063533 ], [ 72.672637939453239, 21.440139770507926 ], [ 72.663749694824389, 21.439582824706974 ], [ 72.665412902832315, 21.443201065063533 ] ] ], [ [ [ 69.718482971191463, 21.557638168334961 ], [ 69.722084045410327, 21.554582595825252 ], [ 69.719581604004077, 21.554027557373104 ], [ 69.718482971191463, 21.557638168334961 ] ] ], [ [ [ 69.724586486816463, 21.609029769897518 ], [ 69.734863281250171, 21.60958290100092 ], [ 69.740142822265568, 21.592639923095817 ], [ 69.724586486816463, 21.609029769897518 ] ] ], [ [ [ 72.345413208007983, 21.602350234985522 ], [ 72.365142822265682, 21.597639083862418 ], [ 72.358749389648381, 21.579860687255973 ], [ 72.345413208007983, 21.602350234985522 ] ] ], [ [ [ 72.583473205566577, 21.629030227661076 ], [ 72.584022521972827, 21.625970840454215 ], [ 72.581253051757869, 21.626249313354606 ], [ 72.583473205566577, 21.629030227661076 ] ] ], [ [ [ 72.606246948242244, 21.628471374511719 ], [ 72.607360839843807, 21.619029998779297 ], [ 72.605148315429972, 21.619581222534293 ], [ 72.606246948242244, 21.628471374511719 ] ] ], [ [ [ 72.610137939453068, 21.631250381469783 ], [ 72.610687255859659, 21.629859924316634 ], [ 72.609863281250057, 21.629590988159407 ], [ 72.610137939453068, 21.631250381469783 ] ] ], [ [ [ 72.61429595947294, 21.636529922485352 ], [ 72.615974426269588, 21.636249542236555 ], [ 72.614585876464844, 21.635417938232422 ], [ 72.61429595947294, 21.636529922485352 ] ] ], [ [ [ 72.587905883789119, 21.63014030456543 ], [ 72.595962524414176, 21.63014030456543 ], [ 72.611526489257983, 21.635694503784407 ], [ 72.601516723633097, 21.626810073852539 ], [ 72.599021911621378, 21.617361068725586 ], [ 72.587905883789119, 21.63014030456543 ] ] ], [ [ [ 72.617080688476619, 21.639583587646428 ], [ 72.618469238281364, 21.638458251953182 ], [ 72.617080688476619, 21.63902854919445 ], [ 72.617080688476619, 21.639583587646428 ] ] ], [ [ [ 72.595695495605639, 21.640693664550781 ], [ 72.60263824462902, 21.639860153198242 ], [ 72.59958648681652, 21.637083053588924 ], [ 72.595695495605639, 21.640693664550781 ] ] ], [ [ [ 72.722640991211222, 21.665971755981502 ], [ 72.745971679687671, 21.658750534057617 ], [ 72.750968933105526, 21.652915954590071 ], [ 72.716796875000171, 21.64459037780756 ], [ 72.722640991211222, 21.665971755981502 ] ] ], [ [ [ 72.26763916015625, 21.736530303955078 ], [ 72.282638549804631, 21.734582901000977 ], [ 72.287635803222827, 21.707361221313533 ], [ 72.26763916015625, 21.736530303955078 ] ] ], [ [ [ 72.347640991211222, 21.92902946472168 ], [ 72.357360839844034, 21.929309844970646 ], [ 72.360420227051065, 21.924583435058878 ], [ 72.347640991211222, 21.92902946472168 ] ] ], [ [ [ 72.212356567382869, 22.005420684814624 ], [ 72.215972900390682, 22.002082824707202 ], [ 72.210418701171875, 22.003192901611555 ], [ 72.212356567382869, 22.005420684814624 ] ] ], [ [ [ 72.467918395996151, 22.205419540405501 ], [ 72.472358703613338, 22.203189849853459 ], [ 72.467918395996151, 22.202360153198242 ], [ 72.467918395996151, 22.205419540405501 ] ] ], [ [ [ 72.387641906738338, 22.210136413574332 ], [ 72.390136718750057, 22.213481903076286 ], [ 72.392082214355753, 22.210411071777344 ], [ 72.387641906738338, 22.210136413574332 ] ] ], [ [ [ 72.363471984863565, 22.214027404785156 ], [ 72.368186950683651, 22.224029541015739 ], [ 72.376525878906421, 22.203750610351619 ], [ 72.363471984863565, 22.214027404785156 ] ] ], [ [ [ 69.309288024902344, 22.304580688476506 ], [ 69.312080383300895, 22.304029464721907 ], [ 69.311805725097827, 22.303194046020735 ], [ 69.309288024902344, 22.304580688476506 ] ] ], [ [ [ 69.439582824707202, 22.356809616089038 ], [ 69.458190917969034, 22.352079391479492 ], [ 69.437362670898494, 22.354305267333984 ], [ 69.439582824707202, 22.356809616089038 ] ] ], [ [ [ 69.182640075683594, 22.366809844970817 ], [ 69.185691833496094, 22.367082595825252 ], [ 69.185417175293026, 22.364040374755859 ], [ 69.182640075683594, 22.366809844970817 ] ] ], [ [ [ 69.192642211914119, 22.370969772338867 ], [ 69.194580078125057, 22.367639541626204 ], [ 69.18985748291044, 22.369304656982536 ], [ 69.192642211914119, 22.370969772338867 ] ] ], [ [ [ 69.212364196777628, 22.384027481079102 ], [ 69.215141296386776, 22.384027481079102 ], [ 69.214302062988281, 22.382360458374194 ], [ 69.212364196777628, 22.384027481079102 ] ] ], [ [ [ 69.202362060546932, 22.387641906738509 ], [ 69.200691223144645, 22.384859085083065 ], [ 69.199577331543253, 22.384027481079102 ], [ 69.199584960937784, 22.387083053588981 ], [ 69.202362060546932, 22.387641906738509 ] ] ], [ [ [ 69.322906494140682, 22.382360458374194 ], [ 69.340415954590014, 22.38097190856945 ], [ 69.332077026367244, 22.372640609741381 ], [ 69.322906494140682, 22.382360458374194 ] ] ], [ [ [ 69.48014068603544, 22.390138626098633 ], [ 69.489028930664119, 22.392919540405501 ], [ 69.484580993652514, 22.387641906738509 ], [ 69.48014068603544, 22.390138626098633 ] ] ], [ [ [ 69.2781982421875, 22.417921066284407 ], [ 69.280693054199389, 22.415695190429744 ], [ 69.277641296386889, 22.415973663330305 ], [ 69.2781982421875, 22.417921066284407 ] ] ], [ [ [ 69.275695800781534, 22.419860839843977 ], [ 69.277915954589901, 22.418193817138672 ], [ 69.275138854980412, 22.41903114318859 ], [ 69.275695800781534, 22.419860839843977 ] ] ], [ [ [ 69.140693664550952, 22.454584121704102 ], [ 69.141807556152287, 22.454305648803711 ], [ 69.14263916015625, 22.452917098998967 ], [ 69.140693664550952, 22.454584121704102 ] ] ], [ [ [ 69.627639770507983, 22.459583282470703 ], [ 69.657081604003963, 22.428194046020621 ], [ 69.636528015137003, 22.406530380249137 ], [ 69.58819580078125, 22.437080383301065 ], [ 69.627639770507983, 22.459583282470703 ] ] ], [ [ [ 69.302085876465014, 22.474029541015852 ], [ 69.324584960937671, 22.469583511352653 ], [ 69.326805114746378, 22.4570827484132 ], [ 69.30124664306669, 22.452917098998967 ], [ 69.302085876465014, 22.474029541015852 ] ] ], [ [ [ 69.136802673340128, 22.477638244628906 ], [ 69.146804809570483, 22.463193893432731 ], [ 69.110969543457202, 22.464031219482649 ], [ 69.084861755371151, 22.42095947265625 ], [ 69.093482971191463, 22.461530685424805 ], [ 69.136802673340128, 22.477638244628906 ] ] ], [ [ [ 69.085136413574503, 22.488189697265682 ], [ 69.086807250976619, 22.48680305480957 ], [ 69.084030151367188, 22.485137939453182 ], [ 69.085136413574503, 22.488189697265682 ] ] ], [ [ [ 69.324287414550895, 22.52763938903837 ], [ 69.351249694824219, 22.526540756225529 ], [ 69.363746643066463, 22.512361526489258 ], [ 69.335136413574276, 22.507358551025447 ], [ 69.324287414550895, 22.52763938903837 ] ] ], [ [ [ 69.943473815917912, 22.530416488647461 ], [ 69.947082519531534, 22.531530380249023 ], [ 69.947639465332315, 22.530416488647461 ], [ 69.943473815917912, 22.530416488647461 ] ] ], [ [ [ 69.401802062988452, 22.528194427490348 ], [ 69.406517028808878, 22.527080535888842 ], [ 69.403198242187557, 22.52430534362793 ], [ 69.401802062988452, 22.528194427490348 ] ] ], [ [ [ 69.955139160156421, 22.535972595214844 ], [ 69.956802368164347, 22.534030914306868 ], [ 69.952369689941463, 22.532640457153377 ], [ 69.955139160156421, 22.535972595214844 ] ] ], [ [ [ 69.958190917968921, 22.542640686035156 ], [ 69.963470458984659, 22.54181098938011 ], [ 69.954032897949276, 22.535972595214844 ], [ 69.958190917968921, 22.542640686035156 ] ] ], [ [ [ 69.941802978515796, 22.550420761108398 ], [ 69.953193664550724, 22.536806106567383 ], [ 69.938751220703296, 22.538480758667049 ], [ 69.941802978515796, 22.550420761108398 ] ] ], [ [ [ 69.918746948242244, 22.553195953369084 ], [ 69.941528320312784, 22.517915725708008 ], [ 69.896530151367472, 22.511806488037053 ], [ 69.862358093262003, 22.527080535888842 ], [ 69.895141601562557, 22.522920608520735 ], [ 69.918746948242244, 22.553195953369084 ] ] ], [ [ [ 70.015975952148608, 22.551530838012923 ], [ 70.019859313964901, 22.547916412353516 ], [ 70.011528015137003, 22.549583435058821 ], [ 70.015975952148608, 22.551530838012923 ] ] ], [ [ [ 70.000686645507756, 22.552360534668139 ], [ 70.00485992431669, 22.549030303955078 ], [ 69.995971679687671, 22.548751831054688 ], [ 70.000686645507756, 22.552360534668139 ] ] ], [ [ [ 70.016822814941463, 22.557920455932845 ], [ 70.024581909179858, 22.555139541626204 ], [ 70.012641906738338, 22.554027557373047 ], [ 70.016822814941463, 22.557920455932845 ] ] ], [ [ [ 70.038475036621264, 22.566804885864315 ], [ 70.040969848632983, 22.565139770507983 ], [ 70.038749694824276, 22.564306259155217 ], [ 70.038475036621264, 22.566804885864315 ] ] ], [ [ [ 70.042076110839787, 22.570140838623161 ], [ 70.045967102050838, 22.569860458374194 ], [ 70.042076110839787, 22.56735992431669 ], [ 70.042076110839787, 22.570140838623161 ] ] ], [ [ [ 70.180137634277628, 22.581529617309684 ], [ 70.183197021484659, 22.582639694213867 ], [ 70.183197021484659, 22.580970764160156 ], [ 70.180137634277628, 22.581529617309684 ] ] ], [ [ [ 70.009033203125284, 22.59320068359375 ], [ 70.027084350585994, 22.567916870117244 ], [ 69.957916259765909, 22.549579620361271 ], [ 69.965141296386776, 22.577920913696403 ], [ 70.009033203125284, 22.59320068359375 ] ] ], [ [ [ 70.188751220703068, 22.599582672119141 ], [ 70.191802978515568, 22.598194122314567 ], [ 70.18930816650419, 22.597639083862418 ], [ 70.188751220703068, 22.599582672119141 ] ] ], [ [ [ 69.953193664550724, 22.595415115356502 ], [ 69.958190917968921, 22.60375022888195 ], [ 69.963752746582031, 22.599027633666935 ], [ 69.953193664550724, 22.595415115356502 ] ] ], [ [ [ 70.216804504394531, 22.642084121704102 ], [ 70.220970153808878, 22.643472671509016 ], [ 70.220413208007756, 22.640140533447379 ], [ 70.216804504394531, 22.642084121704102 ] ] ], [ [ [ 70.235137939453296, 22.682361602783203 ], [ 70.238471984863338, 22.683202743530273 ], [ 70.238471984863338, 22.682361602783203 ], [ 70.235137939453296, 22.682361602783203 ] ] ], [ [ [ 70.239028930664119, 22.682079315185661 ], [ 70.243751525878906, 22.684310913086051 ], [ 70.243469238281534, 22.682361602783203 ], [ 70.239028930664119, 22.682079315185661 ] ] ], [ [ [ 70.241806030273608, 22.689582824707259 ], [ 70.247360229492358, 22.688190460205192 ], [ 70.242637634277401, 22.686809539795149 ], [ 70.241806030273608, 22.689582824707259 ] ] ], [ [ [ 70.243469238281534, 22.712360382080135 ], [ 70.246528625488565, 22.714582443237418 ], [ 70.245414733886719, 22.71180534362793 ], [ 70.243469238281534, 22.712360382080135 ] ] ], [ [ [ 69.630973815918026, 22.761251449585188 ], [ 69.654861450195597, 22.755970001220703 ], [ 69.666526794433537, 22.753194808959961 ], [ 69.666526794433537, 22.750690460205135 ], [ 69.630973815918026, 22.761251449585188 ] ] ], [ [ [ 69.635139465332088, 22.777915954589901 ], [ 69.637351989746094, 22.778749465942496 ], [ 69.637641906738338, 22.775690078735465 ], [ 69.635139465332088, 22.777915954589901 ] ] ], [ [ [ 70.435691833496151, 22.983749389648551 ], [ 70.45096588134794, 22.985969543457088 ], [ 70.432640075683651, 22.97875022888195 ], [ 70.435691833496151, 22.983749389648551 ] ] ], [ [ [ 70.429016113281307, 23.046529769897461 ], [ 70.429862976074389, 23.034860610962141 ], [ 70.414581298828068, 23.022638320922908 ], [ 70.429016113281307, 23.046529769897461 ] ] ], [ [ [ 70.448471069335994, 23.052083969116211 ], [ 70.434303283691463, 23.013748168945483 ], [ 70.413749694824276, 22.989849090576172 ], [ 70.414581298828068, 23.019309997558594 ], [ 70.448471069335994, 23.052083969116211 ] ] ], [ [ [ 70.453475952148722, 23.053194046020565 ], [ 70.451812744140796, 23.050970077514876 ], [ 70.450141906738338, 23.050138473510742 ], [ 70.451530456543082, 23.052360534668196 ], [ 70.453475952148722, 23.053194046020565 ] ] ], [ [ [ 70.459030151367131, 23.057640075683594 ], [ 70.457359313965014, 23.050138473510742 ], [ 70.449584960937557, 23.043193817138615 ], [ 70.457359313965014, 23.055141448974666 ], [ 70.454856872558764, 23.055141448974666 ], [ 70.451812744140796, 23.052640914916992 ], [ 70.45041656494169, 23.052360534668196 ], [ 70.449592590332088, 23.052640914916992 ], [ 70.459030151367131, 23.057640075683594 ] ] ], [ [ [ 70.447090148925838, 23.059320449829215 ], [ 70.449028015136776, 23.05792045593256 ], [ 70.445968627929744, 23.05819511413597 ], [ 70.447090148925838, 23.059320449829215 ] ] ], [ [ [ 70.461250305175838, 23.05792045593256 ], [ 70.468193054199219, 23.058750152588118 ], [ 70.460418701172046, 23.055709838867358 ], [ 70.461250305175838, 23.05792045593256 ] ] ], [ [ [ 70.48236083984375, 23.06541824340843 ], [ 70.451805114746264, 23.026527404785327 ], [ 70.446250915527287, 23.025138854980582 ], [ 70.458190917968807, 23.049861907958928 ], [ 70.48236083984375, 23.06541824340843 ] ] ], [ [ [ 68.603469848632869, 23.225694656372241 ], [ 68.611808776855639, 23.227638244629134 ], [ 68.612922668457202, 23.221250534057617 ], [ 68.603469848632869, 23.225694656372241 ] ] ], [ [ [ 68.59458160400419, 23.259580612182617 ], [ 68.595413208007983, 23.260681152344034 ], [ 68.597640991210881, 23.260139465332145 ], [ 68.59458160400419, 23.259580612182617 ] ] ], [ [ [ 68.657081604003963, 23.268749237060774 ], [ 68.660423278808764, 23.268749237060774 ], [ 68.660140991210994, 23.267915725708235 ], [ 68.657081604003963, 23.268749237060774 ] ] ], [ [ [ 68.627914428711051, 23.28652763366722 ], [ 68.629302978515568, 23.289030075073299 ], [ 68.629028320312557, 23.285417556762695 ], [ 68.627914428711051, 23.28652763366722 ] ] ], [ [ [ 68.699859619140909, 23.309312820434627 ], [ 68.708747863769588, 23.309583663940657 ], [ 68.708473205566406, 23.306528091430778 ], [ 68.699859619140909, 23.309312820434627 ] ] ], [ [ [ 68.558197021484546, 23.313751220703068 ], [ 68.612075805664119, 23.296531677246378 ], [ 68.614860534668139, 23.271530151367244 ], [ 68.572364807128963, 23.260974884033317 ], [ 68.574028015136889, 23.245140075683594 ], [ 68.540969848633097, 23.265693664550724 ], [ 68.540969848633097, 23.285142898559855 ], [ 68.567916870117358, 23.281248092651481 ], [ 68.558197021484546, 23.313751220703068 ] ] ], [ [ [ 68.634307861328296, 23.313751220703068 ], [ 68.646247863769815, 23.30735969543457 ], [ 68.633186340332031, 23.307918548584098 ], [ 68.634307861328296, 23.313751220703068 ] ] ], [ [ [ 68.630416870117472, 23.313192367553711 ], [ 68.634025573730753, 23.314027786254883 ], [ 68.631248474121264, 23.312080383300781 ], [ 68.630416870117472, 23.313192367553711 ] ] ], [ [ [ 68.639579772949503, 23.316249847412166 ], [ 68.643470764160327, 23.318210601806754 ], [ 68.643196105957315, 23.315420150756779 ], [ 68.639579772949503, 23.316249847412166 ] ] ], [ [ [ 68.588470458984659, 23.319030761718807 ], [ 68.609306335449389, 23.316806793213118 ], [ 68.618751525878963, 23.299310684204045 ], [ 68.598472595214844, 23.302080154419173 ], [ 68.588470458984659, 23.319030761718807 ] ] ], [ [ [ 68.631248474121264, 23.319578170776481 ], [ 68.631805419922046, 23.320138931274414 ], [ 68.632362365722599, 23.31875038146967 ], [ 68.631248474121264, 23.319578170776481 ] ] ], [ [ [ 68.625686645507756, 23.312080383300781 ], [ 68.62985992431669, 23.315696716308594 ], [ 68.627906799316463, 23.311531066894531 ], [ 68.625686645507756, 23.312080383300781 ] ] ], [ [ [ 68.625137329101733, 23.324306488037223 ], [ 68.629028320312557, 23.323749542236442 ], [ 68.629028320312557, 23.321529388427734 ], [ 68.625137329101733, 23.324306488037223 ] ] ], [ [ [ 68.540412902832315, 23.339309692382756 ], [ 68.544586181640909, 23.338470458984432 ], [ 68.541526794433878, 23.337081909179688 ], [ 68.540412902832315, 23.339309692382756 ] ] ], [ [ [ 68.545417785644702, 23.340419769287109 ], [ 68.55069732666044, 23.339305877685604 ], [ 68.545135498046989, 23.338752746582202 ], [ 68.545417785644702, 23.340419769287109 ] ] ], [ [ [ 68.55374908447294, 23.34181022644043 ], [ 68.555419921875057, 23.339021682739258 ], [ 68.553192138672159, 23.339862823486555 ], [ 68.55374908447294, 23.34181022644043 ] ] ], [ [ [ 68.502357482910213, 23.323749542236442 ], [ 68.527641296386662, 23.337083816528491 ], [ 68.537635803222713, 23.318470001220703 ], [ 68.502357482910213, 23.323749542236442 ] ] ], [ [ [ 68.521247863769588, 23.34263801574707 ], [ 68.531806945801065, 23.342361450195256 ], [ 68.532081604004077, 23.339305877685604 ], [ 68.521247863769588, 23.34263801574707 ] ] ], [ [ [ 68.560966491699332, 23.342920303344783 ], [ 68.565139770507869, 23.342639923095646 ], [ 68.561248779297046, 23.34181022644043 ], [ 68.560966491699332, 23.342920303344783 ] ] ], [ [ [ 68.628471374511776, 23.348749160766602 ], [ 68.632637023925838, 23.347917556762809 ], [ 68.635696411132869, 23.345420837402287 ], [ 68.634307861328296, 23.34235954284668 ], [ 68.628471374511776, 23.348749160766602 ] ] ], [ [ [ 68.470970153808878, 23.355970382690487 ], [ 68.476516723633097, 23.355421066284464 ], [ 68.476249694824276, 23.353469848632812 ], [ 68.470970153808878, 23.355970382690487 ] ] ], [ [ [ 68.569580078125284, 23.358749389648551 ], [ 68.574577331542969, 23.359029769897518 ], [ 68.575691223144815, 23.352359771728629 ], [ 68.569580078125284, 23.358749389648551 ] ] ], [ [ [ 68.596252441406364, 23.360694885254077 ], [ 68.599586486816577, 23.35958290100092 ], [ 68.595970153808764, 23.359580993652344 ], [ 68.596252441406364, 23.360694885254077 ] ] ], [ [ [ 68.567916870117358, 23.372070312500284 ], [ 68.597923278808651, 23.364032745361499 ], [ 68.595138549804972, 23.358749389648551 ], [ 68.617919921875171, 23.354030609130916 ], [ 68.617362976074276, 23.327640533447266 ], [ 68.567916870117358, 23.372070312500284 ] ] ], [ [ [ 68.539024353027401, 23.377082824706974 ], [ 68.539306640625171, 23.374860763549862 ], [ 68.537918090820597, 23.375129699707145 ], [ 68.539024353027401, 23.377082824706974 ] ] ], [ [ [ 68.502639770508097, 23.378469467163313 ], [ 68.502914428710938, 23.380973815918196 ], [ 68.505142211914006, 23.379863739013842 ], [ 68.505142211914006, 23.377361297607365 ], [ 68.502639770508097, 23.378469467163313 ] ] ], [ [ [ 68.503753662109659, 23.384307861328239 ], [ 68.505142211914006, 23.381259918213118 ], [ 68.504302978515682, 23.380970001220817 ], [ 68.503753662109659, 23.384307861328239 ] ] ], [ [ [ 68.535423278808878, 23.380701065063761 ], [ 68.536529541015682, 23.382360458373967 ], [ 68.542915344238281, 23.380138397217024 ], [ 68.535423278808878, 23.380701065063761 ] ] ], [ [ [ 68.577919006347713, 23.384029388427678 ], [ 68.586250305175952, 23.38014030456543 ], [ 68.587089538574276, 23.375970840454045 ], [ 68.577919006347713, 23.384029388427678 ] ] ], [ [ [ 68.530418395996151, 23.383195877075309 ], [ 68.532081604004077, 23.38458251953125 ], [ 68.536804199218693, 23.377361297607365 ], [ 68.534301757812784, 23.371250152587834 ], [ 68.530418395996151, 23.383195877075309 ] ] ], [ [ [ 68.552917480468807, 23.402080535888729 ], [ 68.556526184082088, 23.40374946594244 ], [ 68.556808471679972, 23.402639389038086 ], [ 68.552917480468807, 23.402080535888729 ] ] ], [ [ [ 68.555694580078125, 23.360416412353516 ], [ 68.55069732666044, 23.402360916137695 ], [ 68.556251525878849, 23.3790283203125 ], [ 68.567359924316577, 23.375972747803019 ], [ 68.555694580078125, 23.360416412353516 ] ] ], [ [ [ 68.462081909179858, 23.402360916137695 ], [ 68.462905883789119, 23.40374946594244 ], [ 68.469017028808651, 23.403469085693473 ], [ 68.462081909179858, 23.402360916137695 ] ] ], [ [ [ 68.520416259765796, 23.394029617309627 ], [ 68.527359008789119, 23.399030685424805 ], [ 68.527359008789119, 23.386249542236385 ], [ 68.520416259765796, 23.394029617309627 ] ] ], [ [ [ 68.469856262206974, 23.404581069946232 ], [ 68.47125244140625, 23.404306411743391 ], [ 68.475975036621264, 23.402915954589901 ], [ 68.469856262206974, 23.404581069946232 ] ] ], [ [ [ 68.429580688476847, 23.405969619750977 ], [ 68.432357788085994, 23.405700683593921 ], [ 68.432357788085994, 23.404859542846793 ], [ 68.429580688476847, 23.405969619750977 ] ] ], [ [ [ 68.461532592773494, 23.40625 ], [ 68.463195800781421, 23.406810760498274 ], [ 68.464576721191406, 23.405141830444563 ], [ 68.461532592773494, 23.40625 ] ] ], [ [ [ 68.409027099609546, 23.40625 ], [ 68.409858703613338, 23.407920837402628 ], [ 68.409858703613338, 23.405700683593921 ], [ 68.409027099609546, 23.40625 ] ] ], [ [ [ 68.557357788086222, 23.409309387206974 ], [ 68.555419921875057, 23.405141830444563 ], [ 68.55124664306669, 23.404306411743391 ], [ 68.557357788086222, 23.409309387206974 ] ] ], [ [ [ 68.413192749023722, 23.40374946594244 ], [ 68.422363281249943, 23.405141830444563 ], [ 68.423469543457315, 23.400688171386832 ], [ 68.413192749023722, 23.40374946594244 ] ] ], [ [ [ 68.457916259765682, 23.412082672119084 ], [ 68.462913513183651, 23.410972595215128 ], [ 68.457916259765682, 23.411249160766715 ], [ 68.457916259765682, 23.412082672119084 ] ] ], [ [ [ 68.549858093261776, 23.414861679077148 ], [ 68.547920227050952, 23.410417556762923 ], [ 68.541526794433878, 23.405429840087891 ], [ 68.549858093261776, 23.414861679077148 ] ] ], [ [ [ 68.398483276367472, 23.419031143188761 ], [ 68.402641296386776, 23.41847038269043 ], [ 68.401802062988452, 23.415971755981502 ], [ 68.398483276367472, 23.419031143188761 ] ] ], [ [ [ 68.401252746582031, 23.422920227050781 ], [ 68.402641296386776, 23.420690536499137 ], [ 68.401802062988452, 23.420415878295955 ], [ 68.401252746582031, 23.422920227050781 ] ] ], [ [ [ 68.39847564697294, 23.427083969116438 ], [ 68.401252746582031, 23.423179626465128 ], [ 68.398193359375171, 23.421806335449446 ], [ 68.39847564697294, 23.427083969116438 ] ] ], [ [ [ 68.500419616699389, 23.431249618530273 ], [ 68.501251220703182, 23.43013954162592 ], [ 68.500419616699389, 23.43013954162592 ], [ 68.500419616699389, 23.431249618530273 ] ] ], [ [ [ 68.514030456543026, 23.432640075683594 ], [ 68.516250610351733, 23.429859161376953 ], [ 68.513748168945483, 23.430416107177734 ], [ 68.514030456543026, 23.432640075683594 ] ] ], [ [ [ 68.498748779296932, 23.436250686645451 ], [ 68.500968933105639, 23.435417175293082 ], [ 68.496803283691577, 23.434579849243164 ], [ 68.498748779296932, 23.436250686645451 ] ] ], [ [ [ 68.499305725097713, 23.442361831664982 ], [ 68.502082824706974, 23.443195343017578 ], [ 68.500686645507869, 23.439029693603516 ], [ 68.499305725097713, 23.442361831664982 ] ] ], [ [ [ 68.495971679687784, 23.448474884033317 ], [ 68.502357482910213, 23.449581146240291 ], [ 68.496803283691577, 23.444026947021712 ], [ 68.495971679687784, 23.448474884033317 ] ] ], [ [ [ 68.50681304931669, 23.456541061401481 ], [ 68.525138854980753, 23.443201065063704 ], [ 68.525695800781534, 23.436250686645451 ], [ 68.502906799316577, 23.429311752319506 ], [ 68.50681304931669, 23.456541061401481 ] ] ], [ [ [ 68.401252746582031, 23.45513916015625 ], [ 68.40625, 23.452360153198185 ], [ 68.401252746582031, 23.453750610351506 ], [ 68.401252746582031, 23.45513916015625 ] ] ], [ [ [ 68.495140075683651, 23.474029541015625 ], [ 68.502357482910213, 23.458194732666129 ], [ 68.500137329101847, 23.45513916015625 ], [ 68.495140075683651, 23.474029541015625 ] ] ], [ [ [ 68.472862243652628, 23.480419158935547 ], [ 68.494857788086108, 23.455972671509016 ], [ 68.484580993652514, 23.403190612793082 ], [ 68.458190917969034, 23.417917251587028 ], [ 68.47458648681669, 23.45986366271984 ], [ 68.430419921875171, 23.431249618530273 ], [ 68.428474426269531, 23.437360763549805 ], [ 68.418197631836108, 23.439861297607479 ], [ 68.429031372070256, 23.431531906128214 ], [ 68.421249389648608, 23.420141220092717 ], [ 68.412086486816577, 23.443471908569336 ], [ 68.472862243652628, 23.480419158935547 ] ] ], [ [ [ 68.487083435058594, 23.485694885253963 ], [ 68.495971679687784, 23.477359771728516 ], [ 68.482086181640796, 23.477920532226847 ], [ 68.487083435058594, 23.485694885253963 ] ] ], [ [ [ 68.506805419922159, 23.49041748046875 ], [ 68.507362365722713, 23.492361068725643 ], [ 68.509025573730526, 23.49041748046875 ], [ 68.506805419922159, 23.49041748046875 ] ] ], [ [ [ 68.509307861328409, 23.492080688476506 ], [ 68.511528015136776, 23.492361068725643 ], [ 68.511253356933594, 23.490690231323356 ], [ 68.509307861328409, 23.492080688476506 ] ] ], [ [ [ 68.485969543457088, 23.48903083801298 ], [ 68.489585876464901, 23.493749618530217 ], [ 68.487640380859546, 23.486522674560547 ], [ 68.485969543457088, 23.48903083801298 ] ] ], [ [ [ 68.458747863769815, 23.487363815307674 ], [ 68.47125244140625, 23.480417251587141 ], [ 68.459587097168139, 23.479583740234602 ], [ 68.458747863769815, 23.487363815307674 ] ] ], [ [ [ 68.437362670898494, 23.499031066894759 ], [ 68.43930816650419, 23.499582290649357 ], [ 68.439590454101562, 23.498750686645565 ], [ 68.437362670898494, 23.499031066894759 ] ] ], [ [ [ 68.472923278808764, 23.494028091430778 ], [ 68.486808776855753, 23.485969543457145 ], [ 68.479576110839787, 23.477920532226847 ], [ 68.472923278808764, 23.494028091430778 ] ] ], [ [ [ 68.463195800781421, 23.518751144409123 ], [ 68.470413208008097, 23.518751144409123 ], [ 68.464302062988565, 23.515417098999251 ], [ 68.463195800781421, 23.518751144409123 ] ] ], [ [ [ 68.468750000000171, 23.524583816528491 ], [ 68.47458648681669, 23.522077560424862 ], [ 68.471527099609659, 23.520690917968693 ], [ 68.468750000000171, 23.524583816528491 ] ] ], [ [ [ 68.472076416015682, 23.530969619751033 ], [ 68.476516723633097, 23.532920837402514 ], [ 68.474861145019702, 23.530420303345011 ], [ 68.472076416015682, 23.530969619751033 ] ] ], [ [ [ 68.481529235840014, 23.548189163208121 ], [ 68.48319244384794, 23.549312591552962 ], [ 68.482635498046818, 23.547082901001147 ], [ 68.481529235840014, 23.548189163208121 ] ] ], [ [ [ 68.479309082031307, 23.555419921874943 ], [ 68.476249694824276, 23.539304733276481 ], [ 68.453193664550838, 23.528749465942326 ], [ 68.457359313964901, 23.542640686035099 ], [ 68.479309082031307, 23.555419921874943 ] ] ], [ [ [ 68.224029541015796, 23.584028244018555 ], [ 68.227355957031307, 23.585420608520678 ], [ 68.228195190429631, 23.584306716918945 ], [ 68.224029541015796, 23.584028244018555 ] ] ], [ [ [ 68.245971679687671, 23.589029312133732 ], [ 68.253471374511776, 23.582080841064453 ], [ 68.244857788085994, 23.587078094482649 ], [ 68.245971679687671, 23.589029312133732 ] ] ], [ [ [ 68.215141296386776, 23.587078094482649 ], [ 68.217636108398494, 23.587083816528434 ], [ 68.217102050781534, 23.586250305175838 ], [ 68.215141296386776, 23.587078094482649 ] ] ], [ [ [ 68.479576110839787, 23.589860916137695 ], [ 68.481246948242472, 23.561250686645508 ], [ 68.445968627929972, 23.540140151977596 ], [ 68.430419921875171, 23.507650375366325 ], [ 68.435417175293026, 23.557083129883097 ], [ 68.453186035156307, 23.561250686645508 ], [ 68.472915649414062, 23.578193664551009 ], [ 68.467918395996378, 23.59153175354021 ], [ 68.479576110839787, 23.589860916137695 ] ] ], [ [ [ 68.444305419921875, 23.578193664551009 ], [ 68.467636108398494, 23.591806411743391 ], [ 68.451248168945369, 23.573194503784237 ], [ 68.444305419921875, 23.578193664551009 ] ] ], [ [ [ 68.479026794433764, 23.604040145874023 ], [ 68.486526489257869, 23.603195190429915 ], [ 68.48014068603544, 23.598190307617188 ], [ 68.479026794433764, 23.604040145874023 ] ] ], [ [ [ 68.456253051757926, 23.624860763549805 ], [ 68.466529846191463, 23.600980758666992 ], [ 68.440406799316463, 23.586530685425032 ], [ 68.434593200683764, 23.616249084472599 ], [ 68.456253051757926, 23.624860763549805 ] ] ], [ [ [ 68.484580993652514, 23.62791824340826 ], [ 68.490974426269815, 23.604305267334098 ], [ 68.478759765625114, 23.606531143188761 ], [ 68.468193054199389, 23.59263992309576 ], [ 68.484580993652514, 23.62791824340826 ] ] ], [ [ [ 68.473472595214787, 23.720972061157511 ], [ 68.482086181640796, 23.719860076904354 ], [ 68.472640991210994, 23.714580535888615 ], [ 68.473472595214787, 23.720972061157511 ] ] ], [ [ [ 68.447639465332088, 23.732641220093001 ], [ 68.450141906738338, 23.730415344238509 ], [ 68.447357177734375, 23.731809616089038 ], [ 68.447639465332088, 23.732641220093001 ] ] ], [ [ [ 68.459297180175838, 23.724861145019759 ], [ 68.485137939453296, 23.732360839844034 ], [ 68.487640380859546, 23.729030609131144 ], [ 68.459297180175838, 23.724861145019759 ] ] ], [ [ [ 68.483467102050838, 23.74237060546875 ], [ 68.484863281250114, 23.737638473510799 ], [ 68.481796264648494, 23.736240386963118 ], [ 68.483467102050838, 23.74237060546875 ] ] ], [ [ [ 68.21652984619169, 23.7793102264406 ], [ 68.224029541015796, 23.764030456543253 ], [ 68.217636108398494, 23.755693435669059 ], [ 68.214859008789233, 23.758195877075309 ], [ 68.21652984619169, 23.7793102264406 ] ] ], [ [ [ 68.341804504394588, 23.789304733276595 ], [ 68.346801757812784, 23.780138015747013 ], [ 68.340415954589901, 23.777082443237532 ], [ 68.341804504394588, 23.789304733276595 ] ] ], [ [ [ 68.358467102050724, 23.80513954162592 ], [ 68.397918701172159, 23.784860610962198 ], [ 68.426246643066463, 23.794860839843977 ], [ 68.399307250976733, 23.750972747802848 ], [ 68.417358398437784, 23.760417938232422 ], [ 68.418457031250057, 23.724298477172852 ], [ 68.390419006347713, 23.654306411743164 ], [ 68.375419616699503, 23.6431884765625 ], [ 68.385971069336108, 23.667640686035384 ], [ 68.39013671875, 23.684860229492244 ], [ 68.389579772949389, 23.685972213745401 ], [ 68.346801757812784, 23.598190307617188 ], [ 68.314857482910213, 23.583196640014762 ], [ 68.304321289062671, 23.596530914306811 ], [ 68.294860839843807, 23.578750610351562 ], [ 68.274307250976847, 23.5918102264406 ], [ 68.29264068603544, 23.600139617919865 ], [ 68.277915954589957, 23.631250381469727 ], [ 68.313751220703182, 23.622360229492131 ], [ 68.306808471679858, 23.630701065063533 ], [ 68.277091979980526, 23.63264274597168 ], [ 68.264030456543253, 23.602359771728572 ], [ 68.242080688476847, 23.606250762939396 ], [ 68.250137329101562, 23.590694427490291 ], [ 68.197082519531534, 23.597085952758789 ], [ 68.204582214355639, 23.647640228271428 ], [ 68.210136413574219, 23.640417098999137 ], [ 68.260139465332088, 23.639860153198185 ], [ 68.258186340332202, 23.644861221313761 ], [ 68.279861450195597, 23.649026870727766 ], [ 68.299575805664233, 23.647359848022461 ], [ 68.311813354492244, 23.650140762329329 ], [ 68.280418395996378, 23.652088165283203 ], [ 68.259307861328296, 23.645961761474609 ], [ 68.231246948242131, 23.642915725708235 ], [ 68.269577026367131, 23.649580001830998 ], [ 68.318466186523608, 23.718200683593807 ], [ 68.334030151367472, 23.710971832275561 ], [ 68.358467102050724, 23.80513954162592 ] ] ], [ [ [ 68.593475341797046, 23.803472518921012 ], [ 68.601806640625284, 23.796249389648494 ], [ 68.595138549804972, 23.7968044281007 ], [ 68.593475341797046, 23.803472518921012 ] ] ], [ [ [ 68.593475341797046, 23.812084197998047 ], [ 68.595413208007983, 23.810138702392521 ], [ 68.594306945800838, 23.810138702392521 ], [ 68.593475341797046, 23.812084197998047 ] ] ], [ [ [ 68.307907104492472, 23.823749542236328 ], [ 68.324302673340128, 23.734308242797908 ], [ 68.291252136230526, 23.727640151977823 ], [ 68.294586181640796, 23.741252899170036 ], [ 68.285697937011776, 23.754583358764705 ], [ 68.284858703613452, 23.73208427429222 ], [ 68.294586181640796, 23.723188400268668 ], [ 68.274032592773438, 23.701250076293945 ], [ 68.25736236572294, 23.715974807739485 ], [ 68.265975952148608, 23.729585647583121 ], [ 68.267639160156534, 23.772361755371321 ], [ 68.298194885253849, 23.803749084472599 ], [ 68.297080993652514, 23.812084197998047 ], [ 68.29013824462919, 23.816804885864258 ], [ 68.307907104492472, 23.823749542236328 ] ] ], [ [ [ 68.496528625488565, 23.830972671508846 ], [ 68.519859313965014, 23.817922592163313 ], [ 68.49847412109375, 23.794582366943587 ], [ 68.516807556152514, 23.754579544067326 ], [ 68.489585876464901, 23.759582519531477 ], [ 68.507362365722713, 23.748470306396541 ], [ 68.487640380859546, 23.737081527710245 ], [ 68.465415954590128, 23.775419235229776 ], [ 68.476806640625057, 23.740690231323299 ], [ 68.437362670898494, 23.739311218261719 ], [ 68.447906494140909, 23.806531906128043 ], [ 68.496528625488565, 23.830972671508846 ] ] ], [ [ [ 68.702636718750057, 23.850414276123047 ], [ 68.710693359375114, 23.849861145019815 ], [ 68.710418701172046, 23.848751068115462 ], [ 68.702636718750057, 23.850414276123047 ] ] ], [ [ [ 68.695137023925952, 23.851530075073526 ], [ 68.70041656494169, 23.851526260375977 ], [ 68.69486236572277, 23.849309921264819 ], [ 68.695137023925952, 23.851530075073526 ] ] ], [ [ [ 68.530418395996151, 23.870971679687727 ], [ 68.534858703613565, 23.864860534668196 ], [ 68.524024963378849, 23.85847282409668 ], [ 68.530418395996151, 23.870971679687727 ] ] ], [ [ [ 68.387641906738224, 23.874031066894588 ], [ 68.43930816650419, 23.839031219482479 ], [ 68.426528930664347, 23.810420989990291 ], [ 68.411529541015796, 23.820972442627067 ], [ 68.405418395996264, 23.793191909790266 ], [ 68.389862060546932, 23.8320827484132 ], [ 68.384307861328182, 23.837360382080362 ], [ 68.379585266113565, 23.838195800781307 ], [ 68.40152740478544, 23.790416717529354 ], [ 68.355140686035213, 23.810972213745288 ], [ 68.330139160156307, 23.787361145019702 ], [ 68.344306945801065, 23.83930969238304 ], [ 68.377082824707088, 23.857915878295898 ], [ 68.37790679931669, 23.874309539795149 ], [ 68.387641906738224, 23.874031066894588 ] ] ], [ [ [ 68.248191833496378, 23.88042068481451 ], [ 68.234024047851619, 23.842916488647518 ], [ 68.215972900390909, 23.847629547119368 ], [ 68.215972900390909, 23.866809844970874 ], [ 68.248191833496378, 23.88042068481451 ] ] ], [ [ [ 68.449302673340014, 23.938472747802848 ], [ 68.442092895507869, 23.870422363281477 ], [ 68.419586181640682, 23.870971679687727 ], [ 68.420692443847827, 23.877082824707088 ], [ 68.410697937012003, 23.885421752929688 ], [ 68.429306030273494, 23.895971298218058 ], [ 68.422363281249943, 23.894861221313704 ], [ 68.408470153808764, 23.885139465332315 ], [ 68.417076110840014, 23.872360229492472 ], [ 68.377357482910156, 23.876529693603686 ], [ 68.349861145019815, 23.846250534057788 ], [ 68.367637634277514, 23.890693664550895 ], [ 68.352912902832315, 23.900693893432845 ], [ 68.449302673340014, 23.938472747802848 ] ] ], [ [ [ 68.525695800781534, 23.892641067504996 ], [ 68.542358398437671, 23.933750152588061 ], [ 68.558197021484546, 23.930973052978743 ], [ 68.558471679687557, 23.923194885253906 ], [ 68.588752746582088, 23.91681098938011 ], [ 68.546806335449276, 23.872917175293026 ], [ 68.532638549804858, 23.876251220703296 ], [ 68.517082214355526, 23.856527328491154 ], [ 68.485969543457088, 23.889869689941634 ], [ 68.525695800781534, 23.892641067504996 ] ] ], [ [ [ 68.514579772949276, 23.949583053588981 ], [ 68.522918701172046, 23.945415496826172 ], [ 68.514579772949276, 23.949306488037166 ], [ 68.514579772949276, 23.949583053588981 ] ] ], [ [ [ 68.482086181640796, 23.992639541626147 ], [ 68.51847076416044, 23.92430496215843 ], [ 68.467636108398494, 23.894861221313704 ], [ 68.472923278808764, 23.862930297851562 ], [ 68.443466186523494, 23.848470687866495 ], [ 68.428192138671932, 23.861810684204102 ], [ 68.43985748291044, 23.866529464721907 ], [ 68.453186035156307, 23.879859924316349 ], [ 68.462913513183651, 23.932083129882926 ], [ 68.448760986328182, 23.940139770507983 ], [ 68.441802978515909, 23.936250686645735 ], [ 68.428192138671932, 23.937919616699446 ], [ 68.447639465332088, 23.980693817138672 ], [ 68.482086181640796, 23.992639541626147 ] ] ], [ [ [ 68.430137634277628, 23.995420455932617 ], [ 68.412918090820369, 23.927360534668139 ], [ 68.344856262207088, 23.901250839233626 ], [ 68.337638854980753, 23.819305419922102 ], [ 68.303749084472827, 23.824583053588924 ], [ 68.288749694824276, 23.81736183166521 ], [ 68.29569244384794, 23.804311752319336 ], [ 68.265686035156307, 23.792921066284237 ], [ 68.254028320312557, 23.71875 ], [ 68.266807556152401, 23.691806793212947 ], [ 68.237922668456974, 23.681249618530217 ], [ 68.192642211914119, 23.730970382690487 ], [ 68.211807250976733, 23.763481140136832 ], [ 68.213752746582202, 23.755416870117244 ], [ 68.21958160400419, 23.754859924316463 ], [ 68.234306335449219, 23.774860382080021 ], [ 68.212913513183878, 23.834583282470703 ], [ 68.234580993652401, 23.835969924926815 ], [ 68.245407104492358, 23.853759765625 ], [ 68.260406494140909, 23.824859619140682 ], [ 68.287361145019702, 23.839307785034237 ], [ 68.248748779297159, 23.853759765625 ], [ 68.259307861328296, 23.871805191040266 ], [ 68.305137634277401, 23.865695953369141 ], [ 68.317642211914006, 23.879301071166992 ], [ 68.259017944335994, 23.875141143798942 ], [ 68.277084350585938, 23.914861679077262 ], [ 68.334587097168253, 23.917640686035327 ], [ 68.35986328125, 23.977640151977766 ], [ 68.395973205566463, 23.965415954589901 ], [ 68.430137634277628, 23.995420455932617 ] ] ], [ [ [ 72.101860046386889, 24.643339157104492 ], [ 72.185897827148722, 24.609430313110465 ], [ 72.229988098144815, 24.632881164550724 ], [ 72.353782653808537, 24.618101119995231 ], [ 72.325996398925952, 24.586860656738395 ], [ 72.279258728027514, 24.600000381469783 ], [ 72.250999450683594, 24.580160140991325 ], [ 72.295120239257869, 24.53844070434576 ], [ 72.357933044433707, 24.552511215210075 ], [ 72.386322021484432, 24.500511169433537 ], [ 72.442489624023438, 24.504249572753963 ], [ 72.436676025390682, 24.46051025390625 ], [ 72.464675903320369, 24.407119750976619 ], [ 72.507713317871037, 24.409931182861385 ], [ 72.500556945800838, 24.450290679931641 ], [ 72.544578552246264, 24.506851196289062 ], [ 72.588500976562557, 24.472501754760799 ], [ 72.697250366211051, 24.457210540771712 ], [ 72.693466186523722, 24.419281005859375 ], [ 72.732536315918082, 24.361270904541243 ], [ 72.868118286132869, 24.365810394287109 ], [ 72.923912048339844, 24.326322555541935 ], [ 72.991462707519702, 24.363971710205135 ], [ 72.964187622070483, 24.392221450805607 ], [ 73.012786865234375, 24.482400894165153 ], [ 73.051040649414119, 24.465259552002067 ], [ 73.098922729492244, 24.491491317748967 ], [ 73.108329772949162, 24.426321029663086 ], [ 73.084960937500057, 24.39447021484375 ], [ 73.169967651367358, 24.350669860839901 ], [ 73.210983276367358, 24.375419616699219 ], [ 73.231475830078182, 24.364660263061467 ], [ 73.211059570312557, 24.334230422973576 ], [ 73.192947387695369, 24.343570709228629 ], [ 73.180625915527287, 24.301490783691463 ], [ 73.144958496093693, 24.307857513427791 ], [ 73.082687377929744, 24.184980392455998 ], [ 73.114166259765682, 24.138589859008789 ], [ 73.223815917968807, 24.098220825195426 ], [ 73.198936462402287, 24.051460266113395 ], [ 73.24582672119169, 24.010709762573242 ], [ 73.291030883789347, 24.027402877807731 ], [ 73.332496643066577, 24.073682785034237 ], [ 73.335182189941406, 24.115110397338924 ], [ 73.373466491699219, 24.128139495849609 ], [ 73.369628906250284, 24.087980270385799 ], [ 73.413757324218921, 24.051069259643668 ], [ 73.424682617187557, 23.931060791015682 ], [ 73.362075805664062, 23.861869812011832 ], [ 73.362648010253906, 23.787429809570369 ], [ 73.375900268554972, 23.766670227050838 ], [ 73.420486450195369, 23.779331207275447 ], [ 73.508537292480639, 23.703330993652571 ], [ 73.513488769531421, 23.616811752319336 ], [ 73.577270507812557, 23.655361175537337 ], [ 73.660736083984546, 23.62290191650402 ], [ 73.637130737304744, 23.548019409179688 ], [ 73.658416748046818, 23.504119873046875 ], [ 73.632751464843807, 23.452392578125114 ], [ 73.704216003418139, 23.455781936645565 ], [ 73.726142883300781, 23.412662506103516 ], [ 73.764717102050781, 23.458578109741438 ], [ 73.783065795898494, 23.434610366821346 ], [ 73.83213043212919, 23.446750640869254 ], [ 73.894271850585994, 23.337139129638672 ], [ 73.938896179199276, 23.34141921997093 ], [ 73.962471008300952, 23.381389617919922 ], [ 73.990776062011776, 23.337629318237362 ], [ 74.032661437988452, 23.332349777221793 ], [ 74.044471740722656, 23.296091079711914 ], [ 74.106582641601676, 23.294122695922965 ], [ 74.136108398437557, 23.264720916748104 ], [ 74.127021789551065, 23.178850173950252 ], [ 74.182991027832202, 23.152219772338867 ], [ 74.207542419433537, 23.192050933837947 ], [ 74.246032714844034, 23.188259124756087 ], [ 74.282539367675952, 23.095012664794979 ], [ 74.349197387695426, 23.030241012573356 ], [ 74.370796203613565, 22.977230072021484 ], [ 74.341636657714844, 22.964691162109489 ], [ 74.362022399902628, 22.933090209960938 ], [ 74.400382995605469, 22.899379730224553 ], [ 74.451477050781534, 22.923999786376953 ], [ 74.47891998291044, 22.858640670776367 ], [ 74.403076171875171, 22.730709075927791 ], [ 74.381088256836222, 22.638639450073356 ], [ 74.265357971191577, 22.644830703735408 ], [ 74.153320312500114, 22.517419815063533 ], [ 74.078056335449389, 22.551628112792969 ], [ 74.044639587402628, 22.542121887207088 ], [ 74.037086486816406, 22.491510391235465 ], [ 74.085266113281534, 22.508518218994254 ], [ 74.078086853027514, 22.465642929077262 ], [ 74.103347778320426, 22.467830657959041 ], [ 74.123001098633097, 22.420810699463004 ], [ 74.144248962402514, 22.456710815429744 ], [ 74.161071777343807, 22.432159423828239 ], [ 74.186676025390682, 22.44415092468256 ], [ 74.190826416015682, 22.477880477905387 ], [ 74.204612731933651, 22.437171936035156 ], [ 74.254020690918082, 22.433059692382869 ], [ 74.294181823730639, 22.394468307495345 ], [ 74.257987976074276, 22.400030136108512 ], [ 74.227043151855639, 22.358539581298885 ], [ 74.206802368164233, 22.367620468139762 ], [ 74.191062927246151, 22.321929931640568 ], [ 74.134292602539006, 22.332330703735352 ], [ 74.111961364746378, 22.371612548828182 ], [ 74.071983337402514, 22.360240936279297 ], [ 74.059150695800724, 22.285749435425032 ], [ 74.091583251953125, 22.243700027465877 ], [ 74.075782775879077, 22.221878051757869 ], [ 74.122779846191463, 22.212900161743164 ], [ 74.130271911621378, 22.097709655761776 ], [ 74.180709838867188, 22.086601257324219 ], [ 74.097702026367358, 22.015459060668888 ], [ 74.153846740722713, 21.986419677734318 ], [ 74.148902893066463, 21.960710525512809 ], [ 73.810516357421932, 21.823337554931697 ], [ 73.898101806640682, 21.667270660400391 ], [ 73.870269775390739, 21.638790130615348 ], [ 73.787612915039119, 21.625049591064567 ], [ 73.823150634765739, 21.600679397583008 ], [ 73.860786437988224, 21.495822906494141 ], [ 73.957283020019815, 21.516471862792969 ], [ 73.966316223144702, 21.539070129394759 ], [ 73.985687255859659, 21.52136039733881 ], [ 73.983520507812557, 21.54204177856451 ], [ 74.025558471679972, 21.552619934082088 ], [ 74.181831359863452, 21.561769485473633 ], [ 74.20523834228544, 21.529211044311523 ], [ 74.239196777343693, 21.550291061401424 ], [ 74.270111083984375, 21.53563117980957 ], [ 74.309967041015568, 21.567321777343807 ], [ 74.335517883300724, 21.540229797363338 ], [ 74.327720642089844, 21.495750427246151 ], [ 74.257591247558651, 21.463750839233512 ], [ 74.231033325195483, 21.479820251464957 ], [ 74.222633361816577, 21.458990097045842 ], [ 74.110977172851676, 21.448101043701172 ], [ 74.067161560058537, 21.481931686401367 ], [ 74.048545837402401, 21.419429779052848 ], [ 73.952842712402401, 21.402370452880859 ], [ 73.948486328125284, 21.297550201416129 ], [ 73.891990661621151, 21.262411117553711 ], [ 73.832138061523722, 21.267450332641602 ], [ 73.822547912597713, 21.171920776367244 ], [ 73.741622924804858, 21.167110443115348 ], [ 73.736686706543026, 21.138280868530501 ], [ 73.681312561035156, 21.152120590209961 ], [ 73.636398315429744, 21.132659912109489 ], [ 73.613166809082315, 21.176059722900504 ], [ 73.588302612304744, 21.167900085449446 ], [ 73.659942626953068, 21.108379364013615 ], [ 73.752609252929972, 21.114089965820369 ], [ 73.742187500000171, 21.055500030517692 ], [ 73.774856567382869, 21.01045036315918 ], [ 73.807701110839957, 21.022558212280387 ], [ 73.81640625, 20.996051788330078 ], [ 73.906448364257869, 20.983150482177791 ], [ 73.895019531250057, 20.940139770507869 ], [ 73.945098876953125, 20.840131759643555 ], [ 73.949531555175952, 20.7423095703125 ], [ 73.822647094726562, 20.693820953369368 ], [ 73.845352172851562, 20.667070388794173 ], [ 73.838287353515625, 20.61576080322277 ], [ 73.74820709228544, 20.567359924316349 ], [ 73.670707702636776, 20.562339782714901 ], [ 73.607307434082031, 20.636301040649414 ], [ 73.538375854492244, 20.673860549926758 ], [ 73.498435974121264, 20.653419494628906 ], [ 73.482612609863452, 20.717229843139592 ], [ 73.453697204589957, 20.710470199585188 ], [ 73.439918518066463, 20.664840698242188 ], [ 73.402732849121151, 20.642599105835075 ], [ 73.440361022949503, 20.595119476318303 ], [ 73.480819702148722, 20.583599090576229 ], [ 73.481796264648381, 20.54335975646984 ], [ 73.500740051269531, 20.540241241455078 ], [ 73.429740905761719, 20.414390563964787 ], [ 73.391349792480753, 20.390199661254996 ], [ 73.423431396484318, 20.352090835571289 ], [ 73.429916381835881, 20.206230163574276 ], [ 73.311149597167969, 20.207210540771484 ], [ 73.259468078613338, 20.124639511108398 ], [ 73.200691223144702, 20.129699707031307 ], [ 73.196098327636889, 20.156112670898551 ], [ 73.229156494140682, 20.184299468994141 ], [ 73.180175781250057, 20.208608627319336 ], [ 73.142181396484432, 20.204389572143555 ], [ 73.15238189697294, 20.176059722900334 ], [ 73.128028869629077, 20.157119750976562 ], [ 73.072448730469034, 20.163450241088924 ], [ 73.076858520507756, 20.229801177978629 ], [ 73.179542541503906, 20.289861679077148 ], [ 73.161399841308764, 20.317190170288143 ], [ 73.112869262695597, 20.304941177368278 ], [ 73.107376098632756, 20.360710144043196 ], [ 73.090896606445369, 20.326839447021541 ], [ 73.050476074218807, 20.322998046875114 ], [ 73.044166564941463, 20.291112899780387 ], [ 73.019836425781193, 20.317398071289119 ], [ 73.020492553710994, 20.290901184082259 ], [ 72.990463256835881, 20.292089462280217 ], [ 72.984092712402401, 20.271680831909123 ], [ 72.945976257324503, 20.293430328369141 ], [ 72.924591064453182, 20.278659820556754 ], [ 72.969245910644815, 20.210910797119197 ], [ 72.874542236328296, 20.225809097289982 ], [ 72.835533142089957, 20.187660217285156 ], [ 72.835342407226676, 20.144641876220703 ], [ 72.802062988281421, 20.148469924926985 ], [ 72.801849365234546, 20.125019073486328 ], [ 72.737640380859432, 20.136539459228629 ], [ 72.74041748046875, 20.242919921874943 ], [ 72.775695800781193, 20.333471298217717 ], [ 72.831329345703239, 20.368738174438704 ], [ 72.845077514648722, 20.407119750976676 ], [ 72.875526428222713, 20.381050109863281 ], [ 72.836570739746264, 20.428390502929915 ], [ 72.891807556152628, 20.53125190734886 ], [ 72.892364501953239, 20.633193969726562 ], [ 72.850982666015739, 20.741527557373104 ], [ 72.870140075683764, 20.732631683349553 ], [ 72.889862060546932, 20.739030838012809 ], [ 72.889579772949389, 20.748195648193416 ], [ 72.834587097168253, 20.781805038452376 ], [ 72.850692749023608, 20.799030303955249 ], [ 72.791816711425838, 20.896530151367301 ], [ 72.793746948242244, 20.945142745971793 ], [ 72.776802062988565, 20.914859771728572 ], [ 72.752082824707202, 20.946529388427791 ], [ 72.723197937012003, 21.049028396606445 ], [ 72.770416259765625, 21.066804885864258 ], [ 72.704307556152457, 21.074859619140739 ], [ 72.720695495605526, 21.143194198608398 ], [ 72.682640075683764, 21.15819358825695 ], [ 72.667076110839901, 21.155418395996094 ], [ 72.659027099609375, 21.087930679321232 ], [ 72.627082824707315, 21.075969696044922 ], [ 72.618469238281364, 21.222639083862418 ], [ 72.646804809570483, 21.217361450195426 ], [ 72.652359008789119, 21.220138549804915 ], [ 72.653198242187784, 21.226804733276424 ], [ 72.609580993652514, 21.229860305786133 ], [ 72.6048583984375, 21.277360916137695 ], [ 72.587356567382869, 21.275688171386776 ], [ 72.595695495605639, 21.315971374511832 ], [ 72.649307250976619, 21.367361068725813 ], [ 72.623191833496151, 21.365139007568359 ], [ 72.625419616699389, 21.381530761718807 ], [ 72.696807861328182, 21.464580535888899 ], [ 72.645141601562557, 21.433750152588004 ], [ 72.674026489257756, 21.520420074462891 ], [ 72.736808776855639, 21.53819656372076 ], [ 72.741806030273438, 21.543472290039119 ], [ 72.742362976074389, 21.550140380859432 ], [ 72.683197021484375, 21.542919158935547 ], [ 72.625686645507869, 21.492359161376953 ], [ 72.597358703613224, 21.552360534667969 ], [ 72.629302978515682, 21.617650985717887 ], [ 72.700965881347827, 21.651811599731673 ], [ 72.723197937012003, 21.638750076294059 ], [ 72.787361145019702, 21.645139694213981 ], [ 72.835136413574276, 21.66792106628418 ], [ 72.779861450195597, 21.66319465637207 ], [ 72.736251831054858, 21.689582824707088 ], [ 72.53763580322294, 21.664304733276424 ], [ 72.507362365722827, 21.701250076294002 ], [ 72.56986236572294, 21.824308395385742 ], [ 72.51763916015625, 21.85736083984375 ], [ 72.50235748291044, 21.955141067504996 ], [ 72.547363281250284, 22.149860382080078 ], [ 72.582084655762003, 22.200971603393555 ], [ 72.647361755371264, 22.217084884643782 ], [ 72.757637023925781, 22.174028396606445 ], [ 72.807907104492472, 22.245420455932617 ], [ 72.87790679931669, 22.223751068115348 ], [ 72.910423278808651, 22.243192672729549 ], [ 72.915969848632869, 22.278194427490234 ], [ 72.889305114746151, 22.244028091430664 ], [ 72.865142822265568, 22.243461608886776 ], [ 72.843750000000284, 22.28236389160179 ], [ 72.752082824707202, 22.23097038269043 ], [ 72.687919616699503, 22.238468170166129 ], [ 72.635414123535213, 22.284582138061751 ], [ 72.541252136230753, 22.243194580078125 ], [ 72.553749084472713, 22.278190612793026 ], [ 72.542640686035327, 22.280971527099894 ], [ 72.485969543456974, 22.197359085083065 ], [ 72.492919921875057, 22.248193740844727 ], [ 72.470695495605753, 22.238750457763899 ], [ 72.435142517089901, 22.301250457763842 ], [ 72.388748168945483, 22.310417175293026 ], [ 72.412361145019702, 22.358472824096793 ], [ 72.393753051757869, 22.382640838623161 ], [ 72.361808776855469, 22.37566947937006 ], [ 72.404029846191463, 22.353200912475586 ], [ 72.372360229492244, 22.316526412963981 ], [ 72.414024353027628, 22.297084808349609 ], [ 72.416526794433878, 22.227361679077376 ], [ 72.399581909179858, 22.199306488037166 ], [ 72.37985992431652, 22.257360458374308 ], [ 72.356246948242472, 22.271249771118107 ], [ 72.362075805664119, 22.20514106750511 ], [ 72.391525268554972, 22.167915344238509 ], [ 72.375968933105639, 22.149860382080078 ], [ 72.359016418457088, 22.172641754150504 ], [ 72.363746643066577, 22.1890296936038 ], [ 72.357643127441577, 22.192920684814624 ], [ 72.343490600585881, 22.124860763549748 ], [ 72.316246032715014, 22.146530151367415 ], [ 72.317642211914119, 22.180694580078352 ], [ 72.294303894043139, 22.202362060547046 ], [ 72.312637329101733, 22.180694580078352 ], [ 72.310417175293026, 22.14458084106451 ], [ 72.323753356933651, 22.130136489868164 ], [ 72.270980834961222, 21.967639923095646 ], [ 72.278472900390796, 21.932079315185774 ], [ 72.241531372070369, 22.049583435058764 ], [ 72.297920227050952, 22.063470840454158 ], [ 72.300140380859659, 22.108749389648438 ], [ 72.277359008789233, 22.090694427490234 ], [ 72.276802062988338, 22.09819412231451 ], [ 72.26541900634777, 22.105419158935547 ], [ 72.278190612793026, 22.080419540405217 ], [ 72.23319244384794, 22.053752899169979 ], [ 72.232635498047159, 22.017639160156307 ], [ 72.185966491699389, 22.019580841064453 ], [ 72.182083129883097, 22.035140991211165 ], [ 72.172363281250284, 22.041530609131087 ], [ 72.179862976074389, 22.019027709961051 ], [ 72.20041656494169, 22.004304885864315 ], [ 72.213737487793253, 21.999029159545898 ], [ 72.230972290039233, 22.007640838623331 ], [ 72.220970153808651, 21.956251144409123 ], [ 72.190696716308878, 21.942359924316349 ], [ 72.146530151367244, 21.983472824096964 ], [ 72.147087097168139, 21.954860687255803 ], [ 72.190139770507756, 21.937080383300781 ], [ 72.220138549804858, 21.947919845581055 ], [ 72.253196716308651, 21.897361755371037 ], [ 72.264579772949389, 21.74041748046875 ], [ 72.247085571289119, 21.790971755981388 ], [ 72.203193664550838, 21.824861526489315 ], [ 72.197082519531307, 21.827360153198242 ], [ 72.189308166503963, 21.828199386596737 ], [ 72.185417175293139, 21.827360153198242 ], [ 72.182914733886889, 21.823749542236385 ], [ 72.241249084472599, 21.787361145019531 ], [ 72.305969238281421, 21.628469467163313 ], [ 72.223197937011719, 21.438749313354606 ], [ 72.121528625488452, 21.325420379638786 ], [ 72.109016418457145, 21.282920837402401 ], [ 72.075973510742244, 21.302083969116211 ], [ 72.113746643066463, 21.196527481079329 ], [ 72.007637023925952, 21.132642745971623 ], [ 71.996803283691463, 21.147363662719783 ], [ 72.023750305175838, 21.179861068725813 ], [ 72.010696411132983, 21.185970306396598 ], [ 71.976806640625057, 21.120969772339151 ], [ 71.81986236572277, 21.07208251953125 ], [ 71.796806335449503, 21.057920455932617 ], [ 71.806808471679858, 21.03791618347168 ], [ 71.514862060546932, 20.948194503784293 ], [ 71.515975952148494, 20.922359466553019 ], [ 71.439582824707315, 20.869304656982649 ], [ 71.377906799316463, 20.874029159546069 ], [ 71.384582519531307, 20.857084274291992 ], [ 71.050415039062557, 20.730970382690373 ], [ 70.986808776855639, 20.722080230712947 ], [ 70.999031066894702, 20.742359161376896 ], [ 70.987358093261662, 20.745700836181868 ], [ 70.873474121094034, 20.709861755371264 ], [ 70.920417785644474, 20.736806869506893 ], [ 70.873748779296875, 20.727083206176758 ], [ 70.843582153320483, 20.76038932800293 ], [ 70.867286682128963, 20.764631271362532 ], [ 70.867416381836108, 20.795049667358342 ], [ 70.893852233887003, 20.794700622558707 ], [ 70.896179199219034, 20.824792861938704 ], [ 70.816963195800838, 20.851200103759822 ], [ 70.900238037109546, 20.885700225830305 ], [ 70.886985778808707, 20.945209503174055 ], [ 70.846015930176065, 20.970550537109489 ], [ 70.771026611328409, 20.960929870605526 ], [ 70.735511779785213, 20.98983192443859 ], [ 70.666252136230526, 20.752359390258846 ], [ 70.439025878906421, 20.852640151977596 ], [ 70.099586486816463, 21.104581832885856 ], [ 69.778198242187557, 21.457914352416992 ], [ 69.787635803222599, 21.451532363891602 ], [ 69.799858093261719, 21.452081680297852 ], [ 69.805137634277628, 21.463750839233512 ], [ 69.775138854980526, 21.459859848022688 ], [ 69.712905883789233, 21.528470993041992 ], [ 69.764312744140739, 21.578750610351619 ], [ 69.737640380859659, 21.650419235229549 ], [ 69.725418090820597, 21.632360458374137 ], [ 69.675697326660327, 21.638750076294059 ], [ 69.717361450195369, 21.602640151977596 ], [ 69.696807861328409, 21.592920303344783 ], [ 69.691802978515682, 21.614311218261662 ], [ 69.632637023925781, 21.642919540405273 ], [ 69.685974121093693, 21.595693588256893 ], [ 69.723472595214901, 21.572370529175032 ], [ 69.710693359375057, 21.539306640625114 ], [ 69.602081298828296, 21.637361526489315 ], [ 69.587638854980526, 21.620969772338867 ], [ 69.055137634277401, 22.128469467163029 ], [ 68.957366943359318, 22.237651824951229 ], [ 68.935974121094034, 22.310138702392635 ], [ 68.984580993652401, 22.414304733276595 ], [ 69.067359924316463, 22.480140686035213 ], [ 69.085418701171875, 22.472360610962141 ], [ 69.043746948242472, 22.432638168335018 ], [ 69.069305419922159, 22.395694732666016 ], [ 69.194030761719034, 22.423749923706225 ], [ 69.204307556152401, 22.401809692382926 ], [ 69.178749084472713, 22.37792015075695 ], [ 69.157913208007869, 22.312915802001953 ], [ 69.232635498047046, 22.257917404174862 ], [ 69.319862365722713, 22.29124832153326 ], [ 69.334297180175952, 22.330419540405558 ], [ 69.419303894043253, 22.315694808960188 ], [ 69.488471984863338, 22.337917327880859 ], [ 69.523750305175838, 22.385694503784407 ], [ 69.498191833496151, 22.435693740844727 ], [ 69.55069732666044, 22.404861450195426 ], [ 69.561805725097599, 22.355693817138899 ], [ 69.59124755859375, 22.360969543457088 ], [ 69.571807861328182, 22.334304809570426 ], [ 69.575691223144815, 22.319030761718864 ], [ 69.581802368164347, 22.346250534057901 ], [ 69.609016418457088, 22.349309921264762 ], [ 69.612358093261662, 22.340414047241211 ], [ 69.606246948242131, 22.327083587646712 ], [ 69.606803894043253, 22.325693130493221 ], [ 69.617362976074389, 22.346250534057901 ], [ 69.617919921875171, 22.368473052978743 ], [ 69.654586791992244, 22.359029769897745 ], [ 69.664016723633097, 22.393751144409293 ], [ 69.699302673340128, 22.395969390869197 ], [ 69.697906494140682, 22.442920684814567 ], [ 69.671806335449332, 22.43930625915533 ], [ 69.671806335449332, 22.450700759887809 ], [ 69.703475952148722, 22.447080612182845 ], [ 69.728202819824276, 22.473751068115291 ], [ 69.744583129882983, 22.430692672729549 ], [ 69.759582519531534, 22.441530227661246 ], [ 69.797637939453182, 22.399858474731445 ], [ 69.829032897949162, 22.444860458374308 ], [ 69.797080993652401, 22.4570827484132 ], [ 69.832641601562784, 22.450971603393668 ], [ 69.834304809570369, 22.500694274902344 ], [ 69.836250305176065, 22.454029083252124 ], [ 69.870140075683651, 22.446529388428019 ], [ 69.914024353027401, 22.456249237060831 ], [ 69.934860229492472, 22.512639999389819 ], [ 69.957359313965128, 22.495416641235352 ], [ 69.945968627929858, 22.528472900390739 ], [ 69.976249694824503, 22.543193817138899 ], [ 70.023475646972713, 22.539583206176871 ], [ 70.039016723633097, 22.562919616699276 ], [ 70.162918090820369, 22.551530838012923 ], [ 70.242919921874943, 22.662639617920036 ], [ 70.253196716308878, 22.69292068481468 ], [ 70.238471984863338, 22.701810836792106 ], [ 70.255142211914062, 22.706531524658317 ], [ 70.252914428710994, 22.733472824096793 ], [ 70.303192138671818, 22.757638931274414 ], [ 70.353736877441349, 22.870700836181697 ], [ 70.423469543457088, 22.932638168334961 ], [ 70.471527099609432, 23.012359619140739 ], [ 70.493469238281307, 23.075139999389648 ], [ 70.437919616699219, 23.062641143798771 ], [ 70.401252746582202, 23.030700683593693 ], [ 70.386802673339844, 22.948194503784237 ], [ 70.347640991210881, 22.930416107178019 ], [ 70.237640380859546, 22.979585647583121 ], [ 70.227081298828409, 22.965972900390682 ], [ 70.197914123535099, 22.998472213745117 ], [ 70.219856262207031, 22.956529617309684 ], [ 70.161796569824276, 22.942640304565657 ], [ 70.123191833496264, 22.960695266723746 ], [ 70.129028320312784, 22.992084503173771 ], [ 70.143470764160213, 23.009029388427848 ], [ 70.152641296386776, 23.023469924926871 ], [ 70.15402984619169, 23.028190612793082 ], [ 70.153198242187557, 23.029581069946403 ], [ 70.112358093261776, 22.972639083862418 ], [ 70.126525878906364, 22.946527481079158 ], [ 70.110969543457202, 22.952640533447266 ], [ 70.101249694824389, 22.941806793212947 ], [ 70.095413208007869, 22.950973510742131 ], [ 70.090972900390625, 22.952640533447266 ], [ 70.099861145019815, 22.938192367553711 ], [ 70.139030456543139, 22.941249847412337 ], [ 70.132080078125284, 22.924581527710075 ], [ 69.798469543457315, 22.850694656372013 ], [ 69.752357482910099, 22.819585800170955 ], [ 69.705139160156307, 22.72791671752924 ], [ 69.662361145019702, 22.756805419921818 ], [ 69.666809082031307, 22.777362823486328 ], [ 69.659301757812671, 22.756526947021428 ], [ 69.643196105957145, 22.765693664550838 ], [ 69.638748168945369, 22.773748397827148 ], [ 69.637351989746094, 22.788751602172852 ], [ 69.633750915527514, 22.795419692993164 ], [ 69.634582519531307, 22.777362823486328 ], [ 69.641250610351619, 22.766530990600586 ], [ 69.600975036621094, 22.759027481079158 ], [ 69.555137634277287, 22.792360305786133 ], [ 69.469581604003963, 22.773748397827148 ], [ 69.355697631835994, 22.828752517700138 ], [ 69.190696716308764, 22.84124946594244 ], [ 68.659027099609659, 23.149860382080078 ], [ 68.632919311523722, 23.171529769897518 ], [ 68.630973815918253, 23.177082061767521 ], [ 68.655693054199219, 23.153472900390682 ], [ 68.673187255859375, 23.143480300903263 ], [ 68.681526184082315, 23.141805648803995 ], [ 68.59152984619169, 23.214029312133903 ], [ 68.585418701172159, 23.234584808349837 ], [ 68.599029541015796, 23.240417480468977 ], [ 68.601249694824503, 23.218469619750977 ], [ 68.630691528320483, 23.21319389343256 ], [ 68.603752136230412, 23.242929458618391 ], [ 68.671806335449503, 23.270139694213924 ], [ 68.656250000000171, 23.27208137512207 ], [ 68.640686035156307, 23.266529083252067 ], [ 68.630142211914119, 23.29569435119646 ], [ 68.725135803222713, 23.29569435119646 ], [ 68.748191833496264, 23.30402946472168 ], [ 68.758186340332145, 23.33041954040533 ], [ 68.724029541015682, 23.297082901000977 ], [ 68.708473205566406, 23.314861297607422 ], [ 68.658752441406307, 23.303470611572322 ], [ 68.668746948242472, 23.325420379638729 ], [ 68.650138854980639, 23.30430793762207 ], [ 68.636802673340014, 23.346807479858626 ], [ 68.605972290039119, 23.380973815918196 ], [ 68.602363586426065, 23.359306335449332 ], [ 68.580970764160213, 23.389860153198242 ], [ 68.558471679687557, 23.387069702148665 ], [ 68.560417175293253, 23.419309616088924 ], [ 68.535697937011889, 23.421249389648494 ], [ 68.540969848633097, 23.425689697265739 ], [ 68.516250610351733, 23.475139617919979 ], [ 68.523193359375057, 23.446529388427791 ], [ 68.502357482910213, 23.465419769287166 ], [ 68.518753051757869, 23.489589691162337 ], [ 68.491806030273608, 23.500970840454102 ], [ 68.496803283691577, 23.652919769287394 ], [ 68.523193359375057, 23.651250839233683 ], [ 68.537918090820597, 23.660961151123161 ], [ 68.520141601562557, 23.654582977295149 ], [ 68.524864196777401, 23.690696716308594 ], [ 68.632637023925838, 23.757917404174748 ], [ 68.666252136230582, 23.808471679687784 ], [ 68.687362670898494, 23.821809768676985 ], [ 68.718475341796932, 23.825971603393839 ], [ 68.742637634277514, 23.837080001830998 ], [ 68.722084045410213, 23.831806182861385 ], [ 68.761253356933878, 23.874870300293082 ], [ 68.637359619140796, 23.835969924926815 ], [ 68.603752136230412, 23.850139617920206 ], [ 68.525138854980753, 23.759025573730696 ], [ 68.51541900634794, 23.785419464111555 ], [ 68.517906188965128, 23.795419692993335 ], [ 68.530982971191463, 23.800140380859546 ], [ 68.535140991211108, 23.806249618530273 ], [ 68.537361145019815, 23.815139770508097 ], [ 68.525970458984546, 23.802078247070312 ], [ 68.522918701172046, 23.817083358764648 ], [ 68.515136718750057, 23.824861526489485 ], [ 68.572914123535156, 23.880971908569506 ], [ 68.638465881347599, 23.894861221313704 ], [ 68.663192749023494, 23.91736030578636 ], [ 68.619857788085994, 23.906530380249194 ], [ 68.595970153808764, 23.941804885864485 ], [ 68.558746337890625, 23.924028396606445 ], [ 68.559303283691349, 23.931804656982536 ], [ 68.537361145019815, 23.946809768676871 ], [ 68.546806335449276, 23.963193893432617 ], [ 68.74924468994169, 23.962045669555721 ], [ 68.772651672363338, 24.294136047363224 ], [ 68.826354980468921, 24.308395385742301 ], [ 68.847724914550952, 24.208379745483455 ], [ 68.887542724609659, 24.195850372314453 ], [ 68.94724273681669, 24.276626586914062 ], [ 69.000534057617358, 24.22587966918951 ], [ 69.092926025390739, 24.269083023071516 ], [ 69.199768066406534, 24.235198974609318 ], [ 69.310272216797046, 24.27668762207054 ], [ 69.501167297363281, 24.255020141601506 ], [ 69.600677490234659, 24.277847290039119 ], [ 69.724578857421932, 24.175096511840877 ], [ 70.000640869140909, 24.166395187378157 ], [ 70.059303283691577, 24.192802429199503 ], [ 70.119041442871151, 24.29069900512718 ], [ 70.574867248535156, 24.42031478881853 ], [ 70.611869812011719, 24.400539398193587 ], [ 70.572067260742244, 24.344549179077205 ], [ 70.574249267578296, 24.2523326873781 ], [ 70.655303955078125, 24.225088119506836 ], [ 70.80576324462919, 24.222726821899641 ], [ 70.89410400390625, 24.257097244262752 ], [ 70.885139465332031, 24.290750503539982 ], [ 70.959747314453296, 24.346240997314737 ], [ 71.047187805175838, 24.34733963012701 ], [ 71.131767272949389, 24.401800155639933 ], [ 71.118949890137003, 24.431049346923828 ], [ 71.007568359375284, 24.442241668701115 ], [ 71.015342712402457, 24.522769927978516 ], [ 70.998268127441577, 24.541339874267635 ], [ 71.020477294921932, 24.630510330200195 ], [ 71.107139587402287, 24.68065071105957 ], [ 71.297737121582202, 24.607641220092717 ], [ 71.351036071777457, 24.653219223022575 ], [ 71.383056640625057, 24.621681213378906 ], [ 71.536972045898494, 24.678920745849723 ], [ 71.616592407226506, 24.670680999755973 ], [ 71.661560058593864, 24.633260726928711 ], [ 71.798988342285327, 24.670520782470817 ], [ 71.811767578125171, 24.621820449829215 ], [ 71.858390808105582, 24.604169845581168 ], [ 71.876472473144588, 24.675159454345703 ], [ 71.920082092285327, 24.667350769043082 ], [ 71.944190979003963, 24.626779556274528 ], [ 72.052490234375, 24.705789566039982 ], [ 72.085250854492188, 24.697008132934513 ], [ 72.101860046386889, 24.643339157104492 ] ] ] ] } },
{ "type": "Feature", "properties": { "ID_0": 105, "ISO": "IND", "NAME_0": "India", "ID_1": 13, "NAME_1": "Haryana" }, "geometry": { "type": "Polygon", "coordinates": [ [ [ 76.837150573730582, 30.878871917724837 ], [ 76.902160644531307, 30.897228240966911 ], [ 76.953750610351562, 30.811210632324389 ], [ 76.99796295166044, 30.814291000366268 ], [ 76.988601684570597, 30.777070999145451 ], [ 77.013099670410327, 30.742208480835075 ], [ 77.076843261718807, 30.744760513305721 ], [ 77.153526306152401, 30.688720703125 ], [ 77.157485961914233, 30.599550247192383 ], [ 77.111495971679688, 30.567289352417049 ], [ 77.185348510742358, 30.525880813598633 ], [ 77.202606201172159, 30.480340957641602 ], [ 77.346076965331974, 30.461900711059627 ], [ 77.40061187744169, 30.418750762939453 ], [ 77.450538635253963, 30.465230941772688 ], [ 77.453346252441463, 30.440361022949332 ], [ 77.415901184082031, 30.412830352783203 ], [ 77.434951782226847, 30.403671264648665 ], [ 77.486831665039347, 30.412612915039119 ], [ 77.509849548339901, 30.448829650878906 ], [ 77.592018127441463, 30.370861053466797 ], [ 77.473266601562784, 30.188591003418082 ], [ 77.415321350097599, 30.156690597534293 ], [ 77.398002624511889, 30.118722915649471 ], [ 77.4144287109375, 30.10713005065918 ], [ 77.270408630371264, 30.048339843750057 ], [ 77.263160705566577, 30.002149581909293 ], [ 77.180168151855639, 29.906211853027401 ], [ 77.152381896972713, 29.793279647827205 ], [ 77.117042541504077, 29.770900726318587 ], [ 77.143325805664006, 29.705970764160213 ], [ 77.085617065429744, 29.600799560546875 ], [ 77.10971832275419, 29.552989959716797 ], [ 77.084907531738395, 29.533590316772461 ], [ 77.139389038085938, 29.442100524902344 ], [ 77.125869750976619, 29.410640716552848 ], [ 77.146797180175952, 29.389770507812614 ], [ 77.116943359375057, 29.376680374145621 ], [ 77.12003326416044, 29.349790573120174 ], [ 77.153945922851619, 29.335479736328125 ], [ 77.129486083984432, 29.272790908813647 ], [ 77.144020080566463, 29.243331909179688 ], [ 77.125221252441406, 29.224870681762638 ], [ 77.139991760253963, 29.18208122253418 ], [ 77.122047424316463, 29.105768203735579 ], [ 77.214042663574332, 29.006690979003963 ], [ 77.190139770507869, 28.955661773681641 ], [ 77.221191406250171, 28.904132843017578 ], [ 77.142379760742131, 28.842470169067383 ], [ 77.075851440429858, 28.884511947631836 ], [ 77.031539916992472, 28.836790084838981 ], [ 76.942306518554688, 28.820680618286417 ], [ 76.954597473144588, 28.705371856689453 ], [ 76.917488098144815, 28.657270431518612 ], [ 76.933906555175724, 28.63764953613304 ], [ 76.877937316894588, 28.637630462646598 ], [ 76.832916259765682, 28.582508087158317 ], [ 76.879371643066406, 28.509050369262695 ], [ 77.005546569824276, 28.514440536499137 ], [ 77.006095886230526, 28.542779922485636 ], [ 77.072479248046932, 28.520280838012809 ], [ 77.165771484375057, 28.40846061706543 ], [ 77.240615844726562, 28.428859710693416 ], [ 77.225746154785156, 28.464010238647518 ], [ 77.24265289306652, 28.484600067138729 ], [ 77.334472656250171, 28.511089324951399 ], [ 77.474555969238338, 28.413511276245174 ], [ 77.49423980712919, 28.358261108398551 ], [ 77.463752746582315, 28.338010787963981 ], [ 77.494766235351619, 28.292610168457259 ], [ 77.464813232421932, 28.27742958068859 ], [ 77.538780212402514, 28.254409790039233 ], [ 77.519119262695483, 28.201780319214095 ], [ 77.489120483398722, 28.211990356445426 ], [ 77.492118835449276, 28.185100555419979 ], [ 77.542366027832031, 28.181659698486328 ], [ 77.496368408203409, 28.159870147705078 ], [ 77.492309570312557, 28.098011016845817 ], [ 77.478233337402628, 28.107971191406477 ], [ 77.468872070312784, 28.086011886596737 ], [ 77.479110717773494, 28.044162750244197 ], [ 77.535217285156307, 27.993330001831168 ], [ 77.509582519531421, 27.973331451416016 ], [ 77.536132812500057, 27.949302673339901 ], [ 77.477661132812784, 27.94021034240734 ], [ 77.445846557617188, 27.878408432006836 ], [ 77.412292480468921, 27.896158218383903 ], [ 77.412391662597713, 27.859071731567383 ], [ 77.339332580566463, 27.859590530395451 ], [ 77.234558105468921, 27.785810470581168 ], [ 77.193847656250284, 27.821939468383846 ], [ 77.168701171874943, 27.784900665283203 ], [ 77.180656433105582, 27.808652877807674 ], [ 77.150619506836108, 27.815559387207088 ], [ 77.126525878906534, 27.776460647583008 ], [ 77.038276672363452, 27.820041656494197 ], [ 77.02066802978544, 27.778120040893612 ], [ 77.079216003418253, 27.738410949707145 ], [ 76.993537902832088, 27.741701126098746 ], [ 76.97049713134794, 27.65714263916027 ], [ 76.934196472168026, 27.675100326538256 ], [ 76.905403137207088, 27.655969619751033 ], [ 76.880920410156421, 27.69936943054222 ], [ 76.914566040039119, 27.700820922851676 ], [ 76.883346557617472, 27.724422454833984 ], [ 76.903778076171875, 27.832660675049055 ], [ 76.926643371582315, 27.834220886230639 ], [ 76.93881988525419, 27.919029235840128 ], [ 76.919097900390682, 27.924860000610352 ], [ 76.918647766113224, 27.997610092163086 ], [ 76.961761474609375, 28.144010543823356 ], [ 76.863632202148494, 28.224639892578125 ], [ 76.805809020996151, 28.215890884399414 ], [ 76.791488647460938, 28.157241821289176 ], [ 76.651229858398381, 28.096759796142578 ], [ 76.660072326660156, 28.019050598144531 ], [ 76.538192749023438, 27.970541000366211 ], [ 76.538520812988281, 28.039119720458928 ], [ 76.453727722168026, 28.049669265747298 ], [ 76.49765777587919, 28.064731597900391 ], [ 76.448570251464901, 28.093170166015909 ], [ 76.497802734375057, 28.106620788574276 ], [ 76.470993041992131, 28.154741287231502 ], [ 76.376770019531193, 28.138071060180664 ], [ 76.335906982422159, 28.177341461181754 ], [ 76.288856506347656, 28.182672500610636 ], [ 76.278182983398608, 28.168571472167969 ], [ 76.355606079101562, 28.128450393676815 ], [ 76.29740142822294, 28.10104942321783 ], [ 76.354598999023722, 28.074201583862418 ], [ 76.336799621582088, 28.029661178588867 ], [ 76.297157287597713, 28.025960922241325 ], [ 76.264923095703182, 28.068740844726676 ], [ 76.177337646484432, 28.059259414672965 ], [ 76.213829040527457, 28.031681060790959 ], [ 76.154937744140568, 27.998991012573299 ], [ 76.179466247558651, 27.972841262817496 ], [ 76.166458129882869, 27.915069580078125 ], [ 76.198638916015625, 27.898990631103516 ], [ 76.193107604980469, 27.863912582397461 ], [ 76.223281860351733, 27.840930938720817 ], [ 76.172920227050952, 27.807460784912166 ], [ 76.088066101074276, 27.868448257446346 ], [ 76.049629211426065, 27.847860336303654 ], [ 75.963081359863281, 27.864730834960938 ], [ 75.977386474609375, 27.909259796142578 ], [ 75.923622131347827, 27.933090209960994 ], [ 75.938507080078296, 27.951091766357649 ], [ 75.963172912597713, 27.936950683593864 ], [ 75.986907958984318, 27.984630584716797 ], [ 75.956398010253906, 28.001020431518498 ], [ 75.99053955078125, 28.010171890259016 ], [ 75.969985961914233, 28.030948638916016 ], [ 76.010078430175838, 28.036710739135742 ], [ 76.035629272460994, 28.073980331421126 ], [ 76.015647888183707, 28.088851928711108 ], [ 75.984550476074276, 28.050741195678825 ], [ 75.982063293457088, 28.080221176147631 ], [ 75.936088562011776, 28.093530654907454 ], [ 76.027748107910327, 28.172721862792912 ], [ 76.066352844238338, 28.167770385742131 ], [ 76.065055847168082, 28.144470214843864 ], [ 76.092887878418026, 28.155218124389705 ], [ 76.045066833496378, 28.202930450439567 ], [ 76.053009033203182, 28.224229812622184 ], [ 76.011192321777344, 28.241750717163086 ], [ 76.018722534179972, 28.280958175659293 ], [ 75.954666137695256, 28.318531036377067 ], [ 75.922378540039176, 28.368909835815543 ], [ 75.889228820801065, 28.393659591675032 ], [ 75.770317077636776, 28.407619476318303 ], [ 75.778228759765909, 28.457611083984432 ], [ 75.629096984863281, 28.545970916748104 ], [ 75.618049621582202, 28.602209091186467 ], [ 75.555709838867358, 28.614591598511026 ], [ 75.528923034668253, 28.750280380249023 ], [ 75.498542785644588, 28.787660598754996 ], [ 75.513366699218921, 28.836589813232422 ], [ 75.467079162597713, 28.926250457763672 ], [ 75.51651763916044, 28.975389480590763 ], [ 75.511100769043026, 29.010829925537337 ], [ 75.434738159179688, 29.016540527343693 ], [ 75.430259704589901, 29.064720153808651 ], [ 75.380653381347713, 29.070320129394474 ], [ 75.396209716796875, 29.128440856933707 ], [ 75.361152648925952, 29.142620086670149 ], [ 75.400650024414062, 29.188909530639592 ], [ 75.395706176757869, 29.261940002441463 ], [ 75.357978820800838, 29.254610061645621 ], [ 75.345306396484546, 29.22616004943859 ], [ 75.314926147461222, 29.235960006713924 ], [ 75.319267272949276, 29.293439865112248 ], [ 75.223457336425781, 29.234951019287166 ], [ 75.179992675781307, 29.268619537353516 ], [ 75.108177185058878, 29.22677040100092 ], [ 75.078079223632983, 29.232450485229663 ], [ 75.0399169921875, 29.287149429321516 ], [ 74.953109741211222, 29.281940460205021 ], [ 74.927146911621378, 29.364639282226562 ], [ 74.841133117676065, 29.404069900512923 ], [ 74.756637573242472, 29.355960845947266 ], [ 74.650177001953239, 29.372369766235352 ], [ 74.64182281494169, 29.331199645996207 ], [ 74.595779418945369, 29.328311920166016 ], [ 74.596717834472713, 29.362190246582031 ], [ 74.529106140137003, 29.449539184570312 ], [ 74.578910827636719, 29.45862007141136 ], [ 74.614402770996264, 29.527111053466854 ], [ 74.566535949707202, 29.563499450683651 ], [ 74.605400085449503, 29.752880096435547 ], [ 74.586639404296932, 29.768510818481616 ], [ 74.472000122070369, 29.744029998779354 ], [ 74.465263366699389, 29.787549972534407 ], [ 74.553565979004077, 29.865640640259016 ], [ 74.505027770996207, 29.907760620117415 ], [ 74.524642944335994, 29.951560974121094 ], [ 74.646972656250284, 29.904670715332088 ], [ 74.639862060546932, 29.922491073608398 ], [ 74.690788269043026, 29.969270706176871 ], [ 74.801177978515682, 29.992572784423942 ], [ 74.849632263183651, 29.959129333496378 ], [ 74.881492614746151, 29.968349456787223 ], [ 74.885238647460938, 29.939109802246207 ], [ 74.915733337402287, 29.94915962219244 ], [ 74.989929199218693, 29.856460571289119 ], [ 75.065483093261719, 29.879039764404524 ], [ 75.084800720214901, 29.915140151977482 ], [ 75.104209899902514, 29.873191833496094 ], [ 75.081253051758097, 29.849372863769588 ], [ 75.107116699218807, 29.826530456543082 ], [ 75.090179443359432, 29.806661605835075 ], [ 75.154052734375057, 29.78101921081543 ], [ 75.155426025390682, 29.81981086730957 ], [ 75.182342529297159, 29.838701248169116 ], [ 75.230979919433878, 29.752067565917969 ], [ 75.157836914062671, 29.662710189819336 ], [ 75.221237182617301, 29.606550216674862 ], [ 75.223480224609432, 29.546171188354492 ], [ 75.296066284179631, 29.568080902099609 ], [ 75.280563354492301, 29.610109329223746 ], [ 75.317726135253963, 29.670700073242301 ], [ 75.350448608398608, 29.659280776977766 ], [ 75.335350036621037, 29.693849563598746 ], [ 75.378776550293026, 29.711299896240234 ], [ 75.444267272949162, 29.807849884033374 ], [ 75.568786621094034, 29.742620468139592 ], [ 75.613227844238565, 29.746458053588867 ], [ 75.625358581543026, 29.773229598999251 ], [ 75.697448730468807, 29.755210876464957 ], [ 75.705932617187784, 29.808620452880859 ], [ 75.771621704101733, 29.825389862060547 ], [ 75.829017639160327, 29.812320709228629 ], [ 75.879280090332145, 29.7470703125 ], [ 75.964859008789119, 29.731380462646484 ], [ 76.041481018066577, 29.748781204223746 ], [ 76.077667236328409, 29.805772781372127 ], [ 76.116386413574503, 29.796400070190373 ], [ 76.242012023925838, 29.869028091430835 ], [ 76.184638977050895, 29.888580322265568 ], [ 76.166290283203182, 29.928659439087198 ], [ 76.203872680664119, 29.944120407104549 ], [ 76.190917968750057, 30.016412734985295 ], [ 76.254997253418026, 30.104579925537053 ], [ 76.190612792968693, 30.134960174560717 ], [ 76.211929321289347, 30.135061264038313 ], [ 76.203872680664119, 30.158901214599723 ], [ 76.251159667968807, 30.118999481201399 ], [ 76.322898864746151, 30.108221054077262 ], [ 76.348922729492131, 30.127660751342887 ], [ 76.325881958007983, 30.149240493774471 ], [ 76.390007019043026, 30.12754058837902 ], [ 76.401641845703182, 30.157728195190487 ], [ 76.380996704101733, 30.18324089050293 ], [ 76.410202026367358, 30.202289581298999 ], [ 76.452087402344034, 30.100709915161246 ], [ 76.501121520996037, 30.076629638671989 ], [ 76.554870605469034, 30.098760604858398 ], [ 76.60105133056669, 30.080230712890739 ], [ 76.626670837402514, 30.105649948120117 ], [ 76.638916015625057, 30.205940246582315 ], [ 76.604278564453409, 30.215171813964844 ], [ 76.583999633789119, 30.25653076171875 ], [ 76.532531738281307, 30.227130889892805 ], [ 76.547637939453409, 30.264921188354549 ], [ 76.609817504883097, 30.270610809326229 ], [ 76.715156555175952, 30.332910537719727 ], [ 76.738533020019645, 30.359649658203239 ], [ 76.700149536132869, 30.393611907958984 ], [ 76.757865905761719, 30.438890457153263 ], [ 76.808456420898608, 30.411859512329272 ], [ 76.832458496093921, 30.433881759643555 ], [ 76.880226135253963, 30.359701156616211 ], [ 76.930267333984659, 30.39258956909174 ], [ 76.888847351074503, 30.441110610961971 ], [ 76.888916015625171, 30.484588623046989 ], [ 76.92032623291044, 30.518020629882812 ], [ 76.885040283203409, 30.54042053222679 ], [ 76.913429260253963, 30.599702835083008 ], [ 76.85858154296875, 30.640630722045898 ], [ 76.862228393554858, 30.67927169799799 ], [ 76.818817138671932, 30.660591125488509 ], [ 76.846786499023608, 30.792520523071232 ], [ 76.762542724609432, 30.893409729003906 ], [ 76.810188293457088, 30.930379867553711 ], [ 76.837150573730582, 30.878871917724837 ] ] ] } },
{ "type": "Feature", "properties": { "ID_0": 105, "ISO": "IND", "NAME_0": "India", "ID_1": 14, "NAME_1": "Himachal Pradesh" }, "geometry": { "type": "Polygon", "coordinates": [ [ [ 76.759971618652344, 33.25297927856451 ], [ 76.828346252441463, 33.246398925781307 ], [ 76.803459167480469, 33.15568923950218 ], [ 76.844436645508097, 33.112300872802734 ], [ 76.877197265625114, 33.114238739013842 ], [ 76.917510986328125, 33.033679962158487 ], [ 76.998466491699276, 32.989570617675781 ], [ 77.136390686035213, 32.980461120605526 ], [ 77.146186828613224, 32.914020538330305 ], [ 77.173858642578125, 32.93112945556652 ], [ 77.238876342773722, 32.86516189575201 ], [ 77.305160522460994, 32.854049682617244 ], [ 77.327896118164119, 32.819881439208928 ], [ 77.356475830078182, 32.825271606445426 ], [ 77.387466430664006, 32.885520935058651 ], [ 77.455223083496264, 32.861740112304801 ], [ 77.583923339843693, 32.943801879882812 ], [ 77.653312683105753, 32.95940017700201 ], [ 77.665206909179858, 32.986030578613509 ], [ 77.712486267089787, 32.971801757812443 ], [ 77.790168762207202, 32.905429840088118 ], [ 77.761428833007869, 32.864830017089844 ], [ 77.847602844238338, 32.828411102295036 ], [ 77.880897521972599, 32.775409698486442 ], [ 77.915130615234432, 32.766059875488281 ], [ 77.903251647949389, 32.693099975586051 ], [ 77.982559204101506, 32.586528778076399 ], [ 78.035797119140625, 32.591949462890682 ], [ 78.033897399902514, 32.635608673095817 ], [ 78.065330505371378, 32.624279022216854 ], [ 78.093376159667912, 32.662151336669865 ], [ 78.121498107910213, 32.642349243164176 ], [ 78.152542114257983, 32.679019927978572 ], [ 78.212936401367472, 32.669189453125057 ], [ 78.295722961426065, 32.712810516357479 ], [ 78.287658691406307, 32.737831115722656 ], [ 78.371353149414119, 32.76182937622076 ], [ 78.363151550293026, 32.671989440917969 ], [ 78.388816833496378, 32.623229980468807 ], [ 78.296623229980526, 32.577510833740405 ], [ 78.278518676757869, 32.507930755615291 ], [ 78.310409545898722, 32.475929260253906 ], [ 78.382431030273494, 32.529651641845703 ], [ 78.43839263916044, 32.505352020263786 ], [ 78.438110351562557, 32.456390380859489 ], [ 78.518760681152514, 32.418498992920149 ], [ 78.464073181152401, 32.352230072021484 ], [ 78.466156005859432, 32.284019470214787 ], [ 78.439208984375171, 32.2464599609375 ], [ 78.539421081543026, 32.249980926513672 ], [ 78.592910766601506, 32.218669891357706 ], [ 78.574310302734432, 32.158618927001953 ], [ 78.597335815429858, 32.122032165527457 ], [ 78.647872924804858, 32.107131958007869 ], [ 78.731407165527344, 32.007648468017805 ], [ 78.771026611328409, 31.999811172485465 ], [ 78.691352844238281, 31.79335021972679 ], [ 78.724662780761832, 31.763860702514648 ], [ 78.71134185791044, 31.741262435913143 ], [ 78.734397888183878, 31.69198036193859 ], [ 78.779647827148381, 31.689840316772461 ], [ 78.83109283447277, 31.615261077880859 ], [ 78.706642150879077, 31.518392562866211 ], [ 78.716583251953182, 31.484882354736442 ], [ 78.748931884765568, 31.490619659423942 ], [ 78.795478820800724, 31.452762603759766 ], [ 78.776435852050952, 31.401229858398494 ], [ 78.834228515625171, 31.372470855712947 ], [ 78.829010009765909, 31.330200195312671 ], [ 78.971870422363565, 31.182371139526424 ], [ 78.996582031250057, 31.115339279174748 ], [ 78.87139892578125, 31.107320785522404 ], [ 78.818733215332315, 31.147211074829158 ], [ 78.795036315918082, 31.205039978027344 ], [ 78.647697448730639, 31.194669723510856 ], [ 78.595367431640909, 31.236391067504883 ], [ 78.470108032226733, 31.203750610351562 ], [ 78.444137573242131, 31.244199752807674 ], [ 78.397529602050838, 31.247791290283317 ], [ 78.356323242187557, 31.290870666503906 ], [ 78.298362731933707, 31.288209915161246 ], [ 78.232589721679972, 31.235019683838004 ], [ 78.147827148437557, 31.231571197509822 ], [ 78.087738037109432, 31.19079971313505 ], [ 78.029953002929744, 31.185310363769588 ], [ 78.014236450195312, 31.154939651489258 ], [ 77.954757690429858, 31.178779602050838 ], [ 77.887489318847713, 31.154701232910156 ], [ 77.842826843261776, 31.081291198730639 ], [ 77.800605773925724, 31.062080383301009 ], [ 77.825332641601619, 31.008132934570426 ], [ 77.796417236328125, 30.969820022583235 ], [ 77.817146301269645, 30.953569412231502 ], [ 77.763877868652401, 30.976989746093807 ], [ 77.734573364258097, 30.959569931030273 ], [ 77.745597839355526, 30.922309875488395 ], [ 77.795616149902628, 30.923799514770508 ], [ 77.78936767578125, 30.858549118042106 ], [ 77.744522094726506, 30.881191253662166 ], [ 77.744407653808651, 30.829851150512809 ], [ 77.688285827636889, 30.768669128417969 ], [ 77.741096496581974, 30.710660934448242 ], [ 77.733406066894645, 30.68582916259794 ], [ 77.779052734374943, 30.663770675659407 ], [ 77.781990051269588, 30.619358062744425 ], [ 77.729522705078125, 30.598382949829102 ], [ 77.761848449707315, 30.562988281250114 ], [ 77.803237915039347, 30.563779830932788 ], [ 77.810646057128963, 30.533180236816634 ], [ 77.679069519043253, 30.451730728149414 ], [ 77.574630737304858, 30.426519393920955 ], [ 77.565345764160213, 30.384889602661246 ], [ 77.509849548339901, 30.448829650878906 ], [ 77.486831665039347, 30.412612915039119 ], [ 77.416442871094034, 30.408391952514876 ], [ 77.453346252441463, 30.440361022949332 ], [ 77.450538635253963, 30.465230941772688 ], [ 77.40061187744169, 30.418750762939453 ], [ 77.346076965331974, 30.461900711059627 ], [ 77.202606201172159, 30.480340957641602 ], [ 77.185348510742358, 30.525880813598633 ], [ 77.122337341308878, 30.548231124878043 ], [ 77.111495971679688, 30.567289352417049 ], [ 77.158638000488452, 30.603141784668026 ], [ 77.153526306152401, 30.688720703125 ], [ 77.076843261718807, 30.744760513305721 ], [ 77.013099670410327, 30.742208480835075 ], [ 76.988601684570597, 30.777070999145451 ], [ 76.99796295166044, 30.814291000366268 ], [ 76.953750610351562, 30.811210632324389 ], [ 76.902160644531307, 30.897228240966911 ], [ 76.852432250976847, 30.870689392089844 ], [ 76.815757751464901, 30.89600944519043 ], [ 76.810188293457088, 30.930379867553711 ], [ 76.769859313965128, 30.906391143798942 ], [ 76.712600708007926, 30.963420867920036 ], [ 76.610069274902514, 31.004230499267692 ], [ 76.598968505859318, 31.053550720214957 ], [ 76.625732421875171, 31.11024284362793 ], [ 76.589317321777401, 31.12770080566429 ], [ 76.590393066406193, 31.18285942077631 ], [ 76.634147644043026, 31.215339660644531 ], [ 76.580612182617301, 31.216352462768612 ], [ 76.601615905762003, 31.250909805297852 ], [ 76.570503234863395, 31.280149459838867 ], [ 76.534950256347656, 31.255350112915266 ], [ 76.537170410156193, 31.283950805664176 ], [ 76.518112182617188, 31.262310028076286 ], [ 76.466712951660213, 31.310211181640682 ], [ 76.431137084960938, 31.282840728759822 ], [ 76.448272705078409, 31.305990219116438 ], [ 76.363136291503963, 31.441350936889819 ], [ 76.359146118164119, 31.415630340576229 ], [ 76.315841674804744, 31.402378082275391 ], [ 76.336662292480582, 31.353019714355753 ], [ 76.295967102050838, 31.342229843139876 ], [ 76.296096801757812, 31.31920051574707 ], [ 76.17282867431669, 31.306739807129077 ], [ 76.135032653808651, 31.361759185791016 ], [ 76.153495788574276, 31.414012908935547 ], [ 75.921829223633097, 31.817180633545036 ], [ 75.971466064453125, 31.814548492431641 ], [ 75.894546508789347, 31.949800491333235 ], [ 75.689819335937557, 32.061531066894759 ], [ 75.578758239746264, 32.081680297851562 ], [ 75.661827087402401, 32.164669036865348 ], [ 75.620216369628963, 32.185169219970874 ], [ 75.622543334961051, 32.23468017578125 ], [ 75.736396789550838, 32.273761749267692 ], [ 75.843879699707202, 32.379310607910213 ], [ 75.934631347656534, 32.424758911133097 ], [ 75.850967407226733, 32.507869720458984 ], [ 75.923622131347827, 32.643699645996207 ], [ 75.896575927734432, 32.691059112549055 ], [ 75.912483215332315, 32.757122039795036 ], [ 75.787422180175952, 32.89332199096674 ], [ 75.833892822265909, 32.934600830078239 ], [ 75.933776855468807, 32.884311676025504 ], [ 75.987419128418082, 32.900581359863509 ], [ 76.082206726074276, 32.968799591064567 ], [ 76.093688964844034, 33.004829406738281 ], [ 76.237289428711051, 33.032588958740234 ], [ 76.275001525878963, 33.103988647460881 ], [ 76.391677856445483, 33.186691284179744 ], [ 76.581901550293026, 33.206871032714901 ], [ 76.627006530761662, 33.162479400634766 ], [ 76.729866027832202, 33.179431915283203 ], [ 76.759971618652344, 33.25297927856451 ] ] ] } },
{ "type": "Feature", "properties": { "ID_0": 105, "ISO": "IND", "NAME_0": "India", "ID_1": 15, "NAME_1": "Jammu and Kashmir" }, "geometry": { "type": "Polygon", "coordinates": [ [ [ 77.899566650390909, 35.427894592285099 ], [ 77.990646362304744, 35.487110137939567 ], [ 78.109832763672046, 35.476768493652344 ], [ 77.9970703125, 35.394088745117301 ], [ 77.991851806640739, 35.348548889160099 ], [ 78.042762756347713, 35.202331542968807 ], [ 78.124176025390682, 35.135421752929915 ], [ 78.082870483398722, 35.082489013671875 ], [ 78.248031616211222, 34.695098876953068 ], [ 78.300338745117188, 34.661930084228572 ], [ 78.398361206054631, 34.648632049560831 ], [ 78.425117492675952, 34.603462219238509 ], [ 78.569335937500057, 34.611949920654524 ], [ 78.824951171875057, 34.414131164550895 ], [ 78.981460571289062, 34.332851409912109 ], [ 78.993400573730582, 34.288742065429915 ], [ 78.956199645996151, 34.217830657959155 ], [ 78.706382751465128, 34.072181701660156 ], [ 78.770362854003906, 34.019729614257812 ], [ 78.715789794922046, 33.964530944824332 ], [ 78.711563110351562, 33.922500610351619 ], [ 78.783988952637003, 33.770431518554688 ], [ 78.710983276367131, 33.654869079589844 ], [ 78.823257446289119, 33.483489990234489 ], [ 79.066596984863338, 33.295890808105469 ], [ 79.074966430664062, 33.228610992431925 ], [ 79.185462951660213, 33.191230773925838 ], [ 79.409835815429631, 33.17877197265625 ], [ 79.352470397949389, 32.979030609130916 ], [ 79.448577880859546, 32.889228820800781 ], [ 79.47122955322294, 32.802822113037337 ], [ 79.540527343750171, 32.748691558838004 ], [ 79.564292907715128, 32.670761108398494 ], [ 79.545356750488338, 32.607360839843921 ], [ 79.448013305664233, 32.586078643798828 ], [ 79.312217712402514, 32.487091064453239 ], [ 79.258407592773438, 32.523380279541072 ], [ 79.202957153320369, 32.510829925537166 ], [ 79.126525878906307, 32.464309692382983 ], [ 79.104469299316349, 32.371711730957145 ], [ 79.049217224121094, 32.383369445801065 ], [ 78.977203369140909, 32.342769622802962 ], [ 78.781181335449219, 32.475299835205135 ], [ 78.763710021972713, 32.567810058594034 ], [ 78.780326843261776, 32.598320007324332 ], [ 78.745925903320483, 32.696079254150675 ], [ 78.654426574707088, 32.649230957031364 ], [ 78.625671386718864, 32.607051849365234 ], [ 78.544929504394588, 32.612308502197379 ], [ 78.485610961914119, 32.573219299316577 ], [ 78.452720642089787, 32.579502105713004 ], [ 78.412239074707145, 32.556060791015625 ], [ 78.416526794433764, 32.515098571777571 ], [ 78.382431030273494, 32.529651641845703 ], [ 78.310409545898722, 32.475929260253906 ], [ 78.278518676757869, 32.507930755615291 ], [ 78.296623229980526, 32.577510833740405 ], [ 78.388816833496378, 32.623229980468807 ], [ 78.363151550293026, 32.671989440917969 ], [ 78.371353149414119, 32.76182937622076 ], [ 78.287658691406307, 32.737831115722656 ], [ 78.295722961426065, 32.712810516357479 ], [ 78.212936401367472, 32.669189453125057 ], [ 78.152542114257983, 32.679019927978572 ], [ 78.121498107910213, 32.642349243164176 ], [ 78.093376159667912, 32.662151336669865 ], [ 78.065330505371378, 32.624279022216854 ], [ 78.033897399902514, 32.635608673095817 ], [ 78.035797119140625, 32.591949462890682 ], [ 77.982559204101506, 32.586528778076399 ], [ 77.903251647949389, 32.693099975586051 ], [ 77.915130615234432, 32.766059875488281 ], [ 77.880897521972599, 32.775409698486442 ], [ 77.847602844238338, 32.828411102295036 ], [ 77.761428833007869, 32.864830017089844 ], [ 77.790168762207202, 32.905429840088118 ], [ 77.712486267089787, 32.971801757812443 ], [ 77.665206909179858, 32.986030578613509 ], [ 77.653312683105753, 32.95940017700201 ], [ 77.583923339843693, 32.943801879882812 ], [ 77.455223083496264, 32.861740112304801 ], [ 77.387466430664006, 32.885520935058651 ], [ 77.356475830078182, 32.825271606445426 ], [ 77.327896118164119, 32.819881439208928 ], [ 77.305160522460994, 32.854049682617244 ], [ 77.238876342773722, 32.86516189575201 ], [ 77.173858642578125, 32.93112945556652 ], [ 77.146186828613224, 32.914020538330305 ], [ 77.136390686035213, 32.980461120605526 ], [ 76.998466491699276, 32.989570617675781 ], [ 76.917510986328125, 33.033679962158487 ], [ 76.877197265625114, 33.114238739013842 ], [ 76.844436645508097, 33.112300872802734 ], [ 76.803459167480469, 33.15568923950218 ], [ 76.828346252441463, 33.246398925781307 ], [ 76.778266906738224, 33.255710601806584 ], [ 76.755340576172159, 33.24948883056652 ], [ 76.729866027832202, 33.179431915283203 ], [ 76.627006530761662, 33.162479400634766 ], [ 76.581901550293026, 33.206871032714901 ], [ 76.547477722167912, 33.209529876709098 ], [ 76.469062805176065, 33.179908752441406 ], [ 76.391677856445483, 33.186691284179744 ], [ 76.275001525878963, 33.103988647460881 ], [ 76.237289428711051, 33.032588958740234 ], [ 76.093688964844034, 33.004829406738281 ], [ 76.082206726074276, 32.968799591064567 ], [ 75.945770263671875, 32.885139465332088 ], [ 75.867118835449162, 32.930210113525447 ], [ 75.807952880859659, 32.929790496826172 ], [ 75.78983306884794, 32.881401062011662 ], [ 75.912483215332315, 32.757122039795036 ], [ 75.896575927734432, 32.691059112549055 ], [ 75.923622131347827, 32.643699645996207 ], [ 75.804336547851847, 32.487060546875227 ], [ 75.745925903320369, 32.476348876953182 ], [ 75.684959411621378, 32.400619506835938 ], [ 75.545150756836222, 32.360820770263672 ], [ 75.498947143554801, 32.275329589843807 ], [ 75.472236633300838, 32.340049743652457 ], [ 75.322326660156364, 32.337326049804915 ], [ 75.188529968261889, 32.424480438232536 ], [ 75.127929687500057, 32.421169281006087 ], [ 75.071609497070483, 32.482963562011719 ], [ 75.030166625976847, 32.49176025390625 ], [ 74.979347229003963, 32.44776916503929 ], [ 74.835327148437557, 32.496212005615178 ], [ 74.698417663574276, 32.484939575195369 ], [ 74.642211914062784, 32.611049652099609 ], [ 74.676208496093921, 32.658000946045092 ], [ 74.650138854980526, 32.718410491943303 ], [ 74.697021484375171, 32.839714050293026 ], [ 74.641998291015909, 32.822898864746094 ], [ 74.614234924316577, 32.757732391357422 ], [ 74.531532287597713, 32.740730285644759 ], [ 74.466056823730526, 32.781360626220646 ], [ 74.413894653320597, 32.903949737548942 ], [ 74.318031311035327, 32.919700622558707 ], [ 74.349830627441349, 33.016250610351506 ], [ 74.205245971679631, 33.043300628662109 ], [ 74.17624664306669, 33.107151031494141 ], [ 74.111701965332088, 33.164440155029354 ], [ 74.014274597168082, 33.198249816894531 ], [ 74.020301818847656, 33.258781433105696 ], [ 74.102981567383097, 33.270542144775504 ], [ 74.170745849609375, 33.346649169922046 ], [ 74.187072753906364, 33.455520629882812 ], [ 74.095710754394645, 33.570396423339844 ], [ 74.028442382812443, 33.574680328369141 ], [ 73.956253051757869, 33.720291137695312 ], [ 74.065727233886776, 33.820098876953352 ], [ 74.219673156738338, 33.867176055908317 ], [ 74.261123657226847, 33.924797058105526 ], [ 74.262741088867244, 33.974288940429972 ], [ 74.214675903320369, 34.038555145263672 ], [ 74.123695373535213, 34.055179595947493 ], [ 74.006072998046989, 34.022441864013786 ], [ 73.883216857910213, 34.049949645996321 ], [ 73.904083251953068, 34.122249603271484 ], [ 73.976577758789062, 34.211803436279354 ], [ 73.976226806640796, 34.264808654785156 ], [ 73.899406433105526, 34.359813690185604 ], [ 73.841751098632983, 34.338321685790959 ], [ 73.773391723633097, 34.349750518799112 ], [ 73.764320373535327, 34.371070861816406 ], [ 73.776985168457088, 34.416301727295036 ], [ 73.898742675781193, 34.495769500732479 ], [ 73.895339965820483, 34.54666900634777 ], [ 73.948066711425838, 34.573089599609375 ], [ 73.927330017090128, 34.645889282226506 ], [ 73.960220336914062, 34.696681976318473 ], [ 74.141792297363452, 34.691200256347884 ], [ 74.307296752929631, 34.800304412841797 ], [ 74.375541687012003, 34.803443908691406 ], [ 74.58017730712902, 34.770099639892692 ], [ 74.703002929687557, 34.693080902099723 ], [ 74.910507202148494, 34.683208465576172 ], [ 75.018745422363281, 34.641498565674055 ], [ 75.142295837402628, 34.662410736083984 ], [ 75.249710083007756, 34.647312164306584 ], [ 75.261856079101619, 34.610881805419865 ], [ 75.377822875976619, 34.552421569824162 ], [ 75.749206542969034, 34.515830993652344 ], [ 76.036460876465128, 34.670269012451172 ], [ 76.157913208007869, 34.643409729003849 ], [ 76.474342346191463, 34.794372558593977 ], [ 76.561813354492358, 34.758338928222884 ], [ 76.681816101074219, 34.759590148925781 ], [ 76.743240356445369, 34.840099334716911 ], [ 76.749366760253963, 34.92660140991228 ], [ 76.870040893554858, 34.972431182861555 ], [ 76.997489929199276, 34.939151763916016 ], [ 77.018096923828182, 35.038463592529411 ], [ 77.068367004394474, 35.024120330810774 ], [ 77.156822204589957, 35.054698944091911 ], [ 77.650566101074276, 35.367080688476562 ], [ 77.823928833007983, 35.50133132934593 ], [ 77.846778869628906, 35.50078201293951 ], [ 77.899566650390909, 35.427894592285099 ] ] ] } },
{ "type": "Feature", "properties": { "ID_0": 105, "ISO": "IND", "NAME_0": "India", "ID_1": 16, "NAME_1": "Jharkhand" }, "geometry": { "type": "Polygon", "coordinates": [ [ [ 87.599891662597713, 25.314662933349553 ], [ 87.684150695800952, 25.310131072998047 ], [ 87.707786560058764, 25.25640869140625 ], [ 87.783309936523608, 25.246177673339901 ], [ 87.776527404785213, 25.091270446777344 ], [ 87.876976013183764, 25.028039932251204 ], [ 87.973342895507869, 24.896482467651367 ], [ 87.888977050781421, 24.852939605712891 ], [ 87.898422241210994, 24.824529647827148 ], [ 87.867668151855526, 24.822982788086051 ], [ 87.876663208007869, 24.79368972778326 ], [ 87.854537963867244, 24.764310836791992 ], [ 87.835243225097713, 24.76323127746582 ], [ 87.837532043457088, 24.787801742553938 ], [ 87.818061828613281, 24.765981674194336 ], [ 87.900833129882983, 24.721599578857479 ], [ 87.886619567871378, 24.674102783203125 ], [ 87.913406372070483, 24.65855979919445 ], [ 87.884613037109546, 24.626649856567383 ], [ 87.901611328125057, 24.612581253051758 ], [ 87.872741699218693, 24.61071968078619 ], [ 87.909973144531421, 24.593868255615178 ], [ 87.848213195800838, 24.55105018615734 ], [ 87.769409179687671, 24.581760406494368 ], [ 87.806343078613565, 24.545200347900504 ], [ 87.795150756836108, 24.491050720214901 ], [ 87.806671142578182, 24.510601043701229 ], [ 87.822875976562557, 24.49440956115734 ], [ 87.784751892089957, 24.414541244507063 ], [ 87.810020446777514, 24.406620025634766 ], [ 87.756278991699276, 24.303592681884766 ], [ 87.710319519043026, 24.292070388793888 ], [ 87.681358337402401, 24.246440887451229 ], [ 87.635711669922046, 24.242530822753963 ], [ 87.637725830078409, 24.211580276489201 ], [ 87.692558288574219, 24.186180114746037 ], [ 87.689567565918026, 24.149839401245231 ], [ 87.569381713867244, 24.155651092529354 ], [ 87.607612609863224, 24.128942489624023 ], [ 87.569221496582145, 24.106750488281307 ], [ 87.576156616210938, 24.085260391235408 ], [ 87.493598937988452, 24.115209579467773 ], [ 87.491226196289347, 24.052021026611328 ], [ 87.510551452636719, 24.039831161498967 ], [ 87.433830261230753, 24.008321762085075 ], [ 87.457969665527401, 23.981420516967887 ], [ 87.356636047363452, 24.009189605712947 ], [ 87.327873229980469, 23.995990753173885 ], [ 87.332359313965128, 24.031009674072209 ], [ 87.237976074218693, 24.041219711303711 ], [ 87.261543273925838, 23.966169357299918 ], [ 87.291816711425952, 23.955699920654297 ], [ 87.294548034668026, 23.898571014404354 ], [ 87.270416259765625, 23.872940063476676 ], [ 87.248222351074332, 23.907011032104549 ], [ 87.242729187012003, 23.826160430908146 ], [ 87.218559265136889, 23.830801010131836 ], [ 87.236236572265909, 23.853069305419922 ], [ 87.188568115234318, 23.840837478637695 ], [ 87.195655822754077, 23.854259490966797 ], [ 87.130928039551065, 23.866960525512695 ], [ 87.166442871093693, 23.819589614868278 ], [ 87.124160766601733, 23.795038223266602 ], [ 86.966911315918253, 23.865299224853516 ], [ 86.93637847900419, 23.84486007690424 ], [ 86.895011901855753, 23.879951477051009 ], [ 86.875267028808651, 23.862380981445369 ], [ 86.88226318359375, 23.814479827880973 ], [ 86.871215820312671, 23.844181060791072 ], [ 86.820770263671932, 23.811309814453182 ], [ 86.792839050293139, 23.831380844116211 ], [ 86.819770812988338, 23.761070251464844 ], [ 86.792037963867131, 23.687370300293082 ], [ 86.693847656250171, 23.694520950317383 ], [ 86.591606140136889, 23.671150207519645 ], [ 86.528656005859546, 23.628980636596623 ], [ 86.439880371093864, 23.629610061645621 ], [ 86.357971191406421, 23.543060302734375 ], [ 86.371948242187557, 23.482660293579102 ], [ 86.300148010253906, 23.443710327148438 ], [ 86.300003051757812, 23.420061111450195 ], [ 86.278472900390682, 23.441120147705078 ], [ 86.243179321289119, 23.419580459594783 ], [ 86.224662780761719, 23.435680389404411 ], [ 86.238746643066577, 23.469690322875977 ], [ 86.145530700683651, 23.473070144653263 ], [ 86.144767761230526, 23.567771911621207 ], [ 86.046867370605639, 23.583869934082031 ], [ 86.010772705078409, 23.551649093628157 ], [ 86.047225952148438, 23.493642807006893 ], [ 85.943908691406307, 23.454620361328352 ], [ 85.874122619628963, 23.476230621337891 ], [ 85.859542846679688, 23.450950622558594 ], [ 85.895690917968807, 23.370590209960881 ], [ 85.866256713867358, 23.364849090576229 ], [ 85.877983093261832, 23.323709487914982 ], [ 85.826362609863281, 23.263120651245231 ], [ 85.831558227539062, 23.195119857788086 ], [ 85.857521057128963, 23.194362640381087 ], [ 85.914993286133097, 23.129529953002987 ], [ 86.03692626953125, 23.143610000610465 ], [ 86.047966003418253, 23.10868072509777 ], [ 86.136566162109432, 23.083101272583065 ], [ 86.150016784667912, 23.040899276733512 ], [ 86.212478637695369, 22.99184989929222 ], [ 86.298255920410327, 23.013282775878963 ], [ 86.393035888671875, 22.974239349365291 ], [ 86.416282653808537, 22.994791030883846 ], [ 86.497352600097599, 22.989908218383903 ], [ 86.512237548828125, 22.966260910034237 ], [ 86.540283203125, 22.987230300903434 ], [ 86.518356323242358, 22.944330215454215 ], [ 86.470420837402628, 22.949449539184684 ], [ 86.432823181152457, 22.923402786254883 ], [ 86.463043212890796, 22.89663124084484 ], [ 86.416152954101733, 22.776508331298942 ], [ 86.506591796875057, 22.701520919799862 ], [ 86.539253234863395, 22.720649719238338 ], [ 86.617866516113565, 22.673389434814453 ], [ 86.651702880859546, 22.575790405273381 ], [ 86.759941101074332, 22.572429656982536 ], [ 86.798011779785156, 22.483989715576172 ], [ 86.748268127441463, 22.478660583496207 ], [ 86.751480102539119, 22.450679779052962 ], [ 86.763893127441463, 22.422889709472656 ], [ 86.84393310546875, 22.396060943603516 ], [ 86.829193115234659, 22.324590682983398 ], [ 86.885116577148381, 22.296709060669173 ], [ 86.885681152343693, 22.252120971679631 ], [ 86.811866760253849, 22.263931274414176 ], [ 86.799606323242301, 22.240972518921012 ], [ 86.790267944336051, 22.262800216674805 ], [ 86.800117492675838, 22.213630676269531 ], [ 86.775886535644531, 22.231540679931697 ], [ 86.747802734375, 22.207981109619141 ], [ 86.651145935058594, 22.233200073242301 ], [ 86.645576477050952, 22.261369705200195 ], [ 86.532379150390682, 22.298191070556584 ], [ 86.499946594238338, 22.340951919555721 ], [ 86.43839263916044, 22.323368072509709 ], [ 86.433357238769588, 22.301540374755916 ], [ 86.352737426758097, 22.345420837402344 ], [ 86.279823303222713, 22.44552040100109 ], [ 86.107330322265796, 22.484897613525504 ], [ 86.038490295410327, 22.563589096069336 ], [ 85.953506469726676, 22.455972671509016 ], [ 86.008743286132983, 22.424320220947266 ], [ 86.021247863769815, 22.375040054321289 ], [ 85.992881774902514, 22.33815956115734 ], [ 86.020431518554744, 22.329399108886719 ], [ 86.008422851562557, 22.309959411621094 ], [ 86.043289184570369, 22.306190490722713 ], [ 85.96978759765625, 22.243400573730469 ], [ 86.026718139648494, 22.185222625732536 ], [ 85.905426025390682, 21.966630935668888 ], [ 85.760749816894531, 21.989719390869254 ], [ 85.787940979003963, 22.077190399169922 ], [ 85.830757141113452, 22.076971054077092 ], [ 85.802047729492244, 22.110830307006893 ], [ 85.681503295898494, 22.04878044128418 ], [ 85.644607543945483, 22.090280532836914 ], [ 85.539543151855469, 22.086589813232479 ], [ 85.394439697265682, 22.158599853515682 ], [ 85.36319732666044, 22.154569625854606 ], [ 85.358131408691577, 22.119600296020451 ], [ 85.300079345703409, 22.107059478759709 ], [ 85.230941772460994, 22.000270843505859 ], [ 85.210746765136776, 22.043180465698356 ], [ 85.118881225586222, 22.066471099853516 ], [ 85.09543609619169, 22.099451065063477 ], [ 85.043899536132926, 22.110700607299918 ], [ 84.979820251465128, 22.08468055725109 ], [ 85.02374267578125, 22.111991882324219 ], [ 85.070510864257983, 22.272159576416243 ], [ 85.114456176757869, 22.290489196777344 ], [ 85.074058532715128, 22.348590850830078 ], [ 85.062492370605639, 22.478410720825195 ], [ 84.893798828125284, 22.418010711669922 ], [ 84.876525878906421, 22.44325065612793 ], [ 84.832542419433651, 22.42637825012207 ], [ 84.807792663574503, 22.446861267089787 ], [ 84.752693176269474, 22.442012786865234 ], [ 84.743850708007869, 22.414751052856502 ], [ 84.526626586914176, 22.420021057128906 ], [ 84.476669311523722, 22.405981063842887 ], [ 84.477592468261776, 22.383680343627873 ], [ 84.426086425781307, 22.348810195922908 ], [ 84.289222717285156, 22.337320327758846 ], [ 84.152488708496264, 22.400930404663143 ], [ 84.134925842285156, 22.470949172973576 ], [ 84.002502441406534, 22.520860671997184 ], [ 84.005050659179858, 22.569562911987532 ], [ 84.080390930175952, 22.63655090332054 ], [ 84.149932861328409, 22.634420394897518 ], [ 84.220611572265625, 22.668910980224666 ], [ 84.225357055664233, 22.735160827636946 ], [ 84.285285949707088, 22.763370513916129 ], [ 84.329460144042912, 22.859550476074276 ], [ 84.369888305664006, 22.864500045776481 ], [ 84.389053344726619, 22.938739776611328 ], [ 84.370536804199276, 22.975070953369254 ], [ 84.217056274414176, 22.976472854614315 ], [ 84.189926147460994, 23.023719787597713 ], [ 84.148002624511776, 22.963869094848633 ], [ 84.129379272460881, 23.081541061401481 ], [ 84.033676147461108, 23.13844108581543 ], [ 84.070251464843693, 23.329990386962947 ], [ 84.043388366699389, 23.374010086059627 ], [ 84.006530761719034, 23.352800369262752 ], [ 83.965827941894588, 23.381210327148494 ], [ 83.969528198242472, 23.455408096313533 ], [ 84.022666931152401, 23.544240951538143 ], [ 84.007026672363338, 23.632310867309684 ], [ 83.937889099121094, 23.622430801391602 ], [ 83.935256958007983, 23.563039779663086 ], [ 83.774887084960994, 23.599500656127987 ], [ 83.714729309082031, 23.682540893554915 ], [ 83.729400634765568, 23.754730224609318 ], [ 83.695388793945369, 23.820669174194279 ], [ 83.561210632324389, 23.86295127868658 ], [ 83.576156616210994, 23.884380340576172 ], [ 83.542846679687784, 23.89824104309082 ], [ 83.506706237793026, 24.028240203857479 ], [ 83.447586059570369, 24.042480468750057 ], [ 83.425369262695256, 24.083761215209961 ], [ 83.323562622070483, 24.101329803466854 ], [ 83.401885986328409, 24.266000747680664 ], [ 83.375938415527628, 24.314540863037337 ], [ 83.451393127441463, 24.364749908447379 ], [ 83.429885864257869, 24.403789520263729 ], [ 83.400138854980582, 24.408679962158203 ], [ 83.381408691406307, 24.455650329589957 ], [ 83.395469665527514, 24.503770828247184 ], [ 83.509506225585938, 24.527540206909123 ], [ 83.716690063476562, 24.504949569702376 ], [ 83.868041992187784, 24.532880783080998 ], [ 83.933006286621151, 24.551742553710994 ], [ 83.992210388183878, 24.638032913208121 ], [ 84.046737670898551, 24.612289428710938 ], [ 84.109779357910327, 24.481399536132926 ], [ 84.146057128906307, 24.540300369262752 ], [ 84.179260253906307, 24.510419845581055 ], [ 84.188301086426065, 24.555320739746151 ], [ 84.257141113281534, 24.530750274658203 ], [ 84.269226074218921, 24.564252853393612 ], [ 84.297431945800781, 24.563142776489258 ], [ 84.326347351074332, 24.502719879150391 ], [ 84.294189453125, 24.48076057434082 ], [ 84.293212890624943, 24.450822830200195 ], [ 84.330398559570597, 24.431190490722713 ], [ 84.315055847168026, 24.423452377319336 ], [ 84.335861206054744, 24.395830154418888 ], [ 84.382217407226619, 24.389699935913086 ], [ 84.422538757324162, 24.359149932861385 ], [ 84.417427062988452, 24.331361770629826 ], [ 84.454536437988565, 24.338649749755973 ], [ 84.493537902832202, 24.287040710449332 ], [ 84.521522521972599, 24.376260757446289 ], [ 84.565780639648381, 24.383939743041992 ], [ 84.572479248047046, 24.412340164184798 ], [ 84.658256530762003, 24.393741607666129 ], [ 84.678916931152514, 24.456342697143668 ], [ 84.795326232910213, 24.529491424560604 ], [ 84.832626342773438, 24.511480331421012 ], [ 84.834396362304688, 24.452520370483455 ], [ 84.880172729492188, 24.462800979614258 ], [ 84.898033142089787, 24.372129440307617 ], [ 84.968566894531534, 24.375949859619197 ], [ 84.990402221679858, 24.412229537963924 ], [ 85.057487487792912, 24.416482925415039 ], [ 85.076156616211222, 24.439870834350586 ], [ 85.065483093262003, 24.386760711669922 ], [ 85.089416503906307, 24.37919998168968 ], [ 85.169380187988338, 24.429470062255859 ], [ 85.150672912597713, 24.462869644165096 ], [ 85.281967163086222, 24.497200012207088 ], [ 85.282516479492472, 24.526689529418888 ], [ 85.486480712890796, 24.550750732421932 ], [ 85.518302917480412, 24.52454948425293 ], [ 85.536796569824503, 24.565240859985352 ], [ 85.568290710449219, 24.565200805664062 ], [ 85.576576232910213, 24.603010177612362 ], [ 85.664703369140682, 24.581930160522461 ], [ 85.649528503417912, 24.687040328979492 ], [ 85.696662902832031, 24.713472366333008 ], [ 85.736740112304858, 24.822650909423885 ], [ 85.777236938476619, 24.798950195312614 ], [ 85.877777099609432, 24.80029106140131 ], [ 85.950302124023722, 24.732118606567383 ], [ 86.050582885742244, 24.779541015624943 ], [ 86.039070129394702, 24.74131965637207 ], [ 86.086578369140682, 24.746320724487248 ], [ 86.124443054199503, 24.705160140991211 ], [ 86.133293151855639, 24.60354042053217 ], [ 86.194938659668026, 24.585161209106502 ], [ 86.217376708984546, 24.611770629882812 ], [ 86.264137268066577, 24.575838088989371 ], [ 86.322860717773608, 24.584091186523438 ], [ 86.304046630859432, 24.558290481567496 ], [ 86.312416076660213, 24.508470535278548 ], [ 86.279136657715128, 24.462001800537166 ], [ 86.350723266601733, 24.443710327148438 ], [ 86.45220947265625, 24.368629455566463 ], [ 86.465827941894645, 24.421880722045842 ], [ 86.48858642578125, 24.425001144409237 ], [ 86.505722045898722, 24.5177001953125 ], [ 86.602920532226619, 24.605068206787223 ], [ 86.668395996094034, 24.560640335082951 ], [ 86.731582641601562, 24.575799942016829 ], [ 86.750862121582202, 24.617979049682617 ], [ 86.777122497558878, 24.619760513305607 ], [ 86.805778503417969, 24.594501495361328 ], [ 86.800292968750171, 24.564601898193587 ], [ 86.854637145996264, 24.550460815429801 ], [ 86.876396179199389, 24.567319869995345 ], [ 86.911178588867244, 24.538679122924862 ], [ 86.898078918456974, 24.586540222167969 ], [ 86.93009185791044, 24.642820358276424 ], [ 87.050468444824503, 24.606769561767635 ], [ 87.096672058105639, 24.801492691040153 ], [ 87.077301025390682, 24.818141937255973 ], [ 87.15097808837919, 24.858430862426758 ], [ 87.144203186035213, 25.017971038818587 ], [ 87.176643371582088, 25.064020156860352 ], [ 87.250556945800724, 25.105850219726676 ], [ 87.291107177734432, 25.089269638061523 ], [ 87.323455810547046, 25.223091125488338 ], [ 87.369888305664119, 25.205049514770565 ], [ 87.391777038574276, 25.227518081665096 ], [ 87.467636108398438, 25.193141937255973 ], [ 87.490066528320426, 25.305200576782283 ], [ 87.539749145507983, 25.281618118286076 ], [ 87.547447204589901, 25.330940246582145 ], [ 87.580070495605526, 25.348390579223633 ], [ 87.599891662597713, 25.314662933349553 ] ] ] } },
{ "type": "Feature", "properties": { "ID_0": 105, "ISO": "IND", "NAME_0": "India", "ID_1": 17, "NAME_1": "Karnataka" }, "geometry": { "type": "MultiPolygon", "coordinates": [ [ [ [ 74.670143127441463, 13.198471069336051 ], [ 74.676246643066463, 13.194861412048283 ], [ 74.675971984863565, 13.191527366638411 ], [ 74.670143127441463, 13.198471069336051 ] ] ], [ [ [ 74.72513580322277, 13.280141830444336 ], [ 74.728195190429972, 13.279026985168684 ], [ 74.72735595703125, 13.278470993042049 ], [ 74.72513580322277, 13.280141830444336 ] ] ], [ [ [ 74.698753356933651, 13.281530380249251 ], [ 74.701248168945369, 13.279305458068904 ], [ 74.699302673340014, 13.27874946594261 ], [ 74.698753356933651, 13.281530380249251 ] ] ], [ [ [ 74.72458648681669, 13.285140037536621 ], [ 74.728469848632983, 13.287083625793741 ], [ 74.728202819824503, 13.285969734192008 ], [ 74.72458648681669, 13.285140037536621 ] ] ], [ [ [ 74.68985748291044, 13.330693244934309 ], [ 74.692085266113338, 13.332082748413313 ], [ 74.69235992431669, 13.330691337585506 ], [ 74.68985748291044, 13.330693244934309 ] ] ], [ [ [ 74.685691833496378, 13.33708381652832 ], [ 74.68985748291044, 13.335417747497672 ], [ 74.687637329101733, 13.335140228271598 ], [ 74.685691833496378, 13.33708381652832 ] ] ], [ [ [ 74.681526184082031, 13.342915534973201 ], [ 74.687362670898494, 13.342082023620605 ], [ 74.687080383300952, 13.341250419616642 ], [ 74.681526184082031, 13.342915534973201 ] ] ], [ [ [ 74.670143127441463, 13.379850387573185 ], [ 74.674858093261889, 13.380695343017635 ], [ 74.675140380859432, 13.375690460205305 ], [ 74.670143127441463, 13.379850387573185 ] ] ], [ [ [ 74.478469848632869, 14.009309768676815 ], [ 74.482917785644815, 14.00652980804449 ], [ 74.480422973632926, 14.004860877990779 ], [ 74.478469848632869, 14.009309768676815 ] ] ], [ [ [ 74.323455810547159, 14.015420913696573 ], [ 74.330413818359546, 14.018194198608683 ], [ 74.327636718750057, 14.011249542236385 ], [ 74.323455810547159, 14.015420913696573 ] ] ], [ [ [ 74.401809692382869, 14.315421104431096 ], [ 74.404586791992358, 14.312638282776049 ], [ 74.399017333984659, 14.312640190124625 ], [ 74.401809692382869, 14.315421104431096 ] ] ], [ [ [ 74.366806030273381, 14.54124927520752 ], [ 74.372917175292969, 14.552362442016715 ], [ 74.378196716308878, 14.545417785644588 ], [ 74.366806030273381, 14.54124927520752 ] ] ], [ [ [ 74.252639770507869, 14.705973625183276 ], [ 74.255142211914119, 14.703751564025936 ], [ 74.251525878906307, 14.704320907592717 ], [ 74.252639770507869, 14.705973625183276 ] ] ], [ [ [ 74.23819732666044, 14.710694313049487 ], [ 74.240142822265909, 14.709030151367244 ], [ 74.237922668457202, 14.709030151367244 ], [ 74.23819732666044, 14.710694313049487 ] ] ], [ [ [ 74.153198242187671, 14.740139961242619 ], [ 74.158210754394588, 14.739311218261719 ], [ 74.157356262207315, 14.737640380859432 ], [ 74.153198242187671, 14.740139961242619 ] ] ], [ [ [ 74.109848022461222, 14.754029273986816 ], [ 74.112915039062784, 14.757918357849235 ], [ 74.120140075683878, 14.753471374511776 ], [ 74.109848022461222, 14.754029273986816 ] ] ], [ [ [ 74.086250305175952, 14.79485988616949 ], [ 74.089027404785213, 14.795420646667424 ], [ 74.089027404785213, 14.793751716613713 ], [ 74.086250305175952, 14.79485988616949 ] ] ], [ [ [ 74.054862976074276, 14.817084312439135 ], [ 74.05625152587919, 14.815969467163313 ], [ 74.054306030273494, 14.81624984741228 ], [ 74.054862976074276, 14.817084312439135 ] ] ], [ [ [ 74.062637329101733, 14.820689201355208 ], [ 74.065696716308594, 14.819860458374137 ], [ 74.062919616699503, 14.819306373596419 ], [ 74.062637329101733, 14.820689201355208 ] ] ], [ [ [ 74.057083129882983, 14.820141792297591 ], [ 74.062080383300838, 14.820416450500602 ], [ 74.057357788085994, 14.819027900696028 ], [ 74.057083129882983, 14.820141792297591 ] ] ], [ [ [ 74.093193054199276, 14.838195800781307 ], [ 74.094863891601733, 14.836805343627987 ], [ 74.092918395996094, 14.835970878601131 ], [ 74.093193054199276, 14.838195800781307 ] ] ], [ [ [ 74.09708404541044, 14.842915534973258 ], [ 74.102081298828296, 14.844584465026969 ], [ 74.100975036621264, 14.842083930969466 ], [ 74.09708404541044, 14.842915534973258 ] ] ], [ [ [ 74.09458160400419, 14.877921104431323 ], [ 74.097358703613281, 14.877079963684196 ], [ 74.094306945800781, 14.875971794128418 ], [ 74.09458160400419, 14.877921104431323 ] ] ], [ [ [ 77.337310791015568, 18.435440063476619 ], [ 77.369628906250057, 18.447650909423828 ], [ 77.3697509765625, 18.400709152221793 ], [ 77.410110473632926, 18.388530731201172 ], [ 77.362525939941577, 18.308290481567496 ], [ 77.436370849609432, 18.306491851806584 ], [ 77.465393066406307, 18.259960174560547 ], [ 77.510208129882869, 18.278440475463981 ], [ 77.509506225586222, 18.306730270385685 ], [ 77.603019714355469, 18.277999877929688 ], [ 77.564308166504077, 18.20055007934576 ], [ 77.597770690918026, 18.151840209961051 ], [ 77.597457885742472, 18.084289550781477 ], [ 77.545745849609659, 18.053760528564396 ], [ 77.653396606445483, 17.969352722167912 ], [ 77.643989562988565, 17.946371078491325 ], [ 77.623741149902457, 17.957750320434684 ], [ 77.616577148437671, 17.90286827087408 ], [ 77.585166931152401, 17.908229827880803 ], [ 77.596687316894815, 17.870450973510799 ], [ 77.572746276855526, 17.872810363769645 ], [ 77.549736022949332, 17.818029403686637 ], [ 77.526000976562671, 17.826818466186637 ], [ 77.510879516601506, 17.801441192626953 ], [ 77.504486083984432, 17.78259086608881 ], [ 77.56595611572294, 17.764110565185604 ], [ 77.562026977539233, 17.747110366821516 ], [ 77.450347900390682, 17.691299438476562 ], [ 77.439926147460881, 17.581470489502067 ], [ 77.501617431640682, 17.54088020324707 ], [ 77.527420043945426, 17.573221206665153 ], [ 77.548393249511832, 17.549459457397575 ], [ 77.589828491211222, 17.562759399414062 ], [ 77.591728210449503, 17.532680511474553 ], [ 77.687995910644588, 17.498542785644759 ], [ 77.684013366699332, 17.472850799560547 ], [ 77.648086547851619, 17.481178283691634 ], [ 77.652763366699503, 17.503250122070312 ], [ 77.610610961914347, 17.444232940673828 ], [ 77.573196411132926, 17.454200744628906 ], [ 77.572563171386776, 17.429519653320369 ], [ 77.510147094726733, 17.42725944519043 ], [ 77.535507202148608, 17.40410041809082 ], [ 77.528022766113565, 17.372110366821346 ], [ 77.499122619628963, 17.354070663452148 ], [ 77.451599121093921, 17.370491027832031 ], [ 77.43402099609375, 17.288259506225586 ], [ 77.454505920410213, 17.275890350341911 ], [ 77.380355834961051, 17.219770431518555 ], [ 77.398811340332088, 17.208778381347656 ], [ 77.359992980957315, 17.16162109375 ], [ 77.462638854980469, 17.104070663452205 ], [ 77.499389648437784, 17.007320404052791 ], [ 77.453399658203182, 16.909032821655273 ], [ 77.471138000488338, 16.779130935669173 ], [ 77.437538146972713, 16.783210754394531 ], [ 77.423416137695369, 16.714530944824219 ], [ 77.466796875000284, 16.711940765380803 ], [ 77.465042114257926, 16.678281784057617 ], [ 77.416572570800838, 16.662811279296989 ], [ 77.432937622070369, 16.637638092041072 ], [ 77.469390869140682, 16.646911621093977 ], [ 77.464172363281421, 16.584209442138672 ], [ 77.391441345215128, 16.565200805664062 ], [ 77.415321350097599, 16.517829895019645 ], [ 77.366287231445597, 16.484109878540153 ], [ 77.296646118164347, 16.491470336914119 ], [ 77.291999816894588, 16.473638534545898 ], [ 77.235176086425838, 16.468080520629996 ], [ 77.284660339355412, 16.402999877929801 ], [ 77.342948913574276, 16.379720687866154 ], [ 77.411743164062671, 16.362680435180664 ], [ 77.494491577148438, 16.375789642334041 ], [ 77.591606140136889, 16.33751106262207 ], [ 77.592277526855753, 16.290109634399471 ], [ 77.564987182617301, 16.297710418701172 ], [ 77.487556457519645, 16.249820709228516 ], [ 77.511169433593807, 16.217189788818359 ], [ 77.483627319336108, 16.158550262451229 ], [ 77.486671447753906, 16.11576080322277 ], [ 77.509399414062671, 16.103530883789119 ], [ 77.49072265625, 16.03063011169445 ], [ 77.509452819824276, 15.920860290527287 ], [ 77.180625915527401, 15.950062751770076 ], [ 77.076797485351733, 15.909740447998047 ], [ 77.022270202636889, 15.831780433654899 ], [ 77.063888549804744, 15.823169708251953 ], [ 77.047088623046932, 15.72501182556158 ], [ 77.076271057128963, 15.721410751343001 ], [ 77.075927734375057, 15.690878868103027 ], [ 77.12497711181669, 15.659050941467285 ], [ 77.116203308105753, 15.62510967254633 ], [ 77.081436157226619, 15.652840614318904 ], [ 77.029281616210938, 15.63383865356451 ], [ 77.026596069335881, 15.499990463256893 ], [ 76.970390319824389, 15.490921974182243 ], [ 77.027397155761889, 15.435180664062557 ], [ 77.061576843261776, 15.321860313415584 ], [ 77.109687805175838, 15.327281951904354 ], [ 77.115417480468807, 15.289850234985408 ], [ 77.164146423340014, 15.259070396423397 ], [ 77.120903015136776, 15.22124099731451 ], [ 77.149963378906534, 15.207901000976506 ], [ 77.163200378418139, 15.161331176757926 ], [ 77.132080078124943, 15.142681121826399 ], [ 77.154037475586108, 15.120520591735783 ], [ 77.078819274902628, 15.000009536743278 ], [ 77.041007995605526, 15.005481719970703 ], [ 77.046882629394531, 15.02921199798584 ], [ 76.981781005859318, 15.010360717773438 ], [ 76.876701354980469, 15.028678894042969 ], [ 76.796936035156534, 15.09076023101818 ], [ 76.774223327637003, 15.071380615234375 ], [ 76.784576416015625, 15.016670227050838 ], [ 76.763771057128849, 14.969869613647461 ], [ 76.827896118164233, 14.951009750366268 ], [ 76.864456176758097, 14.964019775390625 ], [ 76.865478515625171, 14.937600135803336 ], [ 76.843772888183651, 14.886420249939022 ], [ 76.848739624023494, 14.80403137207054 ], [ 76.780349731445597, 14.779261589050293 ], [ 76.79807281494169, 14.734590530395508 ], [ 76.760910034179631, 14.596281051635799 ], [ 76.799728393554744, 14.527731895446777 ], [ 76.870201110839787, 14.468440055847282 ], [ 76.973396301269531, 14.478281021118221 ], [ 76.943786621094034, 14.445101737976074 ], [ 76.941566467285327, 14.399541854858398 ], [ 76.913101196289347, 14.413552284240723 ], [ 76.883140563965128, 14.390291213989258 ], [ 76.879096984863338, 14.346389770507812 ], [ 76.950111389160099, 14.294029235839901 ], [ 76.924858093261776, 14.27218055725109 ], [ 76.943466186523608, 14.236310005188045 ], [ 77.049629211425895, 14.239542007446403 ], [ 77.075340270996151, 14.209349632263297 ], [ 77.105079650878963, 14.213281631469727 ], [ 77.111923217773438, 14.287530899047852 ], [ 77.152153015136889, 14.337740898132381 ], [ 77.231956481933651, 14.311070442199764 ], [ 77.281143188476619, 14.331110954284782 ], [ 77.279586791992244, 14.276089668273869 ], [ 77.359260559082031, 14.269330024719466 ], [ 77.355407714844034, 14.230039596557674 ], [ 77.383789062500114, 14.191821098327694 ], [ 77.415702819824162, 14.21196174621582 ], [ 77.375007629394588, 14.295188903808707 ], [ 77.385658264160213, 14.324870109558049 ], [ 77.425872802734375, 14.320811271667594 ], [ 77.443626403808651, 14.27755069732666 ], [ 77.47934722900402, 14.284770965576229 ], [ 77.499366760253963, 14.260510444641113 ], [ 77.500442504882983, 14.150960922241325 ], [ 77.409721374511776, 14.169719696044979 ], [ 77.347732543945369, 14.12434101104742 ], [ 77.344535827637003, 14.096011161804199 ], [ 77.389739990234659, 14.118570327759016 ], [ 77.395446777344034, 14.10344123840332 ], [ 77.326187133789176, 14.022939682006893 ], [ 77.383361816406307, 14.007358551025391 ], [ 77.375656127929688, 13.969111442566032 ], [ 77.430641174316406, 13.968779563904036 ], [ 77.407707214355469, 13.936100006103572 ], [ 77.425628662109375, 13.902051925659293 ], [ 77.397056579590014, 13.880540847778548 ], [ 77.348342895508097, 13.896540641784668 ], [ 77.353782653808651, 13.982320785522518 ], [ 77.313491821289233, 14.024820327758732 ], [ 77.147338867187443, 13.991621971130371 ], [ 77.121101379394588, 14.042180061340389 ], [ 77.023696899414347, 14.05325889587408 ], [ 77.019828796386776, 14.172701835632324 ], [ 76.941642761230526, 14.189311981201172 ], [ 76.936981201172046, 14.165891647338867 ], [ 76.891426086425952, 14.158999443054199 ], [ 76.883682250976676, 14.131031990051326 ], [ 76.92697906494152, 14.12720966339117 ], [ 76.975006103515682, 14.06527042388916 ], [ 76.931098937988452, 14.022731781005973 ], [ 77.035842895507869, 13.925591468811149 ], [ 77.041282653808537, 13.89739990234375 ], [ 77.017280578613452, 13.893370628356934 ], [ 76.968391418457315, 13.814390182495117 ], [ 76.993927001953239, 13.741510391235408 ], [ 77.011421203613338, 13.732721328735579 ], [ 77.026367187500284, 13.771441459655819 ], [ 77.060043334960938, 13.738861083984318 ], [ 77.095268249511662, 13.760880470275879 ], [ 77.166580200195597, 13.754669189453239 ], [ 77.162246704101733, 13.820740699768066 ], [ 77.123886108398438, 13.849390029907227 ], [ 77.162490844726619, 13.856980323791504 ], [ 77.155937194824219, 13.899811744690055 ], [ 77.177032470703239, 13.917400360107649 ], [ 77.178802490234318, 13.859840393066406 ], [ 77.204940795898381, 13.881160736084212 ], [ 77.211509704589901, 13.861418724060115 ], [ 77.233840942382869, 13.894931793213004 ], [ 77.250442504882869, 13.839470863342285 ], [ 77.306930541992301, 13.857239723205794 ], [ 77.320007324218921, 13.825751304626522 ], [ 77.359466552734546, 13.845670700073242 ], [ 77.424530029297046, 13.835129737854061 ], [ 77.408660888671875, 13.799251556396484 ], [ 77.457450866699503, 13.797050476074219 ], [ 77.444816589355526, 13.695760726928711 ], [ 77.476486206054801, 13.677599906921444 ], [ 77.487342834472713, 13.706791877746582 ], [ 77.52152252197294, 13.687870025634766 ], [ 77.519668579101562, 13.743849754333496 ], [ 77.556076049804631, 13.716460227966365 ], [ 77.595596313476733, 13.743578910827637 ], [ 77.621246337890682, 13.727401733398551 ], [ 77.636749267578409, 13.73524188995367 ], [ 77.610466003418139, 13.755439758300895 ], [ 77.649085998535213, 13.775839805602971 ], [ 77.670227050781307, 13.777499198913574 ], [ 77.663711547851733, 13.752260208129826 ], [ 77.695526123046875, 13.761431694030705 ], [ 77.708747863769588, 13.732739448547363 ], [ 77.712860107421818, 13.790519714355582 ], [ 77.778488159179688, 13.812891960144157 ], [ 77.776039123535327, 13.835910797119141 ], [ 77.827720642090014, 13.86061954498291 ], [ 77.806358337402514, 13.908640861511344 ], [ 77.818290710449332, 13.934881210327092 ], [ 77.886985778808878, 13.931181907653865 ], [ 77.911605834960881, 13.89724063873291 ], [ 77.97857666015625, 13.947650909423828 ], [ 77.978027343750171, 13.893349647522086 ], [ 77.942466735840128, 13.880230903625716 ], [ 77.944580078125284, 13.81997108459467 ], [ 77.965782165527287, 13.820159912109375 ], [ 77.985160827636776, 13.861669540405273 ], [ 78.037826538086051, 13.852849960327262 ], [ 78.041152954101733, 13.886729240417594 ], [ 78.113533020019588, 13.840890884399471 ], [ 78.118232727050952, 13.776900291443098 ], [ 78.084922790527401, 13.733491897583065 ], [ 78.105377197265909, 13.684400558471793 ], [ 78.064056396484546, 13.688179969787598 ], [ 78.058341979980639, 13.666970252990666 ], [ 78.080726623535213, 13.635340690612907 ], [ 78.15576171875, 13.648710250854549 ], [ 78.160537719726562, 13.623430252075423 ], [ 78.193939208984546, 13.616159439086971 ], [ 78.183273315429858, 13.556380271911678 ], [ 78.227691650390796, 13.587221145629996 ], [ 78.390762329101733, 13.57810020446783 ], [ 78.355155944824276, 13.355071067810002 ], [ 78.39737701416044, 13.332331657409668 ], [ 78.366996765136776, 13.320039749145621 ], [ 78.471748352050895, 13.307920455932731 ], [ 78.520797729492472, 13.255591392517147 ], [ 78.555656433105526, 13.299429893493652 ], [ 78.577468872070256, 13.262049674987907 ], [ 78.568679809570597, 13.204262733459416 ], [ 78.540946960449276, 13.187251091003475 ], [ 78.569076538085881, 13.156482696533203 ], [ 78.508750915527457, 13.119589805603027 ], [ 78.527961730957088, 13.097359657287825 ], [ 78.501922607422159, 13.081661224365348 ], [ 78.504577636719034, 13.052762031555176 ], [ 78.451576232910099, 13.031532287597884 ], [ 78.457901000976733, 12.963241577148665 ], [ 78.422653198242188, 12.968600273132324 ], [ 78.421356201171932, 12.923529624939022 ], [ 78.456130981445597, 12.892752647399902 ], [ 78.454238891601847, 12.853161811828727 ], [ 78.435829162597713, 12.900670051574821 ], [ 78.378341674804631, 12.895191192626953 ], [ 78.345428466796932, 12.928060531616211 ], [ 78.303100585937557, 12.847200393676871 ], [ 78.241096496582088, 12.847420692443848 ], [ 78.220649719238452, 12.752590179443416 ], [ 78.12066650390625, 12.770011901855526 ], [ 78.046730041503963, 12.842370033264217 ], [ 78.014923095703182, 12.845920562744254 ], [ 78.001480102539233, 12.795439720153922 ], [ 77.945556640624943, 12.849330902099723 ], [ 77.932975769042912, 12.812920570373535 ], [ 77.910476684570312, 12.819710731506461 ], [ 77.924285888671932, 12.877840042114485 ], [ 77.825599670410156, 12.858989715576229 ], [ 77.784881591796932, 12.833809852600211 ], [ 77.799491882324389, 12.786858558654842 ], [ 77.731407165527514, 12.663979530334529 ], [ 77.590339660644588, 12.657541275024641 ], [ 77.570053100586108, 12.557931900024414 ], [ 77.578506469726619, 12.507011413574446 ], [ 77.606369018554744, 12.499791145324707 ], [ 77.575363159179688, 12.468379974365462 ], [ 77.625205993652401, 12.477261543273869 ], [ 77.620086669921932, 12.408479690551871 ], [ 77.603828430175781, 12.353751182556152 ], [ 77.542709350586222, 12.283711433410645 ], [ 77.470176696777401, 12.261870384216365 ], [ 77.465667724609318, 12.202260971069279 ], [ 77.72635650634777, 12.167320251464901 ], [ 77.768447875976619, 12.10559177398693 ], [ 77.689453125000171, 12.009949684143123 ], [ 77.664710998535213, 11.939700126648063 ], [ 77.484397888183764, 11.932399749755916 ], [ 77.419250488281307, 11.75067138671875 ], [ 77.359489440918139, 11.778791427612418 ], [ 77.326118469238281, 11.758939743042106 ], [ 77.284812927246378, 11.798361778259277 ], [ 77.24173736572294, 11.802459716796932 ], [ 77.102828979492244, 11.763119697570914 ], [ 77.109298706054744, 11.712800979614258 ], [ 77.071632385253906, 11.725009918212891 ], [ 77.056541442871037, 11.777119636535645 ], [ 77.022338867187557, 11.764700889587516 ], [ 77.031677246093807, 11.783950805664119 ], [ 77.00443267822294, 11.803019523620605 ], [ 76.972770690918253, 11.801069259643612 ], [ 76.959602355957145, 11.765199661254883 ], [ 76.899688720703182, 11.783271789550781 ], [ 76.828475952148608, 11.644109725952262 ], [ 76.850906372070597, 11.601829528808707 ], [ 76.837280273437557, 11.574480056762695 ], [ 76.746269226074389, 11.610541343689022 ], [ 76.560066223144474, 11.610120773315657 ], [ 76.540420532226506, 11.67050933837902 ], [ 76.504211425781421, 11.698040962219295 ], [ 76.451362609863281, 11.655119895935059 ], [ 76.410209655761719, 11.664569854736328 ], [ 76.407676696777344, 11.753331184387264 ], [ 76.334976196289347, 11.730629920959416 ], [ 76.27201080322294, 11.803540229797477 ], [ 76.218528747558651, 11.800039291381836 ], [ 76.184036254882869, 11.863761901855469 ], [ 76.108062744140796, 11.851181030273438 ], [ 76.107910156250057, 11.970639228820914 ], [ 75.998191833496264, 11.923621177673283 ], [ 75.865898132324276, 11.94563007354742 ], [ 75.826972961425838, 11.977971076965332 ], [ 75.799682617187557, 12.071181297302303 ], [ 75.717056274414233, 12.062089920044002 ], [ 75.701599121093921, 12.100331306457633 ], [ 75.662429809570597, 12.091180801391602 ], [ 75.635086059570369, 12.142391204834041 ], [ 75.57684326171875, 12.150750160217342 ], [ 75.533737182617188, 12.196091651916504 ], [ 75.482727050781307, 12.286181449890194 ], [ 75.419128417968921, 12.286399841308707 ], [ 75.42138671875, 12.366729736328125 ], [ 75.365600585937557, 12.407040596008414 ], [ 75.366622924804972, 12.45166015625 ], [ 75.422508239746378, 12.460061073303223 ], [ 75.414489746094034, 12.496711730957259 ], [ 75.340866088867472, 12.456049919128361 ], [ 75.334846496582031, 12.490241050720329 ], [ 75.272407531738224, 12.539880752563533 ], [ 75.276832580566577, 12.564089775085506 ], [ 75.32785797119152, 12.585181236267317 ], [ 75.276725769043026, 12.611660003662223 ], [ 75.222900390625057, 12.562640190124625 ], [ 75.201431274414347, 12.625110626220703 ], [ 75.142967224121094, 12.633310317993221 ], [ 75.150642395019588, 12.676342010498161 ], [ 75.086097717285327, 12.697781562805176 ], [ 75.083091735839901, 12.666408538818473 ], [ 75.047805786132869, 12.660088539123478 ], [ 75.049667358398608, 12.714699745178223 ], [ 75.007080078125284, 12.709209442138672 ], [ 74.984779357910099, 12.729881286621037 ], [ 75.008605957031534, 12.760431289672795 ], [ 74.992286682128906, 12.790459632873763 ], [ 74.867080688476847, 12.754451751708984 ], [ 74.820968627929858, 12.852361679077205 ], [ 74.820968627929858, 12.92931175231945 ], [ 74.802360534668026, 12.931249618530217 ], [ 74.774581909179972, 13.077637672424316 ], [ 74.780418395996151, 13.061527252197266 ], [ 74.784240722656307, 13.059032440185547 ], [ 74.789581298828182, 13.098750114440975 ], [ 74.773483276367358, 13.083189964294661 ], [ 74.690406799316463, 13.348469734191951 ], [ 74.713195800781421, 13.330693244934309 ], [ 74.721801757812671, 13.284029960632267 ], [ 74.72513580322277, 13.27819633483881 ], [ 74.729026794433764, 13.277080535888899 ], [ 74.735977172851619, 13.289590835571289 ], [ 74.711250305176065, 13.341811180114973 ], [ 74.695137023925838, 13.347640991211051 ], [ 74.670692443847827, 13.633749961852971 ], [ 74.606796264648608, 13.866529464721737 ], [ 74.614585876464844, 13.851249694824219 ], [ 74.626525878906364, 13.847915649414176 ], [ 74.633186340332088, 13.849029541015682 ], [ 74.50152587890625, 14.022641181945801 ], [ 74.517913818359546, 14.027083396911621 ], [ 74.480422973632926, 14.093200683594034 ], [ 74.470970153808764, 14.18347263336193 ], [ 74.353759765625057, 14.502921104431096 ], [ 74.373191833496151, 14.537082672119197 ], [ 74.384307861328409, 14.523750305175952 ], [ 74.39347076416044, 14.529311180114746 ], [ 74.387359619140909, 14.546810150146541 ], [ 74.383186340332315, 14.551811218261719 ], [ 74.364585876464901, 14.553762435913143 ], [ 74.375968933105469, 14.573749542236612 ], [ 74.354309082031307, 14.542915344238509 ], [ 74.337364196777401, 14.568749427795524 ], [ 74.355972290039233, 14.522079467773438 ], [ 74.309593200683594, 14.520690917968693 ], [ 74.249580383300838, 14.739583969116325 ], [ 74.207077026367244, 14.737640380859432 ], [ 74.204864501953068, 14.717915534973372 ], [ 74.166809082031307, 14.76653003692627 ], [ 74.153198242187671, 14.745969772339095 ], [ 74.142921447754077, 14.777920722961369 ], [ 74.092636108398494, 14.80319023132347 ], [ 74.120971679687671, 14.802083015442179 ], [ 74.130416870117244, 14.839861869811955 ], [ 74.104171752929688, 14.903750419616642 ], [ 74.175392150878963, 14.908919334411678 ], [ 74.180366516113338, 14.953049659729288 ], [ 74.211837768554744, 14.921420097351131 ], [ 74.270118713379077, 14.966641426086483 ], [ 74.261711120605412, 14.990760803222884 ], [ 74.302337646484318, 15.039859771728572 ], [ 74.278343200683764, 15.095899581909123 ], [ 74.289566040039062, 15.143130302429142 ], [ 74.321907043457088, 15.184069633483944 ], [ 74.257522583007812, 15.257629394531364 ], [ 74.341651916504077, 15.292930603027457 ], [ 74.328369140625057, 15.367251396179199 ], [ 74.282638549804801, 15.388620376586914 ], [ 74.256332397461222, 15.489520072937012 ], [ 74.287277221679688, 15.526000022888297 ], [ 74.254310607910327, 15.565830230712891 ], [ 74.255256652832202, 15.654210090637207 ], [ 74.231582641601562, 15.666520118713379 ], [ 74.213249206543253, 15.649029731750488 ], [ 74.190132141113395, 15.680980682373161 ], [ 74.163230895996207, 15.648590087890682 ], [ 74.096527099609318, 15.670849800110091 ], [ 74.133598327636719, 15.678400993347225 ], [ 74.130622863769645, 15.7179212570191 ], [ 74.227348327637003, 15.785671234130916 ], [ 74.250068664550724, 15.741180419921989 ], [ 74.364852905273722, 15.773651123046875 ], [ 74.389312744140568, 15.844140052795467 ], [ 74.344535827636889, 15.85205078125 ], [ 74.374122619628963, 15.891610145568904 ], [ 74.411582946777628, 15.852590560913086 ], [ 74.391868591308651, 15.901159286499137 ], [ 74.470275878906307, 16.040540695190487 ], [ 74.440483093261889, 16.05702018737793 ], [ 74.39005279541044, 16.035129547119368 ], [ 74.368156433105469, 16.052959442138615 ], [ 74.434593200683651, 16.110620498657283 ], [ 74.481857299804858, 16.086969375610408 ], [ 74.496406555175838, 16.101579666137695 ], [ 74.503112792968807, 16.231040954589844 ], [ 74.380065917968807, 16.293500900268668 ], [ 74.330657958984432, 16.272939682006836 ], [ 74.348716735840014, 16.291469573974837 ], [ 74.323020935058651, 16.325122833251896 ], [ 74.325462341308764, 16.379249572753906 ], [ 74.343063354492244, 16.390670776367188 ], [ 74.361656188964787, 16.364749908447379 ], [ 74.369110107421875, 16.394329071045036 ], [ 74.342651367187557, 16.400491714477539 ], [ 74.338867187500057, 16.452161788940543 ], [ 74.296318054199276, 16.459011077880973 ], [ 74.299896240234546, 16.502630233764648 ], [ 74.268775939941406, 16.476030349731502 ], [ 74.253158569336108, 16.494880676269588 ], [ 74.285758972167969, 16.50337028503418 ], [ 74.276367187500284, 16.54453277587902 ], [ 74.314117431640909, 16.502098083496094 ], [ 74.329406738281534, 16.553470611572266 ], [ 74.365615844726847, 16.557069778442383 ], [ 74.389923095703296, 16.527900695800838 ], [ 74.403480529785327, 16.578670501708984 ], [ 74.472457885742472, 16.60481071472168 ], [ 74.477386474609659, 16.660779953003157 ], [ 74.498008728027628, 16.626640319824219 ], [ 74.551437377929631, 16.633211135864315 ], [ 74.574050903320369, 16.551969528198185 ], [ 74.636367797851733, 16.575740814209098 ], [ 74.642807006835938, 16.606771469116211 ], [ 74.690376281738338, 16.604459762573242 ], [ 74.660507202148722, 16.637580871582088 ], [ 74.696105957031307, 16.674980163574332 ], [ 74.698196411132869, 16.71520042419445 ], [ 74.854972839355526, 16.770769119262752 ], [ 74.923820495605526, 16.769950866699276 ], [ 74.911956787109546, 16.855939865112418 ], [ 74.964096069335994, 16.87788009643549 ], [ 74.967262268066577, 16.905380249023494 ], [ 74.927032470703296, 16.925622940063704 ], [ 74.93839263916044, 16.940990447998161 ], [ 75.030296325683651, 16.941530227661076 ], [ 75.031906127929688, 16.925670623779524 ], [ 75.090415954590128, 16.948650360107365 ], [ 75.141128540039176, 16.873540878295842 ], [ 75.189659118652514, 16.873500823974553 ], [ 75.183197021484546, 16.842041015625057 ], [ 75.215858459472713, 16.840339660644588 ], [ 75.28277587890625, 16.874240875244254 ], [ 75.288436889648381, 16.954772949218807 ], [ 75.394760131835994, 16.97639274597168 ], [ 75.431022644043026, 16.963460922241268 ], [ 75.467910766601506, 16.985330581665096 ], [ 75.492492675781534, 16.942899703979549 ], [ 75.570343017578068, 16.963621139526367 ], [ 75.575798034668026, 17.007799148559627 ], [ 75.609519958496151, 17.003110885620117 ], [ 75.610656738281307, 16.969619750976619 ], [ 75.645027160644588, 16.951032638549805 ], [ 75.674606323242244, 16.960269927978459 ], [ 75.672241210937671, 17.03573036193859 ], [ 75.643753051758097, 17.036399841308651 ], [ 75.678405761718807, 17.062860488891602 ], [ 75.678489685058537, 17.094171524047852 ], [ 75.628021240234432, 17.170120239257869 ], [ 75.662117004394702, 17.208330154419059 ], [ 75.659889221191463, 17.261440277099553 ], [ 75.605957031250114, 17.30326080322277 ], [ 75.613105773925952, 17.342290878295955 ], [ 75.584831237792912, 17.34977912902832 ], [ 75.578536987304631, 17.382930755615348 ], [ 75.615806579589901, 17.391859054565487 ], [ 75.635589599609375, 17.477510452270451 ], [ 75.677558898925952, 17.457971572876033 ], [ 75.691192626953182, 17.41261100769043 ], [ 75.737037658691349, 17.421899795532283 ], [ 75.802337646484375, 17.370101928710938 ], [ 75.824722290039176, 17.42284965515131 ], [ 75.861968994140568, 17.385850906372127 ], [ 75.887237548828182, 17.417329788208235 ], [ 75.893661499023608, 17.353620529174748 ], [ 75.931152343750114, 17.32411003112793 ], [ 76.054527282714901, 17.354299545288313 ], [ 76.078742980957088, 17.330070495605469 ], [ 76.121208190918139, 17.366340637207088 ], [ 76.163146972656193, 17.340909957885742 ], [ 76.175758361816577, 17.297210693359318 ], [ 76.172332763672046, 17.348730087280273 ], [ 76.24436187744169, 17.374679565429688 ], [ 76.27587890625, 17.330530166626033 ], [ 76.343612670898608, 17.349931716918945 ], [ 76.352272033691463, 17.310590744018612 ], [ 76.381706237793253, 17.311809539794865 ], [ 76.408065795898438, 17.369289398193416 ], [ 76.361999511718807, 17.375080108642692 ], [ 76.373176574707202, 17.434419631958008 ], [ 76.333656311035099, 17.432292938232536 ], [ 76.330802917480412, 17.468818664550895 ], [ 76.37503814697294, 17.493520736694393 ], [ 76.343482971191463, 17.494350433349609 ], [ 76.366127014160327, 17.522172927856445 ], [ 76.331672668457088, 17.594869613647575 ], [ 76.415672302246037, 17.604200363159293 ], [ 76.428726196289119, 17.644411087036133 ], [ 76.489295959472599, 17.660669326782227 ], [ 76.486366271972713, 17.713520050048828 ], [ 76.523635864257756, 17.715230941772575 ], [ 76.523696899414062, 17.758890151977539 ], [ 76.573303222656307, 17.760000228881893 ], [ 76.573226928710881, 17.702169418335018 ], [ 76.614448547363452, 17.76831245422369 ], [ 76.663139343261776, 17.687860488891715 ], [ 76.690551757812671, 17.679952621460075 ], [ 76.698150634765568, 17.726039886474723 ], [ 76.727607727050838, 17.736999511718864 ], [ 76.715705871581974, 17.781919479370345 ], [ 76.762756347656364, 17.787109375000057 ], [ 76.788169860840128, 17.826471328735408 ], [ 76.737457275390625, 17.857059478759879 ], [ 76.740676879883097, 17.898010253906364 ], [ 76.802803039550838, 17.868320465088004 ], [ 76.916442871093807, 17.9150905609132 ], [ 76.917716979980639, 18.033229827880859 ], [ 76.954643249511832, 18.039680480957088 ], [ 76.947029113769815, 18.073760986328125 ], [ 76.968276977539233, 18.097110748291016 ], [ 76.922561645507869, 18.116109848022518 ], [ 76.954109191894815, 18.184890747070256 ], [ 77.108886718750057, 18.152690887451229 ], [ 77.095542907714901, 18.195100784301758 ], [ 77.149986267090128, 18.216560363769474 ], [ 77.170532226562557, 18.280870437622013 ], [ 77.206176757812557, 18.277959823608398 ], [ 77.195411682128906, 18.312709808349666 ], [ 77.245033264160327, 18.370588302612418 ], [ 77.240226745605412, 18.408647537231559 ], [ 77.317413330078239, 18.453790664673079 ], [ 77.337310791015568, 18.435440063476619 ] ] ] ] } },
{ "type": "Feature", "properties": { "ID_0": 105, "ISO": "IND", "NAME_0": "India", "ID_1": 18, "NAME_1": "Kerala" }, "geometry": { "type": "MultiPolygon", "coordinates": [ [ [ [ 76.465972900390739, 9.529861450195597 ], [ 76.479026794433764, 9.537082672119311 ], [ 76.479309082031307, 9.5301389694215 ], [ 76.465972900390739, 9.529861450195597 ] ] ], [ [ [ 76.382362365722656, 9.534030914306811 ], [ 76.404861450195483, 9.527638435363997 ], [ 76.382919311523608, 9.527638435363997 ], [ 76.382362365722656, 9.534030914306811 ] ] ], [ [ [ 76.434585571289233, 9.551527976989973 ], [ 76.434028625488452, 9.528472900390852 ], [ 76.40625, 9.527638435363997 ], [ 76.405693054199276, 9.54236221313505 ], [ 76.434585571289233, 9.551527976989973 ] ] ], [ [ [ 76.43680572509794, 9.551527976989973 ], [ 76.464576721191463, 9.54152965545677 ], [ 76.464302062988565, 9.529861450195597 ], [ 76.435417175293026, 9.528472900390852 ], [ 76.43680572509794, 9.551527976989973 ] ] ], [ [ [ 76.382080078125284, 9.543195724487418 ], [ 76.425697326660213, 9.549860000610352 ], [ 76.382919311523608, 9.534860610961971 ], [ 76.382080078125284, 9.543195724487418 ] ] ], [ [ [ 76.381813049316463, 9.61793136596674 ], [ 76.387916564941463, 9.619031906127987 ], [ 76.384582519531193, 9.613472938537541 ], [ 76.381813049316463, 9.61793136596674 ] ] ], [ [ [ 76.381530761718693, 9.714859962463606 ], [ 76.380966186523381, 9.716811180114689 ], [ 76.381813049316463, 9.717091560364054 ], [ 76.381530761718693, 9.714859962463606 ] ] ], [ [ [ 76.370132446289233, 9.756529808044434 ], [ 76.373191833496264, 9.752361297607706 ], [ 76.372917175293253, 9.751251220703352 ], [ 76.370132446289233, 9.756529808044434 ] ] ], [ [ [ 76.322914123535213, 9.809026718139705 ], [ 76.329032897949503, 9.817640304565714 ], [ 76.32541656494169, 9.807350158691634 ], [ 76.322914123535213, 9.809026718139705 ] ] ], [ [ [ 76.371803283691349, 9.823189735412654 ], [ 76.373474121094034, 9.824860572814941 ], [ 76.373191833496264, 9.821528434753645 ], [ 76.371803283691349, 9.823189735412654 ] ] ], [ [ [ 76.366806030273722, 9.825690269470329 ], [ 76.369857788086222, 9.826251029968262 ], [ 76.370132446289233, 9.824030876159725 ], [ 76.366806030273722, 9.825690269470329 ] ] ], [ [ [ 76.377082824707088, 9.839030265808105 ], [ 76.379302978515796, 9.837080955505598 ], [ 76.376251220703296, 9.836806297302417 ], [ 76.377082824707088, 9.839030265808105 ] ] ], [ [ [ 76.373466491699332, 9.841250419616813 ], [ 76.375137329101619, 9.837639808654785 ], [ 76.372642517089901, 9.840417861938533 ], [ 76.373466491699332, 9.841250419616813 ] ] ], [ [ [ 76.287918090820483, 9.846811294555664 ], [ 76.290412902832202, 9.846249580383414 ], [ 76.288192749023494, 9.844030380249194 ], [ 76.287918090820483, 9.846811294555664 ] ] ], [ [ [ 76.349586486816463, 9.874582290649528 ], [ 76.36624908447294, 9.855421066284293 ], [ 76.371803283691349, 9.830972671508789 ], [ 76.349029541015682, 9.838472366333065 ], [ 76.349586486816463, 9.874582290649528 ] ] ], [ [ [ 76.304306030273608, 9.902920722961369 ], [ 76.311248779296932, 9.908189773559513 ], [ 76.317092895507983, 9.902920722961369 ], [ 76.315414428710938, 9.896528244018555 ], [ 76.317359924316463, 9.886531829833984 ], [ 76.304306030273608, 9.902920722961369 ] ] ], [ [ [ 76.267356872558651, 9.939311981201286 ], [ 76.274864196777628, 9.966251373291016 ], [ 76.294029235840014, 9.925689697265568 ], [ 76.267356872558651, 9.939311981201286 ] ] ], [ [ [ 76.268753051757926, 9.972641944885197 ], [ 76.270973205566406, 9.970969200134505 ], [ 76.268753051757926, 9.972081184387264 ], [ 76.268753051757926, 9.972641944885197 ] ] ], [ [ [ 76.243186950683651, 9.98042106628418 ], [ 76.244308471679744, 9.978471755981502 ], [ 76.243194580078239, 9.978194236755598 ], [ 76.243186950683651, 9.98042106628418 ] ] ], [ [ [ 76.266807556152401, 10.001529693603686 ], [ 76.269859313964901, 10.000419616699332 ], [ 76.269027709961108, 9.996805191040096 ], [ 76.266807556152401, 10.001529693603686 ] ] ], [ [ [ 76.241806030273494, 10.014310836792106 ], [ 76.258750915527514, 9.990140914916992 ], [ 76.249580383300952, 9.975980758667106 ], [ 76.246528625488452, 9.976528167724553 ], [ 76.241806030273494, 10.014310836792106 ] ] ], [ [ [ 76.250419616699276, 10.014310836792106 ], [ 76.253746032714787, 10.012359619140852 ], [ 76.25180816650419, 10.012359619140852 ], [ 76.250419616699276, 10.014310836792106 ] ] ], [ [ [ 76.259582519531307, 10.029310226440657 ], [ 76.259307861328296, 10.025139808654785 ], [ 76.258193969726562, 10.025139808654785 ], [ 76.259582519531307, 10.029310226440657 ] ] ], [ [ [ 76.257919311523722, 10.023749351501465 ], [ 76.267082214355753, 10.022919654846248 ], [ 76.262641906738338, 10.018472671508789 ], [ 76.257919311523722, 10.023749351501465 ] ] ], [ [ [ 76.240417480468921, 10.091811180114917 ], [ 76.246528625488452, 10.096809387207031 ], [ 76.248191833496378, 10.090689659118652 ], [ 76.240417480468921, 10.091811180114917 ] ] ], [ [ [ 76.050140380859432, 10.535141944885254 ], [ 76.051528930664347, 10.533752441406193 ], [ 76.049308776855639, 10.533752441406193 ], [ 76.050140380859432, 10.535141944885254 ] ] ], [ [ [ 76.049575805664119, 10.539030075073356 ], [ 76.051246643066406, 10.536527633667106 ], [ 76.049308776855639, 10.535973548889388 ], [ 76.049575805664119, 10.539030075073356 ] ] ], [ [ [ 75.830139160156421, 11.12986183166521 ], [ 75.836250305175952, 11.128190994262695 ], [ 75.831527709960994, 11.126526832580851 ], [ 75.830139160156421, 11.12986183166521 ] ] ], [ [ [ 75.810409545898494, 11.161529541015625 ], [ 75.811248779296875, 11.159584045410156 ], [ 75.810142517090014, 11.159310340881404 ], [ 75.810409545898494, 11.161529541015625 ] ] ], [ [ [ 75.366806030273722, 11.943471908569336 ], [ 75.365966796875057, 11.940691947936955 ], [ 75.36374664306669, 11.937919616699332 ], [ 75.366806030273722, 11.943471908569336 ] ] ], [ [ [ 75.364852905273494, 11.938750267028809 ], [ 75.367919921875284, 11.939581871032999 ], [ 75.364303588867472, 11.935972213745231 ], [ 75.364852905273494, 11.938750267028809 ] ] ], [ [ [ 75.300422668457315, 11.961529731750431 ], [ 75.302360534667912, 11.961249351501465 ], [ 75.302360534667912, 11.95958137512207 ], [ 75.300422668457315, 11.961529731750431 ] ] ], [ [ [ 75.295143127441577, 11.967639923095703 ], [ 75.298187255859546, 11.966810226440487 ], [ 75.298469543457088, 11.965138435363713 ], [ 75.295143127441577, 11.967639923095703 ] ] ], [ [ [ 75.285415649414233, 11.987083435058651 ], [ 75.288192749023722, 11.985420227050895 ], [ 75.288482666015796, 11.98264122009283 ], [ 75.296249389648381, 11.96931076049799 ], [ 75.285415649414233, 11.987083435058651 ] ] ], [ [ [ 75.292358398437557, 12.013751983642521 ], [ 75.295135498047046, 12.012916564941577 ], [ 75.287918090820483, 12.014311790466536 ], [ 75.292358398437557, 12.013751983642521 ] ] ], [ [ [ 75.295417785644588, 12.023471832275504 ], [ 75.299858093262003, 12.022359848022575 ], [ 75.295967102050838, 12.021530151367188 ], [ 75.295417785644588, 12.023471832275504 ] ] ], [ [ [ 75.164306640625171, 12.089311599731445 ], [ 75.164855957031421, 12.101530075073356 ], [ 75.181808471679631, 12.049860000610579 ], [ 75.164306640625171, 12.089311599731445 ] ] ], [ [ [ 75.160430908203409, 12.111810684204102 ], [ 75.17069244384777, 12.110140800476302 ], [ 75.168746948242244, 12.095969200134334 ], [ 75.160430908203409, 12.111810684204102 ] ] ], [ [ [ 75.192092895508097, 12.115419387817383 ], [ 75.194580078125284, 12.114030838012638 ], [ 75.191802978515682, 12.113751411438159 ], [ 75.192092895508097, 12.115419387817383 ] ] ], [ [ [ 75.149581909179631, 12.139582633972282 ], [ 75.162086486816463, 12.134041786193791 ], [ 75.158470153808651, 12.120970726013468 ], [ 75.149581909179631, 12.139582633972282 ] ] ], [ [ [ 75.134307861328409, 12.18235969543457 ], [ 75.151802062988338, 12.159582138061523 ], [ 75.150138854980753, 12.146804809570256 ], [ 75.134307861328409, 12.18235969543457 ] ] ], [ [ [ 75.132080078125171, 12.188750267028979 ], [ 75.134307861328409, 12.189311027527083 ], [ 75.134025573730526, 12.187359809875431 ], [ 75.132080078125171, 12.188750267028979 ] ] ], [ [ [ 75.129302978515739, 12.19653129577631 ], [ 75.131530761718807, 12.195690155029411 ], [ 75.129302978515739, 12.194580078125227 ], [ 75.129302978515739, 12.19653129577631 ] ] ], [ [ [ 75.123466491699389, 12.191810607910099 ], [ 75.127357482910213, 12.19486141204851 ], [ 75.157371520996378, 12.110160827636832 ], [ 75.123466491699389, 12.191810607910099 ] ] ], [ [ [ 74.996002197265909, 12.787981033325252 ], [ 75.008605957031534, 12.760431289672795 ], [ 74.984779357910099, 12.729881286621037 ], [ 75.007080078125284, 12.709209442138672 ], [ 75.049667358398608, 12.714699745178223 ], [ 75.047805786132869, 12.660088539123478 ], [ 75.083091735839901, 12.666408538818473 ], [ 75.086097717285327, 12.697781562805176 ], [ 75.150642395019588, 12.676342010498161 ], [ 75.142967224121094, 12.633310317993221 ], [ 75.201431274414347, 12.625110626220703 ], [ 75.222900390625057, 12.562640190124625 ], [ 75.276725769043026, 12.611660003662223 ], [ 75.32785797119152, 12.585181236267317 ], [ 75.270919799804858, 12.553540229797477 ], [ 75.281143188476847, 12.518139839172363 ], [ 75.334846496582031, 12.490241050720499 ], [ 75.336761474609432, 12.457781791687182 ], [ 75.414489746094034, 12.496711730957259 ], [ 75.422508239746378, 12.460061073303223 ], [ 75.366622924804972, 12.45166015625 ], [ 75.365600585937557, 12.407040596008414 ], [ 75.42138671875, 12.366729736328296 ], [ 75.419128417968921, 12.286399841308707 ], [ 75.482727050781307, 12.286181449890364 ], [ 75.576843261718921, 12.150750160217342 ], [ 75.635086059570369, 12.142391204834212 ], [ 75.658226013183878, 12.09430122375511 ], [ 75.701599121093921, 12.100331306457804 ], [ 75.717056274414233, 12.062089920044002 ], [ 75.795349121093864, 12.074231147766227 ], [ 75.826972961425838, 11.977971076965332 ], [ 75.876747131347713, 11.940711975097884 ], [ 75.998191833496264, 11.923621177673283 ], [ 76.107910156250057, 11.970639228820914 ], [ 76.116531372070369, 11.843040466308651 ], [ 76.184036254882869, 11.863761901855469 ], [ 76.218528747558651, 11.800039291381836 ], [ 76.27201080322294, 11.803540229797477 ], [ 76.334976196289347, 11.730629920959416 ], [ 76.407676696777344, 11.753331184387264 ], [ 76.418891906738565, 11.717081069946403 ], [ 76.396408081054631, 11.701079368591309 ], [ 76.434219360351733, 11.63352108001709 ], [ 76.297897338867244, 11.5643310546875 ], [ 76.270973205566406, 11.59290885925293 ], [ 76.225746154785327, 11.564439773559798 ], [ 76.240097045898494, 11.459641456604004 ], [ 76.278060913085994, 11.474531173706112 ], [ 76.320907592773608, 11.444699287414551 ], [ 76.333686828613452, 11.458710670471191 ], [ 76.410392761230639, 11.433590888977051 ], [ 76.448387145996151, 11.381419181823844 ], [ 76.538200378418026, 11.351590156555176 ], [ 76.540168762207145, 11.292347908020076 ], [ 76.446388244628849, 11.230461120605582 ], [ 76.452720642090014, 11.180210113525504 ], [ 76.487648010253906, 11.202790260315169 ], [ 76.623039245605639, 11.18567085266119 ], [ 76.696968078613565, 11.231330871582031 ], [ 76.725578308105753, 11.208890914917106 ], [ 76.691177368164119, 11.144510269165153 ], [ 76.738716125488338, 11.121290206909237 ], [ 76.737098693847827, 11.047510147094727 ], [ 76.792472839355526, 11.04237270355236 ], [ 76.70652008056669, 11.031351089477596 ], [ 76.649162292480639, 10.924152374267578 ], [ 76.817558288574162, 10.861801147461051 ], [ 76.840415954590128, 10.807660102844295 ], [ 76.888298034668253, 10.799881935119629 ], [ 76.897506713867358, 10.770799636841048 ], [ 76.855506896972599, 10.675271987915153 ], [ 76.872619628906364, 10.629431724548454 ], [ 76.804992675781421, 10.626340866088924 ], [ 76.829727172851847, 10.585062026977653 ], [ 76.807327270507869, 10.414919853210506 ], [ 76.839347839355639, 10.359709739685115 ], [ 76.819671630859375, 10.295240402221793 ], [ 76.838546752929688, 10.277599334717024 ], [ 76.864273071289347, 10.290040969848576 ], [ 76.905479431152287, 10.224751472473145 ], [ 76.970787048339901, 10.208650588989258 ], [ 77.038551330566463, 10.248160362243766 ], [ 77.051879882812557, 10.285481452942008 ], [ 77.162956237793253, 10.346281051635742 ], [ 77.222160339355639, 10.340300559997672 ], [ 77.246528625488281, 10.220609664917049 ], [ 77.280448913574503, 10.20725154876709 ], [ 77.259780883789119, 10.11908054351818 ], [ 77.187797546386889, 10.092501640319824 ], [ 77.248092651367358, 10.020230293273869 ], [ 77.261421203613452, 9.963721275329817 ], [ 77.204437255859432, 9.894319534301758 ], [ 77.199111938476619, 9.865981101989746 ], [ 77.223663330078296, 9.849010467529354 ], [ 77.208923339844034, 9.814521789550781 ], [ 77.233985900879077, 9.788519859313908 ], [ 77.209815979003963, 9.779940605163631 ], [ 77.208229064941577, 9.721670150756893 ], [ 77.151870727539347, 9.606019973754996 ], [ 77.255012512207088, 9.56499099731451 ], [ 77.304306030273381, 9.593041419983024 ], [ 77.324783325195312, 9.563199996948356 ], [ 77.340896606445597, 9.595050811767521 ], [ 77.350547790527401, 9.526291847229118 ], [ 77.396232604980753, 9.496541976928711 ], [ 77.378585815429744, 9.450750350952148 ], [ 77.334251403808537, 9.431051254272575 ], [ 77.311340332031534, 9.327901840209961 ], [ 77.284141540527514, 9.327470779418945 ], [ 77.266822814941463, 9.290880203247298 ], [ 77.266807556152401, 9.208819389343262 ], [ 77.236618041992188, 9.179190635681152 ], [ 77.251777648925838, 9.1430406570434 ], [ 77.195861816406307, 9.088421821594295 ], [ 77.182083129882983, 9.036500930786246 ], [ 77.132179260253963, 9.011850357055721 ], [ 77.180442810058651, 8.915749549865836 ], [ 77.204742431640568, 8.917410850525016 ], [ 77.241500854492301, 8.864782333373967 ], [ 77.214675903320312, 8.775760650634993 ], [ 77.155319213867472, 8.737560272216797 ], [ 77.265083312988281, 8.542559623718205 ], [ 77.247543334960994, 8.501379966735897 ], [ 77.186492919922046, 8.493371009826717 ], [ 77.209518432617131, 8.437719345092717 ], [ 77.134819030761776, 8.378529548645133 ], [ 77.159652709960994, 8.312500953674316 ], [ 77.121948242187784, 8.322941780090332 ], [ 77.0906982421875, 8.297470092773494 ], [ 76.975418090820369, 8.384580612182674 ], [ 76.631805419922046, 8.836251258850098 ], [ 76.546249389648494, 8.902359962463436 ], [ 76.463478088378963, 9.134029388427848 ], [ 76.483749389648722, 9.126805305481071 ], [ 76.490417480469034, 9.170140266418457 ], [ 76.470703125000057, 9.142359733581657 ], [ 76.422637939453182, 9.245693206787109 ], [ 76.467918395996378, 9.142919540405273 ], [ 76.461250305176065, 9.139583587646428 ], [ 76.337913513183764, 9.415971755981445 ], [ 76.237358093261719, 9.96542167663597 ], [ 76.253196716308764, 9.969582557678166 ], [ 76.265419006347827, 9.934579849243164 ], [ 76.295417785644588, 9.91792011260992 ], [ 76.296524047851733, 9.892915725708121 ], [ 76.292083740234318, 9.908473014831543 ], [ 76.266525268554631, 9.912361145019531 ], [ 76.265419006347827, 9.896805763244686 ], [ 76.257362365722599, 9.915699958801213 ], [ 76.269577026367131, 9.866251945495549 ], [ 76.27569580078125, 9.894029617309684 ], [ 76.28763580322277, 9.898471832275504 ], [ 76.28458404541027, 9.832638740539778 ], [ 76.302917480469034, 9.847359657287598 ], [ 76.29569244384794, 9.889862060546875 ], [ 76.31931304931669, 9.876251220703239 ], [ 76.316802978515682, 9.844860076904581 ], [ 76.321807861328409, 9.80764198303234 ], [ 76.347640991211108, 9.71180629730253 ], [ 76.320686340331974, 9.871250152588061 ], [ 76.349029541015682, 9.827920913696289 ], [ 76.370697021484546, 9.820142745971793 ], [ 76.359580993652628, 9.798750877380428 ], [ 76.36069488525419, 9.70041656494152 ], [ 76.398750305175952, 9.67430496215843 ], [ 76.367080688476733, 9.610973358154354 ], [ 76.357086181640909, 9.525416374206486 ], [ 76.383193969726676, 9.506526947021598 ], [ 76.383193969726676, 9.525972366333178 ], [ 76.442352294922159, 9.511251449585188 ], [ 76.479026794433764, 9.528751373291243 ], [ 76.480422973632869, 9.511251449585188 ], [ 76.502082824706974, 9.530973434448356 ], [ 76.415969848632869, 9.565971374511662 ], [ 76.430137634277628, 9.611250877380598 ], [ 76.421249389648608, 9.650420188903922 ], [ 76.402641296386776, 9.647358894348315 ], [ 76.413749694824503, 9.696809768677042 ], [ 76.382637023926065, 9.703469276428336 ], [ 76.390975952148494, 9.742085456848429 ], [ 76.367919921875057, 9.790971755981673 ], [ 76.381248474121151, 9.826811790466593 ], [ 76.384025573730469, 9.827082633972225 ], [ 76.394302368164347, 9.817915916443042 ], [ 76.3951416015625, 9.818194389343205 ], [ 76.377357482910327, 9.864862442016715 ], [ 76.340141296386662, 9.919584274291992 ], [ 76.323753356933594, 9.914304733276595 ], [ 76.343193054199162, 9.885141372680664 ], [ 76.329307556152514, 9.902920722961369 ], [ 76.335418701172046, 9.884026527405013 ], [ 76.318748474121378, 9.88876056671171 ], [ 76.321525573730526, 9.892361640930233 ], [ 76.304031372070369, 9.934305191040153 ], [ 76.311531066894474, 9.948472023010254 ], [ 76.300140380859546, 9.936808586120719 ], [ 76.304580688476619, 9.92903137207054 ], [ 76.303474426269815, 9.925694465637434 ], [ 76.267364501953182, 10.032084465027083 ], [ 76.260139465332088, 10.034311294555664 ], [ 76.257362365722599, 10.023193359375 ], [ 76.268196105957315, 9.982641220092887 ], [ 76.249580383300952, 10.029862403869572 ], [ 76.266250610351619, 10.037360191345272 ], [ 76.254028320312557, 10.039319992065373 ], [ 76.240417480468921, 10.07097339630144 ], [ 76.257080078125057, 10.045970916748217 ], [ 76.264579772949503, 10.079310417175236 ], [ 76.252639770507983, 10.083749771118391 ], [ 76.252082824707202, 10.093194961547795 ], [ 76.236808776855639, 10.114032745361271 ], [ 76.230415344238395, 10.114027976989973 ], [ 76.231246948242188, 10.121530532837141 ], [ 76.227355957031307, 10.122640609741325 ], [ 76.228469848632869, 10.124860763549862 ], [ 76.225692749023722, 10.127082824707145 ], [ 76.229026794433651, 10.113750457763729 ], [ 76.235137939453182, 10.110972404479924 ], [ 76.230972290039119, 10.109583854675577 ], [ 76.242637634277628, 10.076251983642692 ], [ 76.239303588867358, 10.075139045715446 ], [ 76.205696105957202, 10.147082328796387 ], [ 76.210418701172159, 10.091250419616756 ], [ 76.230140686035327, 10.05986213684082 ], [ 76.21958160400419, 10.068472862243937 ], [ 76.238746643066463, 10.03042030334484 ], [ 76.230415344238395, 10.016804695129565 ], [ 76.237083435058651, 10.015973091125772 ], [ 76.237358093261889, 9.996805191040096 ], [ 76.239585876465128, 9.99514198303234 ], [ 76.242080688476847, 9.978194236755598 ], [ 76.245414733886719, 9.97236156463623 ], [ 76.224029541015796, 9.977079391479549 ], [ 76.165969848633097, 10.174860954284611 ], [ 76.20263671875, 10.139027595520133 ], [ 76.177085876465014, 10.182639122009277 ], [ 76.191528320312784, 10.19431114196783 ], [ 76.159858703613565, 10.188471794128418 ], [ 76.099304199218921, 10.380694389343262 ], [ 76.034027099609375, 10.525694847107047 ], [ 76.052635192871151, 10.532082557678393 ], [ 76.052360534668139, 10.543472290039006 ], [ 76.063468933105526, 10.53569316864025 ], [ 76.067642211914233, 10.544584274291935 ], [ 76.049583435058651, 10.546806335449446 ], [ 76.047363281249943, 10.567919731140421 ], [ 76.042915344238338, 10.574582099914778 ], [ 76.041526794433651, 10.575421333313102 ], [ 76.048187255859546, 10.535141944885254 ], [ 76.031806945800838, 10.537083625793571 ], [ 76.030975341796875, 10.526527404785327 ], [ 76.040138244629077, 10.511249542236555 ], [ 76.036247253418082, 10.510140419006518 ], [ 75.910140991210994, 10.79236030578619 ], [ 75.825141906738565, 11.122917175293082 ], [ 75.858474731445369, 11.138471603393668 ], [ 75.845138549804972, 11.143759727478027 ], [ 75.824859619140682, 11.125416755676497 ], [ 75.801803588867244, 11.158193588257006 ], [ 75.806526184082202, 11.162639617919979 ], [ 75.810691833496264, 11.157084465026912 ], [ 75.815971374512003, 11.159859657287654 ], [ 75.822349548340014, 11.155971527099894 ], [ 75.828750610351847, 11.158193588257006 ], [ 75.812362670898722, 11.162362098693904 ], [ 75.829025268554858, 11.180695533752726 ], [ 75.802085876464787, 11.162637710571403 ], [ 75.682640075683878, 11.448195457458553 ], [ 75.617362976074276, 11.477083206176985 ], [ 75.542358398437671, 11.68181133270275 ], [ 75.472076416015909, 11.763759613037109 ], [ 75.493469238281193, 11.756250381469727 ], [ 75.507637023925952, 11.761247634887695 ], [ 75.474861145019588, 11.766529083252067 ], [ 75.500137329101847, 11.798194885253906 ], [ 75.474304199218807, 11.803471565246582 ], [ 75.480697631835881, 11.779306411743107 ], [ 75.453750610351676, 11.770138740539608 ], [ 75.454307556152401, 11.775420188903752 ], [ 75.460418701171989, 11.776809692382812 ], [ 75.463470458984489, 11.785140991211051 ], [ 75.463470458984489, 11.799030303955078 ], [ 75.460136413574389, 11.807359695434741 ], [ 75.454025268554858, 11.778471946716252 ], [ 75.383750915527628, 11.856809616088981 ], [ 75.35514068603544, 11.859860420226994 ], [ 75.298736572265568, 11.94347000122076 ], [ 75.356529235839787, 11.928470611572379 ], [ 75.372085571289119, 11.939583778381404 ], [ 75.385139465331974, 11.916529655456543 ], [ 75.399307250976733, 11.915415763855208 ], [ 75.374862670898608, 11.956531524658146 ], [ 75.358749389648494, 11.931531906127987 ], [ 75.317916870117244, 11.946249961853084 ], [ 75.317642211914233, 11.952082633972452 ], [ 75.309593200683878, 11.969860076904411 ], [ 75.314308166503963, 11.949583053588867 ], [ 75.27902984619152, 12.002084732055607 ], [ 75.265419006347656, 12.007081031799316 ], [ 75.268196105957315, 12.023471832275504 ], [ 75.298736572265568, 12.003470420837459 ], [ 75.333190917968807, 12.010141372680664 ], [ 75.299308776855412, 12.015688896179199 ], [ 75.316246032715128, 12.046250343323038 ], [ 75.328186035156307, 12.035970687866211 ], [ 75.339302062988395, 12.047637939453296 ], [ 75.315696716308878, 12.047639846801871 ], [ 75.311248779296932, 12.044030189514331 ], [ 75.310691833496207, 12.036805152893066 ], [ 75.307083129883097, 12.034309387207031 ], [ 75.309066772461108, 12.102661132812557 ], [ 75.402519226074389, 12.136840820312614 ], [ 75.325157165527401, 12.144890785217399 ], [ 75.274528503418139, 12.100260734558162 ], [ 75.223060607910327, 12.104840278625716 ], [ 75.231056213379077, 12.024561882019327 ], [ 75.200416564941463, 12.00736141204851 ], [ 75.17874908447294, 12.080694198608455 ], [ 75.189308166504077, 12.089583396911621 ], [ 75.195137023926065, 12.07014179229742 ], [ 75.215141296387003, 12.066804885864258 ], [ 75.220138549804972, 12.07014179229742 ], [ 75.189025878906534, 12.091251373291016 ], [ 75.172637939453409, 12.085701942444075 ], [ 75.177085876465014, 12.099029541015852 ], [ 75.180137634277514, 12.094870567321891 ], [ 75.185966491699503, 12.093470573425236 ], [ 75.191246032714901, 12.097081184387491 ], [ 75.192916870117358, 12.100680351257438 ], [ 75.197357177734432, 12.1173610687257 ], [ 75.192092895508097, 12.132642745971623 ], [ 75.181808471679631, 12.095140457153434 ], [ 75.129028320312671, 12.212081909179688 ], [ 75.117637634277401, 12.206250190735034 ], [ 75.056808471679744, 12.362360954284782 ], [ 75.062637329101733, 12.340971946716309 ], [ 74.973472595214957, 12.498748779296875 ], [ 74.866531372070256, 12.752640724182129 ], [ 74.996002197265909, 12.787981033325252 ] ] ] ] } },
{ "type": "Feature", "properties": { "ID_0": 105, "ISO": "IND", "NAME_0": "India", "ID_1": 19, "NAME_1": "Lakshadweep" }, "geometry": { "type": "MultiPolygon", "coordinates": [ [ [ [ 73.010406494140682, 8.277361869812069 ], [ 73.01291656494169, 8.278750419616813 ], [ 73.012359619140909, 8.276805877685604 ], [ 73.010406494140682, 8.277361869812069 ] ] ], [ [ [ 73.080970764160213, 8.327642440796012 ], [ 73.049308776855526, 8.266804695129338 ], [ 73.018753051757812, 8.271529197693098 ], [ 73.055686950683537, 8.282640457153548 ], [ 73.080970764160213, 8.327642440796012 ] ] ], [ [ [ 72.283752441406534, 10.043473243713606 ], [ 72.286796569824503, 10.040690422058333 ], [ 72.281806945800838, 10.037916183471737 ], [ 72.283752441406534, 10.043473243713606 ] ] ], [ [ [ 73.629859924316577, 10.0687513351441 ], [ 73.633750915527457, 10.0687513351441 ], [ 73.630142211914347, 10.06763935089117 ], [ 73.629859924316577, 10.0687513351441 ] ] ], [ [ [ 73.628196716308651, 10.075141906738509 ], [ 73.627914428711108, 10.071805000305403 ], [ 73.625419616699162, 10.072916984558333 ], [ 73.628196716308651, 10.075141906738509 ] ] ], [ [ [ 73.641807556152628, 10.057084083557413 ], [ 73.65207672119169, 10.095971107482967 ], [ 73.647918701171818, 10.079031944275073 ], [ 73.647918701171818, 10.061249732971248 ], [ 73.641807556152628, 10.057084083557413 ] ] ], [ [ [ 72.325973510742358, 10.126805305481071 ], [ 72.330696105957315, 10.130695343017578 ], [ 72.331802368164347, 10.124860763549862 ], [ 72.325973510742358, 10.126805305481071 ] ] ], [ [ [ 73.658477783203125, 10.152921676635799 ], [ 73.665138244629077, 10.141811370849666 ], [ 73.662086486816577, 10.129860877990723 ], [ 73.658477783203125, 10.152921676635799 ] ] ], [ [ [ 72.642082214355526, 10.577361106872672 ], [ 72.649017333984659, 10.561809539794979 ], [ 72.615417480468864, 10.540694236755598 ], [ 72.623191833496151, 10.547080039977971 ], [ 72.642082214355526, 10.577361106872672 ] ] ], [ [ [ 72.165969848632983, 10.813750267028979 ], [ 72.169303894043253, 10.812359809875659 ], [ 72.16513824462919, 10.812080383300781 ], [ 72.165969848632983, 10.813750267028979 ] ] ], [ [ [ 72.170974731445369, 10.818194389343375 ], [ 72.172363281250284, 10.817920684814453 ], [ 72.170974731445369, 10.81735992431652 ], [ 72.170974731445369, 10.818194389343375 ] ] ], [ [ [ 73.662086486816577, 10.8084716796875 ], [ 73.677085876465128, 10.817641258239973 ], [ 73.702636718750284, 10.814862251281738 ], [ 73.662086486816577, 10.8084716796875 ] ] ], [ [ [ 72.172637939453296, 10.81986141204834 ], [ 72.194305419922159, 10.870694160461539 ], [ 72.206527709961222, 10.877361297607365 ], [ 72.203750610351619, 10.86874961853033 ], [ 72.172637939453296, 10.81986141204834 ] ] ], [ [ [ 72.285697937011662, 10.944862365722884 ], [ 72.290969848632869, 10.936250686645451 ], [ 72.284301757812614, 10.935417175293082 ], [ 72.285697937011662, 10.944862365722884 ] ] ], [ [ [ 72.31485748291044, 10.948472023010254 ], [ 72.317642211914119, 10.943750381469727 ], [ 72.313468933105526, 10.943194389343262 ], [ 72.31485748291044, 10.948472023010254 ] ] ], [ [ [ 72.332084655761889, 10.95847320556669 ], [ 72.334304809570597, 10.955972671509016 ], [ 72.331802368164347, 10.95513916015625 ], [ 72.332084655761889, 10.95847320556669 ] ] ], [ [ [ 72.715972900390909, 11.125139236450195 ], [ 72.732917785644645, 11.127915382385197 ], [ 72.720138549804801, 11.110693931579533 ], [ 72.715972900390909, 11.125139236450195 ] ] ], [ [ [ 72.104026794433651, 11.211250305175724 ], [ 72.105972290039347, 11.209861755371378 ], [ 72.103752136230639, 11.208195686340559 ], [ 72.104026794433651, 11.211250305175724 ] ] ], [ [ [ 72.100418090820369, 11.21514034271263 ], [ 72.104309082031193, 11.212639808654785 ], [ 72.100135803222827, 11.214310646057072 ], [ 72.100418090820369, 11.21514034271263 ] ] ], [ [ [ 72.79013824462919, 11.259860992431868 ], [ 72.778198242187671, 11.217362403869572 ], [ 72.761253356933764, 11.180138587951774 ], [ 72.777915954589901, 11.240971565246582 ], [ 72.79013824462919, 11.259860992431868 ] ] ], [ [ [ 73.000694274902401, 11.485416412353459 ], [ 73.002357482910213, 11.485693931579533 ], [ 73.001808166503963, 11.484581947326603 ], [ 73.000694274902401, 11.485416412353459 ] ] ], [ [ [ 72.996803283691577, 11.495421409606877 ], [ 73.009033203125057, 11.487360000610579 ], [ 73.007637023925781, 11.467640876770076 ], [ 73.001808166503963, 11.49153137207054 ], [ 72.996803283691577, 11.495421409606877 ] ] ], [ [ [ 72.184860229492188, 11.597359657287598 ], [ 72.189025878906421, 11.598751068115234 ], [ 72.189025878906421, 11.595970153808764 ], [ 72.184860229492188, 11.597359657287598 ] ] ], [ [ [ 72.704864501953182, 11.680694580078125 ], [ 72.716804504394702, 11.702083587646598 ], [ 72.71652984619169, 11.692083358764648 ], [ 72.704864501953182, 11.680694580078125 ] ] ] ] } },
{ "type": "Feature", "properties": { "ID_0": 105, "ISO": "IND", "NAME_0": "India", "ID_1": 20, "NAME_1": "Madhya Pradesh" }, "geometry": { "type": "Polygon", "coordinates": [ [ [ 78.364646911621264, 26.868841171264648 ], [ 78.389739990234659, 26.824899673462085 ], [ 78.425872802734546, 26.832319259643612 ], [ 78.45078277587919, 26.798051834106673 ], [ 78.565849304199219, 26.7576904296875 ], [ 78.715347290039347, 26.800212860107649 ], [ 78.72293853759777, 26.779342651367244 ], [ 78.741081237793253, 26.792520523071516 ], [ 78.766380310058651, 26.76453971862793 ], [ 78.811386108398494, 26.765470504760742 ], [ 78.864929199218921, 26.704669952392635 ], [ 78.948143005371151, 26.696741104125977 ], [ 78.937911987304972, 26.662691116333121 ], [ 78.993179321289119, 26.684570312500114 ], [ 79.005661010742131, 26.610469818115348 ], [ 78.979621887207088, 26.574079513549918 ], [ 79.060935974121378, 26.503299713134879 ], [ 79.048461914062557, 26.456050872802734 ], [ 79.126762390137003, 26.444810867309798 ], [ 79.117233276367472, 26.417121887207088 ], [ 79.086822509765682, 26.417821884155501 ], [ 79.076797485351847, 26.362691879272518 ], [ 79.133743286132869, 26.344970703125 ], [ 79.083572387695369, 26.272409439086971 ], [ 79.067268371581974, 26.287620544433651 ], [ 79.037033081054744, 26.266990661621151 ], [ 79.057052612304744, 26.232891082763672 ], [ 79.020393371582202, 26.234252929687614 ], [ 79.014945983886776, 26.197469711303711 ], [ 78.977378845214957, 26.195499420166016 ], [ 79.000717163085938, 26.154979705810661 ], [ 78.942672729492301, 26.139141082763729 ], [ 79.00315093994169, 26.081792831421012 ], [ 78.944328308105526, 26.036951065063477 ], [ 78.929527282715128, 25.949359893798885 ], [ 78.876380920410327, 25.91566085815424 ], [ 78.882682800293139, 25.870269775390852 ], [ 78.846626281738452, 25.860500335693473 ], [ 78.861923217773494, 25.799198150634822 ], [ 78.811248779296989, 25.830120086670149 ], [ 78.800460815429858, 25.812879562378043 ], [ 78.820503234863452, 25.799400329589787 ], [ 78.746818542480753, 25.749090194702205 ], [ 78.811332702636889, 25.674480438232649 ], [ 78.805191040039347, 25.624557495117188 ], [ 78.677017211914347, 25.594100952148494 ], [ 78.64862060546875, 25.565639495849723 ], [ 78.608627319335994, 25.589080810546875 ], [ 78.581192016601619, 25.564308166503963 ], [ 78.486267089844034, 25.582229614257812 ], [ 78.455192565918253, 25.551950454711914 ], [ 78.429336547851619, 25.563859939575309 ], [ 78.408660888671818, 25.532901763916016 ], [ 78.420722961425952, 25.477619171142635 ], [ 78.377380371093693, 25.448379516601619 ], [ 78.347587585449503, 25.454839706421012 ], [ 78.295516967773722, 25.374799728393555 ], [ 78.331291198730469, 25.33671951293951 ], [ 78.308029174804744, 25.310989379882812 ], [ 78.345161437988281, 25.297941207885742 ], [ 78.354530334472827, 25.246080398559684 ], [ 78.397758483887003, 25.217750549316463 ], [ 78.385360717773722, 25.195159912109318 ], [ 78.446456909179858, 25.169021606445256 ], [ 78.418296813964901, 25.153499603271484 ], [ 78.442916870117244, 25.128770828247127 ], [ 78.395317077636662, 25.130527496337947 ], [ 78.327766418457315, 25.08876991271967 ], [ 78.327537536621151, 24.99955940246582 ], [ 78.165359497070369, 24.881740570068359 ], [ 78.163803100586108, 24.857099533081168 ], [ 78.208969116210881, 24.813070297241154 ], [ 78.268478393554631, 24.66710090637207 ], [ 78.25888824462902, 24.558189392089901 ], [ 78.219718933105526, 24.522779464721623 ], [ 78.269622802734318, 24.47618293762207 ], [ 78.266876220703182, 24.447370529174862 ], [ 78.360946655273722, 24.38578987121582 ], [ 78.325996398925838, 24.329618453979492 ], [ 78.382369995117358, 24.273929595947322 ], [ 78.434776306152628, 24.297660827636946 ], [ 78.505371093749943, 24.393949508667049 ], [ 78.578437805175781, 24.35708045959484 ], [ 78.669120788574276, 24.245019912719727 ], [ 78.745887756347599, 24.239271163940487 ], [ 78.760276794433651, 24.258489608764705 ], [ 78.791687011718921, 24.180240631103572 ], [ 78.813522338867244, 24.210279464721737 ], [ 78.878860473632983, 24.223051071167049 ], [ 78.907760620117301, 24.301231384277344 ], [ 78.966873168945369, 24.353660583496094 ], [ 78.984382629394588, 24.441360473632926 ], [ 78.908592224121094, 24.466770172119197 ], [ 78.913810729980526, 24.500841140747298 ], [ 78.930717468261719, 24.484540939331282 ], [ 78.966392517089844, 24.4969482421875 ], [ 78.881721496582202, 24.639699935913029 ], [ 78.776901245117244, 24.593090057373161 ], [ 78.749465942383097, 24.604980468750114 ], [ 78.740066528320369, 24.659959793090934 ], [ 78.772392272949162, 24.704141616821346 ], [ 78.780540466308707, 24.814971923828239 ], [ 78.764480590820369, 24.861368179321403 ], [ 78.668395996093864, 24.902399063110465 ], [ 78.62204742431652, 24.964900970458984 ], [ 78.641929626464787, 25.061491012573299 ], [ 78.597167968750171, 25.097871780395565 ], [ 78.568580627441463, 25.258609771728516 ], [ 78.496681213378963, 25.293859481811637 ], [ 78.454032897949503, 25.270601272583008 ], [ 78.427360534667912, 25.288671493530501 ], [ 78.467056274414233, 25.293010711670149 ], [ 78.492172241211222, 25.323829650878963 ], [ 78.525077819824219, 25.306529998779354 ], [ 78.541458129882983, 25.32659912109375 ], [ 78.525146484375114, 25.363012313842773 ], [ 78.576217651367244, 25.35193061828619 ], [ 78.561126708984375, 25.395692825317383 ], [ 78.628585815429631, 25.406461715698242 ], [ 78.652717590332088, 25.444000244140682 ], [ 78.701400756836222, 25.428859710693473 ], [ 78.669090270996151, 25.403881072998161 ], [ 78.656517028808651, 25.420129776000977 ], [ 78.657890319824276, 25.387979507446346 ], [ 78.709030151367472, 25.378749847412053 ], [ 78.713623046875284, 25.352989196777401 ], [ 78.764381408691349, 25.35840034484869 ], [ 78.743141174316463, 25.412700653076115 ], [ 78.812911987304744, 25.430427551269588 ], [ 78.755065917968921, 25.433851242065487 ], [ 78.724647521972713, 25.463308334350586 ], [ 78.731750488281534, 25.500650405883846 ], [ 78.829856872558764, 25.465690612792969 ], [ 78.845748901367244, 25.454389572143555 ], [ 78.813873291015682, 25.446308135986328 ], [ 78.834266662597713, 25.432460784912166 ], [ 78.857170104980526, 25.467140197753849 ], [ 78.828323364257983, 25.509981155395508 ], [ 78.876007080078296, 25.524320602416935 ], [ 78.885536193847827, 25.560770034790096 ], [ 78.941688537597713, 25.55144119262701 ], [ 78.916381835937784, 25.520750045776367 ], [ 78.935638427734659, 25.480020523071289 ], [ 78.903228759765909, 25.446937561035099 ], [ 78.960128784179858, 25.438890457153377 ], [ 78.978507995605526, 25.37601280212408 ], [ 78.928627014160156, 25.351800918579045 ], [ 78.892456054687557, 25.375297546386776 ], [ 78.949356079101847, 25.400159835815373 ], [ 78.874748229980526, 25.38765907287592 ], [ 78.843505859375284, 25.332361221313477 ], [ 78.783287048339844, 25.303180694580192 ], [ 78.811676025390909, 25.299840927124023 ], [ 78.805625915527514, 25.270931243896598 ], [ 78.841751098632869, 25.229160308838004 ], [ 78.876518249512003, 25.34445953369152 ], [ 78.955772399902401, 25.347761154174805 ], [ 78.970046997070483, 25.285209655761719 ], [ 78.872177124023608, 25.250789642333984 ], [ 78.877136230468921, 25.162181854248104 ], [ 78.948341369628963, 25.220180511474666 ], [ 78.995811462402344, 25.195938110351562 ], [ 78.994667053222656, 25.233749389648438 ], [ 78.971168518066577, 25.244920730590877 ], [ 79.004966735839844, 25.276969909668082 ], [ 79.01212310791044, 25.248249053955192 ], [ 79.056442260742358, 25.225709915161246 ], [ 79.021766662597713, 25.143190383911133 ], [ 79.043052673339787, 25.138170242309513 ], [ 79.084297180175952, 25.19252967834467 ], [ 79.120422363281307, 25.164180755615234 ], [ 79.124336242675952, 25.111869812011719 ], [ 79.179306030273494, 25.117692947387752 ], [ 79.166778564453239, 25.142349243164062 ], [ 79.184852600097713, 25.151132583618278 ], [ 79.206382751464844, 25.113761901855469 ], [ 79.238380432128906, 25.116369247436523 ], [ 79.2435302734375, 25.140790939331055 ], [ 79.213912963867472, 25.148380279541016 ], [ 79.245841979980639, 25.161960601806697 ], [ 79.276542663574389, 25.120260238647688 ], [ 79.314537048339901, 25.151878356933594 ], [ 79.278800964355412, 25.197399139404297 ], [ 79.27359771728527, 25.248119354248047 ], [ 79.332588195800724, 25.200830459594783 ], [ 79.346961975097713, 25.214241027831974 ], [ 79.329116821289347, 25.229900360107479 ], [ 79.340087890625, 25.272760391235408 ], [ 79.256507873535327, 25.279470443725586 ], [ 79.260139465332202, 25.310239791870174 ], [ 79.304222106933764, 25.339849472046012 ], [ 79.345886230468864, 25.333040237426815 ], [ 79.330757141113338, 25.294048309326115 ], [ 79.352966308594034, 25.265380859375 ], [ 79.367416381835994, 25.294321060180721 ], [ 79.415306091308707, 25.259220123291016 ], [ 79.457412719726619, 25.283870697021541 ], [ 79.490402221679744, 25.27034950256342 ], [ 79.459190368652628, 25.269451141357365 ], [ 79.427017211914062, 25.22503852844244 ], [ 79.442703247070312, 25.21256065368658 ], [ 79.409576416015682, 25.208761215210188 ], [ 79.383872985840128, 25.170280456543196 ], [ 79.399147033691349, 25.113460540771484 ], [ 79.415122985839957, 25.13909912109375 ], [ 79.431068420410156, 25.107509613037053 ], [ 79.468376159668253, 25.134450912475529 ], [ 79.460533142090128, 25.096330642700252 ], [ 79.489875793457088, 25.082750320434627 ], [ 79.565521240234546, 25.177551269531307 ], [ 79.602806091308707, 25.154769897460938 ], [ 79.59787750244169, 25.131431579589957 ], [ 79.745635986328182, 25.143882751464844 ], [ 79.849212646484432, 25.096981048584098 ], [ 79.847671508789119, 25.133390426635799 ], [ 79.872177124023381, 25.148511886596737 ], [ 79.847137451171989, 25.240200042724666 ], [ 79.902397155761776, 25.256919860839957 ], [ 79.913452148437557, 25.233440399169922 ], [ 79.94256591796875, 25.271879196167049 ], [ 79.996726989746037, 25.268650054931754 ], [ 80.020736694336222, 25.343160629272461 ], [ 80.083297729492472, 25.355831146240348 ], [ 80.123298645019588, 25.338430404663143 ], [ 80.187896728515796, 25.383649826049862 ], [ 80.193916320801065, 25.416231155395621 ], [ 80.245185852050838, 25.404890060424918 ], [ 80.255867004394588, 25.428710937500057 ], [ 80.310752868652401, 25.387317657470646 ], [ 80.304046630859546, 25.288892745971737 ], [ 80.399063110351619, 25.242969512939453 ], [ 80.423698425293026, 25.174142837524641 ], [ 80.351287841797159, 25.144901275634709 ], [ 80.281959533691463, 25.063220977783317 ], [ 80.266937255859489, 25.030242919921875 ], [ 80.314102172851506, 25.003509521484375 ], [ 80.358848571777401, 25.026079177856445 ], [ 80.387390136718921, 25.012420654296989 ], [ 80.36576080322294, 25.057760238647575 ], [ 80.409919738769531, 25.076719284057617 ], [ 80.444282531738338, 25.081291198730412 ], [ 80.494209289550952, 25.045320510864258 ], [ 80.499977111816463, 25.089559555053768 ], [ 80.476127624511776, 25.102251052856502 ], [ 80.543418884277514, 25.067661285400334 ], [ 80.562438964843693, 25.091440200805607 ], [ 80.606781005859432, 25.07217979431158 ], [ 80.587776184082315, 25.109100341796989 ], [ 80.594589233398494, 25.155241012573185 ], [ 80.632392883300895, 25.123281478881893 ], [ 80.601356506347599, 25.104408264160156 ], [ 80.679260253906307, 25.081819534301985 ], [ 80.673568725585994, 25.054170608520735 ], [ 80.77593994140625, 25.061691284179688 ], [ 80.775978088378963, 25.084300994873047 ], [ 80.725242614746151, 25.097959518432674 ], [ 80.699638366699389, 25.137149810791016 ], [ 80.799575805664233, 25.146417617797852 ], [ 80.827697753906364, 25.110309600830135 ], [ 80.83628082275402, 25.192680358886662 ], [ 80.878036499023494, 25.195600509643782 ], [ 80.904922485351619, 25.160310745239201 ], [ 80.864982604980639, 25.123649597167969 ], [ 80.870651245117472, 25.071050643921126 ], [ 80.826683044433651, 25.039190292358626 ], [ 80.848182678222656, 24.998140335083121 ], [ 80.789993286132756, 24.971782684326172 ], [ 80.802200317382756, 24.944459915161133 ], [ 80.900047302246037, 24.939580917358398 ], [ 80.936820983887003, 24.972499847412109 ], [ 80.955230712890625, 24.925710678100813 ], [ 81.016777038574162, 24.932460784912109 ], [ 81.009529113769474, 24.954320907593001 ], [ 81.076416015625114, 24.95226097106945 ], [ 81.132446289062557, 24.892070770263729 ], [ 81.161430358886776, 24.958511352539062 ], [ 81.198959350586108, 24.934738159179744 ], [ 81.184417724609659, 24.929220199584904 ], [ 81.212608337402457, 24.93452072143549 ], [ 81.201698303222713, 24.995729446411133 ], [ 81.261589050293026, 25.068460464477596 ], [ 81.245697021484546, 25.105541229248104 ], [ 81.269119262695256, 25.167739868164062 ], [ 81.306388854980526, 25.165992736816406 ], [ 81.314666748047159, 25.116291046142521 ], [ 81.329956054687443, 25.172491073608455 ], [ 81.391220092773608, 25.123130798339844 ], [ 81.430221557617244, 25.133630752563477 ], [ 81.438339233398608, 25.110441207885742 ], [ 81.400848388671932, 25.107770919799805 ], [ 81.483726501465014, 25.074939727783203 ], [ 81.507575988769702, 25.10680961608881 ], [ 81.472877502441577, 25.137121200561467 ], [ 81.524650573730582, 25.143640518188533 ], [ 81.509567260742244, 25.187030792236442 ], [ 81.566398620605526, 25.195749282837028 ], [ 81.618988037109375, 25.159650802612305 ], [ 81.592117309570369, 25.136381149291992 ], [ 81.601226806640796, 25.100210189819393 ], [ 81.616752624511776, 25.122619628906307 ], [ 81.631950378418139, 25.103269577026424 ], [ 81.593795776367358, 25.079799652099666 ], [ 81.604347229003963, 25.060749053955192 ], [ 81.658691406250057, 25.079730987548828 ], [ 81.681892395019702, 25.043771743774357 ], [ 81.732391357422159, 25.048709869384822 ], [ 81.78922271728544, 25.010139465331974 ], [ 81.829368591308594, 25.019332885742188 ], [ 81.886131286621378, 24.992820739746094 ], [ 81.898468017578182, 25.009620666503906 ], [ 81.896446228027287, 24.892509460449219 ], [ 81.959152221679972, 24.830610275268498 ], [ 82.004890441894588, 24.850690841674805 ], [ 82.112190246582202, 24.792261123657283 ], [ 82.159393310546932, 24.792261123657283 ], [ 82.195968627929744, 24.824529647827148 ], [ 82.179008483886776, 24.804651260375977 ], [ 82.209472656250171, 24.781490325927791 ], [ 82.189361572265739, 24.782281875610352 ], [ 82.172882080078125, 24.739570617675838 ], [ 82.213752746582088, 24.728660583496094 ], [ 82.199485778808878, 24.752069473266658 ], [ 82.238372802734489, 24.754409790039062 ], [ 82.243659973144588, 24.775751113891715 ], [ 82.229927062988338, 24.669639587402457 ], [ 82.263366699218864, 24.686410903930721 ], [ 82.296417236328068, 24.670011520385685 ], [ 82.293930053710881, 24.613740921020565 ], [ 82.409172058105639, 24.597829818725813 ], [ 82.401596069335994, 24.683799743652287 ], [ 82.420150756836051, 24.7052516937257 ], [ 82.448852539062671, 24.677900314331055 ], [ 82.518432617187443, 24.678340911865348 ], [ 82.529266357422159, 24.651960372924805 ], [ 82.657928466796932, 24.700397491455305 ], [ 82.695953369140739, 24.675720214843807 ], [ 82.695182800293082, 24.644252777099609 ], [ 82.762786865234546, 24.645669937133903 ], [ 82.760078430176065, 24.599819183349609 ], [ 82.796371459961108, 24.599760055542049 ], [ 82.800765991211108, 24.552680969238509 ], [ 82.712532043457088, 24.556219100952148 ], [ 82.736549377441463, 24.499771118164062 ], [ 82.707160949707088, 24.38517951965332 ], [ 82.760581970214901, 24.373041152954158 ], [ 82.764137268066577, 24.292430877685604 ], [ 82.726997375488338, 24.223260879516602 ], [ 82.720367431640739, 24.138990402221793 ], [ 82.670852661132983, 24.158470153808707 ], [ 82.657386779785213, 24.134798049926815 ], [ 82.708396911621037, 24.080760955810661 ], [ 82.766258239746094, 24.077867507934684 ], [ 82.741996765136889, 24.021400451660156 ], [ 82.797271728515909, 24.00514030456543 ], [ 82.807777404785099, 23.963058471679688 ], [ 82.748100280761889, 23.922281265258789 ], [ 82.656517028808537, 23.907861709594783 ], [ 82.660209655761719, 23.870338439941406 ], [ 82.629516601562557, 23.839000701904297 ], [ 82.527351379394815, 23.824079513549918 ], [ 82.544517517090128, 23.794189453125114 ], [ 82.496650695801065, 23.785049438476506 ], [ 82.460021972656534, 23.811399459838867 ], [ 82.226142883300838, 23.806932449340877 ], [ 82.203887939453409, 23.85299110412609 ], [ 82.162406921386776, 23.81995964050293 ], [ 82.045402526855412, 23.820589065551701 ], [ 82.000732421875284, 23.863140106201286 ], [ 81.950706481933651, 23.852890014648494 ], [ 81.916442871094034, 23.872989654541243 ], [ 81.811729431152628, 23.809499740600643 ], [ 81.719062805175724, 23.840429306030501 ], [ 81.66159820556652, 23.925598144531364 ], [ 81.596908569335994, 23.889022827148438 ], [ 81.639656066894645, 23.771129608154354 ], [ 81.687286376953182, 23.721349716186523 ], [ 81.643127441406534, 23.660331726074219 ], [ 81.613243103027514, 23.660980224609432 ], [ 81.602676391601847, 23.600032806396541 ], [ 81.569732666015625, 23.588649749755973 ], [ 81.577072143554744, 23.554889678955192 ], [ 81.605697631835994, 23.550489425659237 ], [ 81.607048034668082, 23.506889343261776 ], [ 81.628227233887003, 23.49036979675293 ], [ 81.654533386230582, 23.531551361084041 ], [ 81.69309234619169, 23.523340225219783 ], [ 81.736030578613224, 23.567430496215934 ], [ 81.804618835449276, 23.545810699462891 ], [ 81.827178955078409, 23.511289596557731 ], [ 81.916358947753963, 23.532091140747127 ], [ 81.976119995117301, 23.413110733032283 ], [ 82.015975952148551, 23.42350959777832 ], [ 82.014518737792969, 23.387918472290096 ], [ 82.045738220214957, 23.377870559692496 ], [ 82.098480224609546, 23.397701263427791 ], [ 82.110900878906307, 23.355840682983512 ], [ 82.137832641601619, 23.36184120178234 ], [ 82.185859680175838, 23.325389862060774 ], [ 82.186386108398608, 23.277658462524641 ], [ 82.142486572265568, 23.227701187133846 ], [ 82.151077270507756, 23.141740798950309 ], [ 82.115882873535213, 23.103799819946232 ], [ 82.067131042480753, 23.116817474365178 ], [ 82.024085998535327, 23.080120086669979 ], [ 81.938102722168026, 23.077810287475586 ], [ 81.918426513672046, 23.040979385376033 ], [ 81.940246582031307, 22.957090377807617 ], [ 81.860008239746037, 22.915000915527401 ], [ 81.856346130371378, 22.890859603881836 ], [ 81.769401550293253, 22.873508453369141 ], [ 81.78427886962919, 22.766620635986271 ], [ 81.746612548828182, 22.726488113403434 ], [ 81.762725830078409, 22.663589477539062 ], [ 81.740539550781307, 22.648069381713867 ], [ 81.722946166992244, 22.676210403442383 ], [ 81.656547546386889, 22.632001876831168 ], [ 81.648689270019531, 22.568950653076229 ], [ 81.615791320800838, 22.539020538330135 ], [ 81.519065856933651, 22.539981842041129 ], [ 81.396553039550952, 22.441320419311523 ], [ 81.378738403320426, 22.505300521850643 ], [ 81.322937011718921, 22.524330139160156 ], [ 81.303962707519645, 22.481750488281364 ], [ 81.275466918945483, 22.4994411468507 ], [ 81.218391418457031, 22.451650619506836 ], [ 81.180046081542912, 22.490150451660099 ], [ 81.109992980957145, 22.441120147705135 ], [ 81.113845825195597, 22.294380187988509 ], [ 81.084678649902287, 22.246749877929801 ], [ 81.019447326660099, 22.229190826416016 ], [ 81.015792846679972, 22.132709503173885 ], [ 80.971755981445256, 22.121480941772461 ], [ 81.004272460937557, 22.070020675659407 ], [ 80.978851318359546, 22.048311233520508 ], [ 80.950523376464901, 22.113010406494141 ], [ 80.906089782714957, 22.11444091796875 ], [ 80.845771789550838, 21.960899353027344 ], [ 80.818443298340014, 21.956790924072266 ], [ 80.841171264648438, 21.856452941894759 ], [ 80.811203002929858, 21.747491836547795 ], [ 80.742973327636776, 21.757961273193416 ], [ 80.718528747558594, 21.711860656738338 ], [ 80.709236145019588, 21.586750030517521 ], [ 80.730216979980526, 21.472051620483455 ], [ 80.662918090820597, 21.337339401245117 ], [ 80.593162536621094, 21.324790954589844 ], [ 80.485496520996151, 21.397638320922965 ], [ 80.403366088867131, 21.37648963928234 ], [ 80.389076232910156, 21.407379150390625 ], [ 80.411308288574276, 21.438201904296989 ], [ 80.370613098144702, 21.520969390869141 ], [ 80.260223388671932, 21.620149612426815 ], [ 80.188217163085881, 21.634201049804688 ], [ 80.114936828613565, 21.607009887695426 ], [ 80.063568115234432, 21.554580688476676 ], [ 79.993553161621151, 21.534711837768498 ], [ 79.936386108398494, 21.556800842285384 ], [ 79.915817260742472, 21.524480819702148 ], [ 79.857078552246378, 21.53092193603527 ], [ 79.732620239257812, 21.602529525757063 ], [ 79.647476196289347, 21.557172775268668 ], [ 79.536621093750114, 21.544218063354606 ], [ 79.488578796387003, 21.674121856689453 ], [ 79.349021911621264, 21.678890228271484 ], [ 79.228691101074389, 21.723928451538029 ], [ 79.219902038574389, 21.650810241699276 ], [ 79.1478271484375, 21.660520553589095 ], [ 79.088088989257983, 21.599189758300895 ], [ 78.994445800781421, 21.618749618530501 ], [ 78.913238525390682, 21.59235954284668 ], [ 78.927825927734659, 21.560289382934798 ], [ 78.904426574707202, 21.554840087890625 ], [ 78.940643310546875, 21.513700485229606 ], [ 78.931831359863565, 21.487400054931641 ], [ 78.784622192382812, 21.489139556884766 ], [ 78.772186279297159, 21.467130661010799 ], [ 78.746482849121264, 21.493869781494141 ], [ 78.724189758300952, 21.46438026428234 ], [ 78.584869384765909, 21.486881256103572 ], [ 78.566528320312557, 21.515697479248274 ], [ 78.508560180664176, 21.528432846069279 ], [ 78.430099487304744, 21.501750946044979 ], [ 78.422561645508097, 21.601949691772518 ], [ 78.379516601562671, 21.61865043640131 ], [ 78.360961914062784, 21.578298568725643 ], [ 78.336776733398438, 21.590520858764876 ], [ 78.304107666015909, 21.571430206298942 ], [ 78.266120910644588, 21.594280242920149 ], [ 78.269256591796875, 21.570711135864258 ], [ 78.180946350097656, 21.558681488037223 ], [ 78.169342041015796, 21.498500823974609 ], [ 77.938781738281307, 21.386909484863395 ], [ 77.881866455078125, 21.377691268921012 ], [ 77.799369812011776, 21.412300109863395 ], [ 77.733879089355639, 21.364730834961165 ], [ 77.705245971679688, 21.359069824218864 ], [ 77.691131591796875, 21.397069931030273 ], [ 77.667221069336051, 21.371490478515568 ], [ 77.650970458984432, 21.393390655517578 ], [ 77.601547241210994, 21.393558502197266 ], [ 77.604812622070369, 21.366992950439567 ], [ 77.584442138671989, 21.364479064941406 ], [ 77.487022399902628, 21.377750396728516 ], [ 77.469306945800781, 21.456899642944279 ], [ 77.438308715820369, 21.472919464111328 ], [ 77.416969299316463, 21.533060073852653 ], [ 77.457511901855639, 21.556570053100813 ], [ 77.566986083984546, 21.529750823974609 ], [ 77.607116699218807, 21.542770385742131 ], [ 77.570999145507983, 21.562620162963867 ], [ 77.542182922363452, 21.701030731201172 ], [ 77.475471496582088, 21.771440505981502 ], [ 77.286239624023608, 21.762750625610295 ], [ 77.283149719238281, 21.724220275878906 ], [ 77.224601745605469, 21.717889785766715 ], [ 77.207420349121037, 21.694009780883846 ], [ 77.171447753906307, 21.727260589599723 ], [ 77.072326660156364, 21.722930908203352 ], [ 76.901123046875171, 21.600809097289982 ], [ 76.852149963378963, 21.615030288696516 ], [ 76.833549499512003, 21.5930690765382 ], [ 76.795349121093807, 21.597539901733398 ], [ 76.787826538086108, 21.540130615234375 ], [ 76.762931823730526, 21.522649765014762 ], [ 76.791801452636662, 21.489891052246207 ], [ 76.784187316894531, 21.466489791870117 ], [ 76.624526977539006, 21.335100173950309 ], [ 76.661071777343807, 21.282421112060604 ], [ 76.623367309570597, 21.192659378051758 ], [ 76.487373352051065, 21.196060180664062 ], [ 76.452690124511719, 21.114868164062727 ], [ 76.376373291015909, 21.077310562133789 ], [ 76.172637939453409, 21.084600448608398 ], [ 76.113960266113452, 21.164640426635856 ], [ 76.172721862793139, 21.188289642333928 ], [ 76.098670959472599, 21.373928070068359 ], [ 76.052375793457202, 21.352701187133789 ], [ 75.968742370605753, 21.393970489501953 ], [ 75.888107299804631, 21.399629592895508 ], [ 75.673416137695369, 21.380350112915039 ], [ 75.608917236328296, 21.395000457763786 ], [ 75.548149108886776, 21.372489929199219 ], [ 75.219856262207088, 21.410869598388786 ], [ 75.115097045898608, 21.459560394287109 ], [ 75.057746887207088, 21.564939498901424 ], [ 74.901878356933594, 21.630229949951115 ], [ 74.789062500000284, 21.610860824584961 ], [ 74.558876037597599, 21.682081222534237 ], [ 74.552375793457315, 21.718399047851676 ], [ 74.511222839355639, 21.726749420165959 ], [ 74.527496337890682, 21.908781051635742 ], [ 74.448638916015625, 21.971130371093864 ], [ 74.446037292480526, 22.026519775390625 ], [ 74.388313293457315, 22.020179748535099 ], [ 74.354637145996264, 21.979198455810604 ], [ 74.302040100097713, 21.967439651489258 ], [ 74.28971099853544, 21.935791015625227 ], [ 74.200637817383097, 21.925649642944393 ], [ 74.146018981933651, 21.954059600830192 ], [ 74.153846740722713, 21.986419677734318 ], [ 74.097702026367358, 22.015459060668888 ], [ 74.180709838867188, 22.086601257324219 ], [ 74.130271911621378, 22.097709655761776 ], [ 74.122779846191463, 22.212900161743164 ], [ 74.075782775879077, 22.221878051757869 ], [ 74.091583251953125, 22.243700027465877 ], [ 74.059150695800724, 22.285749435425032 ], [ 74.071983337402514, 22.360240936279297 ], [ 74.111961364746378, 22.371612548828182 ], [ 74.134292602539006, 22.332330703735352 ], [ 74.191062927246151, 22.321929931640568 ], [ 74.206802368164233, 22.367620468139762 ], [ 74.227043151855639, 22.358539581298885 ], [ 74.257987976074276, 22.400030136108512 ], [ 74.294181823730639, 22.394468307495345 ], [ 74.254020690918082, 22.433059692382869 ], [ 74.204612731933651, 22.437171936035156 ], [ 74.190826416015682, 22.477880477905387 ], [ 74.186676025390682, 22.44415092468256 ], [ 74.161071777343807, 22.432159423828239 ], [ 74.144248962402514, 22.456710815429744 ], [ 74.123001098633097, 22.420810699463004 ], [ 74.103347778320426, 22.467830657959041 ], [ 74.078086853027514, 22.465642929077262 ], [ 74.085266113281534, 22.508518218994254 ], [ 74.037086486816406, 22.491510391235465 ], [ 74.044639587402628, 22.542121887207088 ], [ 74.078056335449389, 22.551628112792969 ], [ 74.153320312500114, 22.517419815063533 ], [ 74.265357971191577, 22.644830703735408 ], [ 74.381088256836222, 22.638639450073356 ], [ 74.403076171875171, 22.730709075927791 ], [ 74.47891998291044, 22.858640670776367 ], [ 74.451477050781534, 22.923999786376953 ], [ 74.400382995605469, 22.899379730224553 ], [ 74.362022399902628, 22.933090209960938 ], [ 74.341636657714844, 22.964691162109489 ], [ 74.370796203613565, 22.98005294799799 ], [ 74.322776794433764, 23.062690734863395 ], [ 74.391189575195597, 23.11199951171875 ], [ 74.512283325195426, 23.088830947876204 ], [ 74.545700073242472, 23.13207054138195 ], [ 74.608062744140909, 23.144821166992188 ], [ 74.669158935547046, 23.201490402221737 ], [ 74.745697021484432, 23.21211051940918 ], [ 74.745796203613224, 23.232709884643555 ], [ 74.695007324218864, 23.223079681396484 ], [ 74.722152709960938, 23.242511749267521 ], [ 74.70114898681669, 23.272142410278377 ], [ 74.646247863769531, 23.259719848632926 ], [ 74.571922302246151, 23.300891876220703 ], [ 74.553466796875057, 23.282520294189567 ], [ 74.518302917480639, 23.328729629516602 ], [ 74.61338043212919, 23.461360931396541 ], [ 74.733657836914119, 23.500520706176701 ], [ 74.785011291503963, 23.548030853271598 ], [ 74.802886962890625, 23.534051895141715 ], [ 74.845420837402344, 23.554170608520508 ], [ 74.906028747558594, 23.622951507568416 ], [ 74.939720153808707, 23.630371093749943 ], [ 74.907623291015682, 23.682830810546818 ], [ 74.940567016601733, 23.734870910644645 ], [ 74.905677795410327, 23.873910903930721 ], [ 74.921310424804858, 23.935712814331055 ], [ 74.992988586425724, 24.029701232910213 ], [ 74.881126403808651, 24.213502883911076 ], [ 74.905853271484546, 24.233720779418888 ], [ 74.894287109375057, 24.261680603027457 ], [ 74.869720458984489, 24.280708312988338 ], [ 74.752807617187784, 24.282659530639648 ], [ 74.858131408691349, 24.467332839965934 ], [ 74.818267822265568, 24.461950302124023 ], [ 74.816841125488338, 24.491170883178711 ], [ 74.711936950683651, 24.510940551757926 ], [ 74.756752014160213, 24.554620742797908 ], [ 74.747970581054744, 24.596809387207145 ], [ 74.790122985839901, 24.610759735107649 ], [ 74.783447265625057, 24.636760711670036 ], [ 74.817108154297159, 24.671670913696289 ], [ 74.775276184082088, 24.68773078918457 ], [ 74.799316406250057, 24.79564094543457 ], [ 74.892852783203068, 24.655349731445426 ], [ 74.942855834961108, 24.660390853882063 ], [ 74.962165832519588, 24.70084190368658 ], [ 74.999893188476733, 24.708488464355526 ], [ 74.993431091308594, 24.752729415893612 ], [ 75.020233154297159, 24.752767562866325 ], [ 75.021377563476847, 24.772859573364315 ], [ 75.00705718994169, 24.796060562133789 ], [ 74.916946411132812, 24.787181854248274 ], [ 74.878051757812557, 24.813180923461914 ], [ 74.848892211914119, 24.792659759521484 ], [ 74.832710266113395, 24.967451095581112 ], [ 74.853202819824389, 24.974720001220817 ], [ 74.867202758789119, 24.936941146850643 ], [ 74.900543212890625, 24.939741134643555 ], [ 74.944808959960994, 24.877910614013672 ], [ 75.043388366699389, 24.859228134155217 ], [ 75.056343078613452, 24.881940841674805 ], [ 75.118865966796818, 24.889039993286246 ], [ 75.115707397460994, 24.965391159057674 ], [ 75.164398193359489, 24.991661071777344 ], [ 75.159126281738281, 25.04547119140625 ], [ 75.345588684082088, 25.042800903320312 ], [ 75.351547241211222, 25.025159835815373 ], [ 75.318946838378849, 25.006509780883846 ], [ 75.337486267090014, 24.963100433349723 ], [ 75.313873291015682, 24.900440216064453 ], [ 75.275901794433764, 24.976730346679801 ], [ 75.293083190918026, 24.923179626464787 ], [ 75.261451721191463, 24.889659881591911 ], [ 75.311302185058878, 24.869459152221737 ], [ 75.424217224121378, 24.8927516937257 ], [ 75.417098999023494, 24.863901138305607 ], [ 75.305732727050895, 24.813329696655273 ], [ 75.278938293457202, 24.853490829467887 ], [ 75.227386474609659, 24.859149932861442 ], [ 75.249946594238452, 24.895690917968864 ], [ 75.208190917968921, 24.909999847412166 ], [ 75.201316833496264, 24.884201049804744 ], [ 75.227737426758097, 24.847759246826172 ], [ 75.251922607421932, 24.837169647216854 ], [ 75.185516357421932, 24.768051147461051 ], [ 75.216949462890796, 24.722410202026424 ], [ 75.267242431640909, 24.732719421386776 ], [ 75.451896667480412, 24.693218231201286 ], [ 75.581901550293026, 24.722700119018555 ], [ 75.613327026367244, 24.688421249389705 ], [ 75.75968170166027, 24.764799118042106 ], [ 75.838752746582202, 24.72986984252924 ], [ 75.827140808105526, 24.671501159668196 ], [ 75.848808288574162, 24.653060913086051 ], [ 75.828147888183651, 24.613349914550838 ], [ 75.917396545410213, 24.571479797363281 ], [ 75.925041198730526, 24.533399581909293 ], [ 75.891052246093807, 24.509588241577262 ], [ 75.908996582031307, 24.456140518188477 ], [ 75.847251892090128, 24.418970108032227 ], [ 75.791130065918026, 24.475202560424862 ], [ 75.755279541015682, 24.409309387207145 ], [ 75.726882934570426, 24.405279159545842 ], [ 75.737922668457088, 24.347970962524357 ], [ 75.765090942382812, 24.31065940856945 ], [ 75.811203002929972, 24.303449630737305 ], [ 75.826881408691349, 24.246410369873047 ], [ 75.773506164550952, 24.220891952514648 ], [ 75.743492126465128, 24.13960075378418 ], [ 75.812187194824162, 24.102870941162223 ], [ 75.83579254150402, 24.111351013183707 ], [ 75.833763122558594, 24.075429916381893 ], [ 75.779617309570483, 24.062080383300838 ], [ 75.762039184570312, 23.997951507568416 ], [ 75.700408935547159, 23.969060897827092 ], [ 75.669197082519702, 24.033542633056641 ], [ 75.634742736816463, 23.99983024597168 ], [ 75.58383941650419, 23.991920471191634 ], [ 75.514381408691463, 24.048732757568473 ], [ 75.464767456054744, 23.980728149414176 ], [ 75.456497192382983, 23.920740127563477 ], [ 75.560623168945312, 23.859951019287109 ], [ 75.576179504394588, 23.841510772705135 ], [ 75.556060791015796, 23.825931549072379 ], [ 75.582527160644815, 23.800359725952205 ], [ 75.651832580566577, 23.801948547363509 ], [ 75.684478759765682, 23.760568618774414 ], [ 75.687400817871207, 23.819250106811751 ], [ 75.717849731445369, 23.819032669067496 ], [ 75.729110717773494, 23.858209609985352 ], [ 75.698127746581974, 23.877107620239258 ], [ 75.702331542968693, 23.904050827026367 ], [ 75.777061462402628, 23.853870391845703 ], [ 75.975822448730753, 23.932939529418945 ], [ 75.96018218994169, 24.025369644165096 ], [ 76.134696960449503, 24.095289230346793 ], [ 76.121322631836051, 24.196390151977539 ], [ 76.154457092285213, 24.243761062622127 ], [ 76.143013000488338, 24.285289764404297 ], [ 76.185485839843921, 24.331510543823242 ], [ 76.215568542480753, 24.216808319091797 ], [ 76.282775878906421, 24.21571159362793 ], [ 76.326896667480526, 24.253618240356445 ], [ 76.414436340332088, 24.207420349121151 ], [ 76.469947814941463, 24.231399536132812 ], [ 76.531433105469034, 24.163469314575309 ], [ 76.579727172851562, 24.180679321289062 ], [ 76.56577301025419, 24.200799942016658 ], [ 76.59738922119152, 24.22991943359375 ], [ 76.588020324707088, 24.24955940246582 ], [ 76.613952636718807, 24.242179870605526 ], [ 76.616348266601562, 24.262840270996037 ], [ 76.692962646484659, 24.285049438476619 ], [ 76.702499389648722, 24.248800277710018 ], [ 76.674209594726619, 24.193429946899528 ], [ 76.701141357421932, 24.171440124511832 ], [ 76.754997253417912, 24.172090530395621 ], [ 76.801116943359659, 24.120340347290096 ], [ 76.89994049072294, 24.131111145019531 ], [ 76.916137695312784, 24.188720703125 ], [ 76.944442749023608, 24.206291198730526 ], [ 76.874198913574162, 24.271089553832951 ], [ 76.840179443359432, 24.338720321655217 ], [ 76.851325988769531, 24.469108581543026 ], [ 76.814590454101619, 24.534370422363509 ], [ 76.866203308105469, 24.549360275268612 ], [ 76.879547119140568, 24.525310516357649 ], [ 76.912872314453239, 24.543569564819279 ], [ 76.914649963378906, 24.487659454345703 ], [ 76.965316772461051, 24.460861206054688 ], [ 77.050308227539233, 24.526531219482365 ], [ 77.064697265625114, 24.569910049438533 ], [ 77.026657104492358, 24.710920333862362 ], [ 76.971977233886776, 24.731670379638729 ], [ 76.951736450195369, 24.765460968017635 ], [ 76.847297668457315, 24.750400543212947 ], [ 76.801582336425952, 24.819839477539062 ], [ 76.948921203613395, 24.872869491577376 ], [ 76.91385650634794, 24.887880325317496 ], [ 76.920867919921932, 24.916780471801758 ], [ 76.891227722168139, 24.91967964172369 ], [ 76.85434722900419, 25.010311126708984 ], [ 76.993728637695369, 25.079950332641715 ], [ 77.114456176757869, 25.069089889526367 ], [ 77.169578552246151, 25.113719940185774 ], [ 77.262260437011776, 25.119260787963867 ], [ 77.302856445312557, 25.083869934082259 ], [ 77.398529052734318, 25.11327171325695 ], [ 77.390708923339787, 25.188190460205021 ], [ 77.417991638183537, 25.193029403686523 ], [ 77.349662780762003, 25.271770477294922 ], [ 77.371788024902628, 25.320220947265682 ], [ 77.336418151855469, 25.325580596923828 ], [ 77.361343383789006, 25.412960052490291 ], [ 77.305297851562671, 25.436410903930721 ], [ 77.282981872558764, 25.423589706421012 ], [ 77.220260620117188, 25.373428344726619 ], [ 77.205146789550781, 25.311429977417106 ], [ 77.075469970703296, 25.339691162109489 ], [ 76.941825866699276, 25.275360107421932 ], [ 76.89322662353527, 25.32240104675293 ], [ 76.770095825195483, 25.312191009521484 ], [ 76.766731262207088, 25.336231231689453 ], [ 76.681076049804744, 25.345479965209961 ], [ 76.602546691894645, 25.388980865478572 ], [ 76.564277648925781, 25.442401885986442 ], [ 76.520309448242244, 25.529930114746094 ], [ 76.510803222656364, 25.67283821105957 ], [ 76.477783203125057, 25.695060729980582 ], [ 76.482391357422159, 25.718130111694336 ], [ 76.530616760253963, 25.733970642089957 ], [ 76.529312133789347, 25.797971725463981 ], [ 76.592727661132983, 25.874168395996037 ], [ 76.626602172851847, 25.870870590210075 ], [ 76.646125793457202, 25.90885162353527 ], [ 76.745468139648438, 25.909231185913029 ], [ 76.755912780762003, 25.941690444946403 ], [ 76.806312561035156, 25.95297813415533 ], [ 76.830406188964901, 26.029590606689453 ], [ 76.887779235840014, 26.093322753906193 ], [ 76.986038208007812, 26.132352828979606 ], [ 77.034736633300838, 26.181930541992415 ], [ 77.091682434082202, 26.190879821777401 ], [ 77.124031066894815, 26.23795127868658 ], [ 77.203109741210994, 26.237400054931754 ], [ 77.289947509765739, 26.295591354370174 ], [ 77.334671020507983, 26.357231140136776 ], [ 77.436767578125057, 26.36814117431652 ], [ 77.427719116210881, 26.40690994262718 ], [ 77.522880554199503, 26.414911270141715 ], [ 77.667686462402514, 26.508310317993221 ], [ 77.713981628418253, 26.504249572753963 ], [ 77.744346618652344, 26.545249938964844 ], [ 77.812995910644474, 26.554809570312557 ], [ 77.82041168212919, 26.599838256836165 ], [ 77.879386901855469, 26.620290756225529 ], [ 77.894577026367301, 26.662210464477539 ], [ 77.947891235351733, 26.665040969848633 ], [ 77.992218017578182, 26.702640533447209 ], [ 78.085739135742472, 26.683050155639648 ], [ 78.08914947509794, 26.73810958862299 ], [ 78.116058349609659, 26.754619598388899 ], [ 78.095680236816406, 26.771799087524528 ], [ 78.105522155761776, 26.800752639770565 ], [ 78.176116943359659, 26.791492462158317 ], [ 78.167572021484318, 26.831951141357365 ], [ 78.260887145996264, 26.820949554443359 ], [ 78.282066345215014, 26.86408805847168 ], [ 78.364646911621264, 26.868841171264648 ] ] ] } },
{ "type": "Feature", "properties": { "ID_0": 105, "ISO": "IND", "NAME_0": "India", "ID_1": 21, "NAME_1": "Maharashtra" }, "geometry": { "type": "MultiPolygon", "coordinates": [ [ [ [ 73.454582214355469, 15.888474464416447 ], [ 73.456802368164006, 15.888751983642749 ], [ 73.456802368164006, 15.887081146240234 ], [ 73.454582214355469, 15.888474464416447 ] ] ], [ [ [ 73.46152496337919, 15.88902664184593 ], [ 73.464302062988452, 15.889583587646541 ], [ 73.464302062988452, 15.886804580688477 ], [ 73.46152496337919, 15.88902664184593 ] ] ], [ [ [ 73.465141296386832, 15.894862174987793 ], [ 73.467636108398722, 15.894583702087402 ], [ 73.467361450195312, 15.893471717834473 ], [ 73.465141296386832, 15.894862174987793 ] ] ], [ [ [ 73.457077026367244, 16.04071044921875 ], [ 73.462356567382983, 16.044309616089095 ], [ 73.461250305175952, 16.038751602172965 ], [ 73.457077026367244, 16.04071044921875 ] ] ], [ [ [ 73.442359924316577, 16.100971221924112 ], [ 73.444313049316463, 16.10153007507347 ], [ 73.443748474121151, 16.099580764770792 ], [ 73.442359924316577, 16.100971221924112 ] ] ], [ [ [ 73.082359313965128, 17.818201065063477 ], [ 73.08597564697294, 17.816528320312784 ], [ 73.083457946777401, 17.814029693603686 ], [ 73.082359313965128, 17.818201065063477 ] ] ], [ [ [ 73.036796569824503, 18.051811218261719 ], [ 73.038749694824389, 18.050140380859602 ], [ 73.036529541015682, 18.050689697265682 ], [ 73.036796569824503, 18.051811218261719 ] ] ], [ [ [ 72.962905883789119, 18.300680160522461 ], [ 72.967086791992244, 18.299304962158203 ], [ 72.963470458984432, 18.298469543457088 ], [ 72.962905883789119, 18.300680160522461 ] ] ], [ [ [ 73.075691223144815, 18.307920455932617 ], [ 73.079307556152628, 18.306249618530501 ], [ 73.076248168945597, 18.304861068725586 ], [ 73.075691223144815, 18.307920455932617 ] ] ], [ [ [ 73.081253051757756, 18.321527481079272 ], [ 73.082084655761776, 18.319026947021769 ], [ 73.080413818359432, 18.319026947021769 ], [ 73.081253051757756, 18.321527481079272 ] ] ], [ [ [ 72.864303588867244, 18.635694503784464 ], [ 72.865417480468807, 18.634027481079329 ], [ 72.863471984863452, 18.63264083862299 ], [ 72.864303588867244, 18.635694503784464 ] ] ], [ [ [ 72.812637329101676, 18.702360153198242 ], [ 72.814857482910156, 18.704584121704329 ], [ 72.815139770508097, 18.702920913696573 ], [ 72.812637329101676, 18.702360153198242 ] ] ], [ [ [ 72.841804504394588, 18.708194732666186 ], [ 72.842636108398381, 18.706251144409237 ], [ 72.841247558593864, 18.705141067504883 ], [ 72.841804504394588, 18.708194732666186 ] ] ], [ [ [ 72.898750305175952, 18.940969467163086 ], [ 72.908470153808764, 18.959583282470874 ], [ 72.908752441406307, 18.953191757202148 ], [ 72.898750305175952, 18.940969467163086 ] ] ], [ [ [ 72.924308776855639, 18.963472366333292 ], [ 72.942092895507869, 18.965690612793026 ], [ 72.934028625488452, 18.952079772949219 ], [ 72.924308776855639, 18.963472366333292 ] ] ], [ [ [ 73.025695800781364, 18.997360229492244 ], [ 73.028198242187784, 18.998750686645621 ], [ 73.028472900390796, 18.992916107177848 ], [ 73.025695800781364, 18.997360229492244 ] ] ], [ [ [ 72.780418395996378, 19.132917404174862 ], [ 72.783470153808878, 19.134860992431641 ], [ 72.783470153808878, 19.132360458374137 ], [ 72.780418395996378, 19.132917404174862 ] ] ], [ [ [ 72.726249694824503, 19.46708106994646 ], [ 72.736526489257869, 19.465696334838867 ], [ 72.732917785644815, 19.457361221313477 ], [ 72.726249694824503, 19.46708106994646 ] ] ], [ [ [ 74.435546875000057, 22.030998229980526 ], [ 74.448638916015625, 21.971130371093864 ], [ 74.527496337890682, 21.908781051635742 ], [ 74.503646850585994, 21.807182312011719 ], [ 74.511756896972599, 21.724950790405273 ], [ 74.551719665527401, 21.718948364257869 ], [ 74.557296752929801, 21.683532714843693 ], [ 74.590553283691406, 21.66415977478033 ], [ 74.793083190918253, 21.610338211059513 ], [ 74.901878356933594, 21.630229949951115 ], [ 75.057746887207088, 21.564939498901424 ], [ 75.122978210449276, 21.45333290100109 ], [ 75.219856262207088, 21.410869598388786 ], [ 75.299629211425895, 21.41566085815424 ], [ 75.301902770996151, 21.389249801635742 ], [ 75.361381530761776, 21.403230667114258 ], [ 75.548149108886776, 21.372489929199219 ], [ 75.608917236328296, 21.395000457763786 ], [ 75.959396362304972, 21.39619064331049 ], [ 76.052375793457202, 21.352701187133789 ], [ 76.098670959472599, 21.373928070068359 ], [ 76.172721862793139, 21.188289642333928 ], [ 76.166847229003963, 21.170721054077205 ], [ 76.114318847656193, 21.17045974731451 ], [ 76.135665893554972, 21.126211166381836 ], [ 76.168647766113565, 21.085821151733455 ], [ 76.262107849121378, 21.094701766967717 ], [ 76.281768798828409, 21.075309753417969 ], [ 76.376373291015909, 21.077310562133789 ], [ 76.452690124511719, 21.114868164062727 ], [ 76.491172790527628, 21.197820663452205 ], [ 76.623367309570597, 21.192659378051758 ], [ 76.661071777343807, 21.282421112060604 ], [ 76.624526977539006, 21.335100173950309 ], [ 76.784187316894531, 21.466489791870117 ], [ 76.791801452636662, 21.489891052246207 ], [ 76.762931823730526, 21.522649765014762 ], [ 76.787826538086108, 21.540130615234375 ], [ 76.795349121093807, 21.597539901733398 ], [ 76.833549499512003, 21.5930690765382 ], [ 76.852149963378963, 21.615030288696516 ], [ 76.901123046875171, 21.600809097289982 ], [ 77.072326660156364, 21.722930908203352 ], [ 77.171447753906307, 21.727260589599723 ], [ 77.207420349121037, 21.694009780883846 ], [ 77.224601745605469, 21.717889785766715 ], [ 77.283149719238281, 21.724220275878906 ], [ 77.286239624023608, 21.762750625610295 ], [ 77.475471496582088, 21.771440505981502 ], [ 77.542182922363452, 21.701030731201172 ], [ 77.570999145507983, 21.562620162963867 ], [ 77.607116699218807, 21.542770385742131 ], [ 77.566986083984546, 21.529750823974609 ], [ 77.457511901855639, 21.556570053100813 ], [ 77.416969299316463, 21.533060073852653 ], [ 77.438308715820369, 21.472919464111328 ], [ 77.469306945800781, 21.456899642944279 ], [ 77.487022399902628, 21.377750396728516 ], [ 77.584442138671989, 21.364479064941406 ], [ 77.604812622070369, 21.366992950439567 ], [ 77.601547241210994, 21.393558502197266 ], [ 77.650970458984432, 21.393390655517578 ], [ 77.667221069336051, 21.371490478515568 ], [ 77.691131591796875, 21.397069931030273 ], [ 77.705245971679688, 21.359069824218864 ], [ 77.733879089355639, 21.364730834961165 ], [ 77.799369812011776, 21.412300109863395 ], [ 77.881866455078125, 21.377691268921012 ], [ 77.938781738281307, 21.386909484863395 ], [ 78.169342041015796, 21.498500823974609 ], [ 78.180946350097656, 21.558681488037223 ], [ 78.269256591796875, 21.570711135864258 ], [ 78.266120910644588, 21.594280242920149 ], [ 78.304107666015909, 21.571430206298942 ], [ 78.336776733398438, 21.590520858764876 ], [ 78.360961914062784, 21.578298568725643 ], [ 78.379516601562671, 21.61865043640131 ], [ 78.422561645508097, 21.601949691772518 ], [ 78.430099487304744, 21.501750946044979 ], [ 78.508560180664176, 21.528432846069279 ], [ 78.566528320312557, 21.515697479248274 ], [ 78.584869384765909, 21.486881256103572 ], [ 78.724189758300952, 21.46438026428234 ], [ 78.746482849121264, 21.493869781494141 ], [ 78.772186279297159, 21.467130661010799 ], [ 78.784622192382812, 21.489139556884766 ], [ 78.931831359863565, 21.487400054931641 ], [ 78.940643310546875, 21.513700485229606 ], [ 78.904426574707202, 21.554840087890625 ], [ 78.927825927734659, 21.560289382934798 ], [ 78.913238525390682, 21.59235954284668 ], [ 78.994445800781421, 21.618749618530501 ], [ 79.088088989257983, 21.599189758300895 ], [ 79.1478271484375, 21.660520553589095 ], [ 79.219902038574389, 21.650810241699276 ], [ 79.228691101074389, 21.723928451538029 ], [ 79.349021911621264, 21.678890228271484 ], [ 79.488578796387003, 21.674121856689453 ], [ 79.536621093750114, 21.544218063354606 ], [ 79.647476196289347, 21.557172775268668 ], [ 79.732620239257812, 21.602529525757063 ], [ 79.857078552246378, 21.53092193603527 ], [ 79.915817260742472, 21.524480819702148 ], [ 79.936386108398494, 21.556800842285384 ], [ 79.993553161621151, 21.534711837768498 ], [ 80.063568115234432, 21.554580688476676 ], [ 80.114936828613565, 21.607009887695426 ], [ 80.188217163085881, 21.634201049804688 ], [ 80.260223388671932, 21.620149612426815 ], [ 80.370613098144702, 21.520969390869141 ], [ 80.411308288574276, 21.438201904296989 ], [ 80.389076232910156, 21.407379150390625 ], [ 80.403366088867131, 21.37648963928234 ], [ 80.440406799316577, 21.372100830078125 ], [ 80.448318481445369, 21.402330398559627 ], [ 80.511405944824276, 21.391860961914176 ], [ 80.593162536621094, 21.324790954589844 ], [ 80.656532287597827, 21.330772399902401 ], [ 80.673789978027628, 21.30908012390131 ], [ 80.603446960449162, 21.227422714233512 ], [ 80.457298278808707, 21.172840118408146 ], [ 80.433319091796818, 21.097150802612418 ], [ 80.447341918945369, 21.03662109375 ], [ 80.423759460449503, 21.009590148926009 ], [ 80.455558776855526, 20.932109832763786 ], [ 80.541839599609318, 20.933919906616211 ], [ 80.5455322265625, 20.76536941528326 ], [ 80.580116271972713, 20.683641433715877 ], [ 80.507606506347713, 20.654600143432674 ], [ 80.481597900390796, 20.617099761962891 ], [ 80.511901855468693, 20.585119247436523 ], [ 80.567306518554744, 20.612407684326229 ], [ 80.622322082519815, 20.603862762451286 ], [ 80.586021423339901, 20.395610809326115 ], [ 80.617767333984375, 20.33368110656744 ], [ 80.542022705078409, 20.30684852600109 ], [ 80.510826110839901, 20.269611358642635 ], [ 80.382957458496037, 20.241720199584904 ], [ 80.413986206054744, 20.190231323242301 ], [ 80.393836975097599, 20.144020080566463 ], [ 80.498031616211108, 20.138919830322266 ], [ 80.540367126465014, 20.109832763671875 ], [ 80.546157836914119, 20.065710067749023 ], [ 80.520378112793026, 19.930879592895621 ], [ 80.443702697753963, 19.952671051025504 ], [ 80.406295776367188, 19.932500839233512 ], [ 80.407676696777401, 19.905902862549055 ], [ 80.482650756835994, 19.898899078369254 ], [ 80.497520446777401, 19.868749618530501 ], [ 80.431655883789233, 19.810300827026367 ], [ 80.397529602050838, 19.816230773925895 ], [ 80.394706726074276, 19.794578552246151 ], [ 80.478088378906364, 19.772409439087028 ], [ 80.469161987304972, 19.824661254882812 ], [ 80.542427062988281, 19.819271087646484 ], [ 80.539672851562557, 19.77459907531744 ], [ 80.665840148925781, 19.692211151123047 ], [ 80.656852722167912, 19.612260818481445 ], [ 80.827606201172046, 19.562671661376896 ], [ 80.879051208496378, 19.519029617309627 ], [ 80.892066955566577, 19.465681076049805 ], [ 80.787933349609546, 19.426700592041016 ], [ 80.845008850097713, 19.360910415649471 ], [ 80.749237060546875, 19.286741256713867 ], [ 80.688606262207088, 19.283489227294922 ], [ 80.671890258789347, 19.326448440551871 ], [ 80.610153198242358, 19.307140350341797 ], [ 80.567817687988452, 19.400920867919865 ], [ 80.475585937500057, 19.335042953491211 ], [ 80.445426940918026, 19.269889831543196 ], [ 80.379180908203296, 19.232610702514648 ], [ 80.386672973632869, 19.189020156860352 ], [ 80.324851989746094, 19.141532897949446 ], [ 80.322113037109318, 19.074871063232649 ], [ 80.267723083496378, 18.98732948303234 ], [ 80.267639160156307, 18.928789138794059 ], [ 80.335731506347713, 18.856119155883903 ], [ 80.346221923828182, 18.811080932617131 ], [ 80.242156982422159, 18.759748458862305 ], [ 80.267539978027628, 18.71796989440918 ], [ 80.246665954589901, 18.701320648193359 ], [ 80.110816955566577, 18.676189422607422 ], [ 80.012351989746378, 18.766759872436637 ], [ 79.931991577148494, 18.784429550171126 ], [ 79.894012451171932, 18.830839157104606 ], [ 79.939002990722713, 18.858892440795842 ], [ 79.93448638916027, 19.021699905395451 ], [ 79.916107177734375, 19.047359466552734 ], [ 79.859588623046818, 19.034629821777344 ], [ 79.858047485351847, 19.104110717773438 ], [ 79.943206787109432, 19.170600891113224 ], [ 79.920166015625057, 19.226409912109602 ], [ 79.961776733398722, 19.297491073608455 ], [ 79.973052978515909, 19.401020050049055 ], [ 79.940208435058707, 19.464509963989315 ], [ 79.828216552734432, 19.537010192871037 ], [ 79.785423278808764, 19.593589782714901 ], [ 79.740325927734489, 19.603139877319279 ], [ 79.639717102050952, 19.57500076293951 ], [ 79.598052978515909, 19.503770828247127 ], [ 79.552497863769474, 19.520042419433537 ], [ 79.542655944824276, 19.54852294921875 ], [ 79.470420837402401, 19.497451782226619 ], [ 79.369026184082031, 19.571231842041129 ], [ 79.314262390137003, 19.565521240234432 ], [ 79.304840087890682, 19.590150833129883 ], [ 79.243865966797159, 19.612552642822493 ], [ 79.236633300781534, 19.526798248290959 ], [ 79.206848144531534, 19.491670608520451 ], [ 79.222938537597827, 19.467790603637809 ], [ 79.177787780761776, 19.460691452026367 ], [ 79.102867126464901, 19.527950286865178 ], [ 78.992858886719034, 19.562040328979549 ], [ 78.954551696777287, 19.551830291748047 ], [ 78.980529785156421, 19.585081100463867 ], [ 78.968955993652401, 19.649232864379883 ], [ 78.915908813476619, 19.667730331420955 ], [ 78.858802795410099, 19.656311035156307 ], [ 78.845626831054972, 19.758350372314396 ], [ 78.784866333007869, 19.778749465942383 ], [ 78.716445922851619, 19.766799926757926 ], [ 78.603652954101733, 19.817501068115234 ], [ 78.526268005371151, 19.821659088134879 ], [ 78.493919372558537, 19.793149948120117 ], [ 78.397659301757983, 19.836402893066463 ], [ 78.384147644043026, 19.879222869873104 ], [ 78.336250305175781, 19.883190155029354 ], [ 78.335105895996094, 19.910110473632812 ], [ 78.310195922851676, 19.912740707397461 ], [ 78.294128417968807, 19.849550247192383 ], [ 78.338996887207145, 19.839179992675781 ], [ 78.367736816406307, 19.781080245971793 ], [ 78.345275878906307, 19.713569641113338 ], [ 78.269721984863338, 19.663129806518612 ], [ 78.310989379883097, 19.604179382324219 ], [ 78.311149597168082, 19.571769714355469 ], [ 78.279106140136832, 19.558200836181697 ], [ 78.308891296387003, 19.456409454345817 ], [ 78.182167053222713, 19.411769866943473 ], [ 78.197151184082031, 19.331729888916016 ], [ 78.170059204101506, 19.236330032348633 ], [ 78.051132202148494, 19.241760253906193 ], [ 78.045745849609546, 19.27086067199707 ], [ 77.948921203613338, 19.341279983520735 ], [ 77.860877990722599, 19.302129745483512 ], [ 77.905708312988281, 19.267219543457259 ], [ 77.867385864257983, 19.255260467529297 ], [ 77.846549987793253, 19.196979522705192 ], [ 77.858390808105412, 19.180772781372013 ], [ 77.83109283447294, 19.135652542114315 ], [ 77.848136901855639, 19.090080261230582 ], [ 77.80265045166027, 19.101961135864371 ], [ 77.79718017578125, 19.051309585571289 ], [ 77.761688232421818, 19.062040328979435 ], [ 77.757392883300838, 19.028551101684513 ], [ 77.767356872558707, 18.981420516967773 ], [ 77.817138671875114, 18.982370376587028 ], [ 77.812690734863338, 18.949459075927678 ], [ 77.853729248046932, 18.952278137207031 ], [ 77.840499877929858, 18.911300659179744 ], [ 77.881576538085994, 18.908531188964787 ], [ 77.942550659179858, 18.822290420532454 ], [ 77.837463378906421, 18.807460784912337 ], [ 77.786437988281364, 18.684120178222713 ], [ 77.757629394531364, 18.707090377807617 ], [ 77.732856750488565, 18.676000595092773 ], [ 77.736511230468693, 18.554809570312557 ], [ 77.657569885253906, 18.527200698852596 ], [ 77.648811340332202, 18.552619934081974 ], [ 77.59726715087919, 18.547540664672852 ], [ 77.601066589355753, 18.474210739135742 ], [ 77.546195983886889, 18.463382720947322 ], [ 77.585212707519645, 18.445449829101562 ], [ 77.525939941406193, 18.427350997924862 ], [ 77.555206298828182, 18.417852401733455 ], [ 77.519500732422046, 18.349252700805721 ], [ 77.570228576660327, 18.308179855346737 ], [ 77.549957275390909, 18.291349411010799 ], [ 77.509506225586222, 18.306730270385685 ], [ 77.510208129882869, 18.278440475463981 ], [ 77.465393066406307, 18.259960174560547 ], [ 77.436370849609432, 18.306491851806584 ], [ 77.362525939941577, 18.308290481567496 ], [ 77.410110473632926, 18.388530731201172 ], [ 77.3697509765625, 18.400709152221793 ], [ 77.369628906250057, 18.447650909423828 ], [ 77.342079162597599, 18.430290222168026 ], [ 77.317413330078239, 18.453790664673079 ], [ 77.240226745605412, 18.408647537231559 ], [ 77.245033264160327, 18.370588302612418 ], [ 77.195411682128906, 18.312709808349666 ], [ 77.206176757812557, 18.277959823608398 ], [ 77.170532226562557, 18.280870437622013 ], [ 77.149986267090128, 18.216560363769474 ], [ 77.095542907714901, 18.195100784301758 ], [ 77.108886718750057, 18.152690887451229 ], [ 76.954109191894815, 18.184890747070256 ], [ 76.922561645507869, 18.116109848022518 ], [ 76.968276977539233, 18.097110748291016 ], [ 76.947029113769815, 18.073760986328125 ], [ 76.954643249511832, 18.039680480957088 ], [ 76.917716979980639, 18.033229827880859 ], [ 76.916442871093807, 17.9150905609132 ], [ 76.802803039550838, 17.868320465088004 ], [ 76.740676879883097, 17.898010253906364 ], [ 76.737457275390625, 17.857059478759879 ], [ 76.788169860840128, 17.826471328735408 ], [ 76.762756347656364, 17.787109375000057 ], [ 76.715705871581974, 17.781919479370345 ], [ 76.727607727050838, 17.736999511718864 ], [ 76.698150634765568, 17.726039886474723 ], [ 76.690551757812671, 17.679952621460075 ], [ 76.663139343261776, 17.687860488891715 ], [ 76.614448547363452, 17.76831245422369 ], [ 76.573226928710881, 17.702169418335018 ], [ 76.573303222656307, 17.760000228881893 ], [ 76.523696899414062, 17.758890151977539 ], [ 76.523635864257756, 17.715230941772575 ], [ 76.486366271972713, 17.713520050048828 ], [ 76.489295959472599, 17.660669326782227 ], [ 76.428726196289119, 17.644411087036133 ], [ 76.415672302246037, 17.604200363159293 ], [ 76.331672668457088, 17.594869613647575 ], [ 76.366127014160327, 17.522172927856445 ], [ 76.343482971191463, 17.494350433349609 ], [ 76.37503814697294, 17.493520736694393 ], [ 76.330802917480412, 17.468818664550895 ], [ 76.333656311035099, 17.432292938232536 ], [ 76.373176574707202, 17.434419631958008 ], [ 76.361999511718807, 17.375080108642692 ], [ 76.408065795898438, 17.369289398193416 ], [ 76.381706237793253, 17.311809539794865 ], [ 76.352272033691463, 17.310590744018612 ], [ 76.343612670898608, 17.349931716918945 ], [ 76.27587890625, 17.330530166626033 ], [ 76.24436187744169, 17.374679565429688 ], [ 76.172332763672046, 17.348730087280273 ], [ 76.175758361816577, 17.297210693359318 ], [ 76.163146972656193, 17.340909957885742 ], [ 76.121208190918139, 17.366340637207088 ], [ 76.078742980957088, 17.330070495605469 ], [ 76.054527282714901, 17.354299545288313 ], [ 75.931152343750114, 17.32411003112793 ], [ 75.893661499023608, 17.353620529174748 ], [ 75.887237548828182, 17.417329788208235 ], [ 75.861968994140568, 17.385850906372127 ], [ 75.824722290039176, 17.42284965515131 ], [ 75.802337646484375, 17.370101928710938 ], [ 75.737037658691349, 17.421899795532283 ], [ 75.691192626953182, 17.41261100769043 ], [ 75.677558898925952, 17.457971572876033 ], [ 75.635589599609375, 17.477510452270451 ], [ 75.615806579589901, 17.391859054565487 ], [ 75.578536987304631, 17.382930755615348 ], [ 75.584831237792912, 17.34977912902832 ], [ 75.613105773925952, 17.342290878295955 ], [ 75.605957031250114, 17.30326080322277 ], [ 75.659889221191463, 17.261440277099553 ], [ 75.662117004394702, 17.208330154419059 ], [ 75.628021240234432, 17.170120239257869 ], [ 75.678489685058537, 17.094171524047852 ], [ 75.678405761718807, 17.062860488891602 ], [ 75.643753051758097, 17.036399841308651 ], [ 75.672241210937671, 17.03573036193859 ], [ 75.674606323242244, 16.960269927978459 ], [ 75.645027160644588, 16.951032638549805 ], [ 75.610656738281307, 16.969619750976619 ], [ 75.609519958496151, 17.003110885620117 ], [ 75.575798034668026, 17.007799148559627 ], [ 75.570343017578068, 16.963621139526367 ], [ 75.492492675781534, 16.942899703979549 ], [ 75.467910766601506, 16.985330581665096 ], [ 75.431022644043026, 16.963460922241268 ], [ 75.394760131835994, 16.97639274597168 ], [ 75.288436889648381, 16.954772949218807 ], [ 75.28277587890625, 16.874240875244254 ], [ 75.215858459472713, 16.840339660644588 ], [ 75.183197021484546, 16.842041015625057 ], [ 75.189659118652514, 16.873500823974553 ], [ 75.141128540039176, 16.873540878295842 ], [ 75.090415954590128, 16.948650360107365 ], [ 75.031906127929688, 16.925670623779524 ], [ 75.030296325683651, 16.941530227661076 ], [ 74.93839263916044, 16.940990447998161 ], [ 74.927032470703296, 16.925622940063704 ], [ 74.967262268066577, 16.905380249023494 ], [ 74.964096069335994, 16.87788009643549 ], [ 74.911956787109546, 16.855939865112418 ], [ 74.923820495605526, 16.769950866699276 ], [ 74.854972839355526, 16.770769119262752 ], [ 74.698196411132869, 16.71520042419445 ], [ 74.696105957031307, 16.674980163574332 ], [ 74.660507202148722, 16.637580871582088 ], [ 74.690376281738338, 16.604459762573242 ], [ 74.642807006835938, 16.606771469116211 ], [ 74.636367797851733, 16.575740814209098 ], [ 74.574050903320369, 16.551969528198185 ], [ 74.551437377929631, 16.633211135864315 ], [ 74.498008728027628, 16.626640319824219 ], [ 74.477386474609659, 16.660779953003157 ], [ 74.472457885742472, 16.60481071472168 ], [ 74.403480529785327, 16.578670501708984 ], [ 74.389923095703296, 16.527900695800838 ], [ 74.365615844726847, 16.557069778442383 ], [ 74.329406738281534, 16.553470611572266 ], [ 74.314117431640909, 16.502098083496094 ], [ 74.306922912597656, 16.529170989990348 ], [ 74.271553039550838, 16.53866004943859 ], [ 74.285758972167969, 16.50337028503418 ], [ 74.253158569336108, 16.494880676269588 ], [ 74.268775939941406, 16.476030349731502 ], [ 74.299896240234546, 16.502630233764648 ], [ 74.296318054199276, 16.459011077880973 ], [ 74.338867187500057, 16.452161788940543 ], [ 74.342651367187557, 16.400491714477539 ], [ 74.369110107421875, 16.394329071045036 ], [ 74.361656188964787, 16.364749908447379 ], [ 74.343063354492244, 16.390670776367188 ], [ 74.325462341308764, 16.379249572753906 ], [ 74.323020935058651, 16.325122833251896 ], [ 74.348716735840014, 16.291469573974837 ], [ 74.333839416504077, 16.268070220947379 ], [ 74.353286743164233, 16.291839599609318 ], [ 74.421226501464844, 16.280590057373104 ], [ 74.422531127929858, 16.257450103759766 ], [ 74.484123229980469, 16.246730804443303 ], [ 74.513298034667969, 16.201229095459041 ], [ 74.485809326172159, 16.146989822387695 ], [ 74.489089965820483, 16.087320327758846 ], [ 74.434593200683651, 16.110620498657283 ], [ 74.368156433105469, 16.052959442138615 ], [ 74.39005279541044, 16.035129547119368 ], [ 74.440483093261889, 16.05702018737793 ], [ 74.470275878906307, 16.040540695190487 ], [ 74.391868591308651, 15.901159286499137 ], [ 74.411582946777628, 15.852590560913086 ], [ 74.374122619628963, 15.891610145568904 ], [ 74.344535827636889, 15.85205078125 ], [ 74.389312744140568, 15.844140052795467 ], [ 74.364852905273722, 15.773651123046875 ], [ 74.250068664550724, 15.741180419921989 ], [ 74.227348327637003, 15.785671234130916 ], [ 74.130622863769645, 15.7179212570191 ], [ 74.133598327636719, 15.678400993347225 ], [ 74.096527099609318, 15.670849800110091 ], [ 74.122756958007869, 15.645220756530819 ], [ 74.027931213378906, 15.604599952697868 ], [ 73.975982666015568, 15.628941535949821 ], [ 73.945365905761776, 15.741521835327092 ], [ 73.882446289062557, 15.749350547790641 ], [ 73.873497009277401, 15.795321464538631 ], [ 73.797569274902401, 15.725091934204102 ], [ 73.677085876465128, 15.725417137146223 ], [ 73.648483276367472, 15.745690345764388 ], [ 73.674575805664347, 15.753190994262752 ], [ 73.662361145019645, 15.804582595825366 ], [ 73.636253356933878, 15.815693855285588 ], [ 73.590415954589901, 15.912361145019759 ], [ 73.509857177734546, 15.937360763550089 ], [ 73.483192443847656, 16.035972595214901 ], [ 73.454864501953409, 16.055139541626261 ], [ 73.447364807128963, 16.224582672119254 ], [ 73.429862976074332, 16.199031829834098 ], [ 73.410972595214957, 16.273469924926815 ], [ 73.414863586425781, 16.28319358825695 ], [ 73.433471679687557, 16.283750534057731 ], [ 73.435699462890625, 16.286529541015625 ], [ 73.416809082031421, 16.292358398437557 ], [ 73.410423278808878, 16.277919769287166 ], [ 73.385406494140682, 16.336530685425032 ], [ 73.389305114746094, 16.362083435058594 ], [ 73.394302368164233, 16.354860305786133 ], [ 73.410415649414347, 16.358194351196346 ], [ 73.411247253418139, 16.362083435058594 ], [ 73.367919921874943, 16.363470077514762 ], [ 73.370971679687443, 16.389591217040959 ], [ 73.373748779296932, 16.376251220703352 ], [ 73.405418395996151, 16.40486145019554 ], [ 73.365417480469034, 16.397638320922908 ], [ 73.364860534668253, 16.439582824707259 ], [ 73.316246032714844, 16.513469696044979 ], [ 73.318176269531421, 16.556528091430721 ], [ 73.364028930664119, 16.515972137451399 ], [ 73.363479614257926, 16.511810302734375 ], [ 73.35013580322277, 16.507083892822209 ], [ 73.349029541015909, 16.504301071166992 ], [ 73.366806030273608, 16.513210296630859 ], [ 73.390136718750057, 16.509862899780273 ], [ 73.390136718750057, 16.514310836792049 ], [ 73.345703125000057, 16.556528091430721 ], [ 73.373466491699219, 16.550140380859375 ], [ 73.394027709961222, 16.55264091491722 ], [ 73.356246948242472, 16.555416107177734 ], [ 73.316802978515568, 16.600969314575252 ], [ 73.35263824462919, 16.596530914306754 ], [ 73.351806640625057, 16.625139236450195 ], [ 73.321807861328296, 16.642362594604435 ], [ 73.339584350585994, 16.685695648193416 ], [ 73.305419921875171, 16.729305267333928 ], [ 73.333190917969034, 16.81653022766119 ], [ 73.295417785644815, 16.816791534424112 ], [ 73.285697937012003, 16.88070106506342 ], [ 73.313468933105526, 16.889030456542912 ], [ 73.277084350586222, 16.892084121704386 ], [ 73.294303894042912, 16.985971450805607 ], [ 73.27097320556652, 16.986528396606559 ], [ 73.283752441406364, 17.012083053588867 ], [ 73.254302978515796, 17.027360916137638 ], [ 73.265975952148494, 17.047639846801758 ], [ 73.289306640625284, 17.006820678711165 ], [ 73.284309387207088, 17.040138244628906 ], [ 73.313751220703068, 17.033195495605582 ], [ 73.319862365722599, 17.038194656372355 ], [ 73.290138244629077, 17.047639846801758 ], [ 73.278472900390568, 17.040418624878043 ], [ 73.298194885253963, 17.078472137451229 ], [ 73.231246948242244, 17.19819450378435 ], [ 73.247093200683651, 17.210420608520792 ], [ 73.223472595214901, 17.26652908325201 ], [ 73.189308166503963, 17.297920227051065 ], [ 73.222091674804744, 17.30291938781744 ], [ 73.227638244628963, 17.281530380248967 ], [ 73.244026184082088, 17.307361602783317 ], [ 73.207077026367301, 17.384309768676815 ], [ 73.167083740234318, 17.405138015747127 ], [ 73.205696105957088, 17.439029693603459 ], [ 73.18597412109375, 17.441804885864371 ], [ 73.184028625488565, 17.505699157714844 ], [ 73.137084960937614, 17.555973052978516 ], [ 73.168472290039233, 17.58236122131359 ], [ 73.127082824707202, 17.637081146240462 ], [ 73.114028930664347, 17.694309234619368 ], [ 73.135139465332088, 17.716249465942667 ], [ 73.087356567382756, 17.838750839233455 ], [ 73.134033203125284, 17.824581146240462 ], [ 73.132637023925838, 17.830139160156421 ], [ 73.090415954589844, 17.843751907348633 ], [ 73.075973510742188, 17.896804809570369 ], [ 73.050140380859659, 17.906806945800724 ], [ 73.052085876464844, 17.929029464721793 ], [ 73.072357177734432, 17.927360534668082 ], [ 73.092361450195483, 17.940694808959904 ], [ 73.029602050781421, 17.944311141967887 ], [ 73.038192749023608, 17.984310150146598 ], [ 73.002082824707315, 18.021249771118278 ], [ 73.023468017578125, 18.023750305175781 ], [ 73.045417785644702, 18.041530609130973 ], [ 73.029586791992358, 18.032083511352596 ], [ 73.040412902832315, 18.053194046020508 ], [ 73.025138854980753, 18.050420761108398 ], [ 73.015693664550952, 18.032083511352596 ], [ 72.989860534668253, 18.055139541626033 ], [ 73.002906799316577, 18.075700759887695 ], [ 72.970970153808878, 18.132080078125 ], [ 72.987640380859546, 18.195140838623047 ], [ 72.93096923828125, 18.220417022705192 ], [ 72.935417175293026, 18.281530380249137 ], [ 72.964576721191577, 18.280139923095817 ], [ 72.981529235840014, 18.242080688476676 ], [ 73.069305419921932, 18.222082138061523 ], [ 73.055694580078068, 18.18708419799799 ], [ 73.088195800781307, 18.151527404785156 ], [ 73.059585571289119, 18.190694808960018 ], [ 73.080398559570369, 18.231252670288086 ], [ 73.042922973632812, 18.297079086303938 ], [ 73.086250305175952, 18.287916183471737 ], [ 73.087905883789347, 18.326810836791992 ], [ 73.040138244628963, 18.301530838012695 ], [ 73.054580688476733, 18.270420074463004 ], [ 73.027915954589901, 18.264305114746094 ], [ 72.914016723632983, 18.354852676391715 ], [ 72.926246643066406, 18.386529922485465 ], [ 72.895416259765739, 18.472642898559627 ], [ 72.904586791992472, 18.539304733276424 ], [ 72.928466796874943, 18.541810989379826 ], [ 72.855140686035213, 18.696809768676815 ], [ 72.869308471679972, 18.80458259582548 ], [ 72.916252136230753, 18.79236030578619 ], [ 72.940696716308764, 18.82792091369646 ], [ 72.970413208008097, 18.789859771728516 ], [ 72.982643127441349, 18.809579849243278 ], [ 72.988746643066349, 18.865972518921069 ], [ 72.926528930664347, 18.850971221923885 ], [ 72.907913208007983, 18.902084350585938 ], [ 72.957641601562784, 18.908472061157454 ], [ 72.939315795898722, 18.945970535278263 ], [ 72.955696105957315, 18.974029541015625 ], [ 72.979309082031307, 18.962638854980526 ], [ 73.012641906738452, 18.977638244628906 ], [ 73.031517028808764, 18.993190765380859 ], [ 73.032348632812557, 18.999309539794979 ], [ 73.002906799316577, 19.001529693603459 ], [ 72.992919921875284, 19.059032440185774 ], [ 72.96319580078125, 19.0584716796875 ], [ 72.909301757812557, 18.991249084472713 ], [ 72.862075805664347, 19.002918243408203 ], [ 72.844863891601619, 18.924861907958984 ], [ 72.807640075683651, 18.890970230102596 ], [ 72.823471069335994, 18.941530227661246 ], [ 72.791816711425838, 18.950700759887809 ], [ 72.814582824707315, 19.027082443237418 ], [ 72.838195800781364, 19.039281845092887 ], [ 72.815971374511889, 19.042360305786133 ], [ 72.826812744140568, 19.094030380249137 ], [ 72.803466796875057, 19.141532897949446 ], [ 72.829582214355526, 19.165969848632869 ], [ 72.829864501953068, 19.18236351013195 ], [ 72.793472290039233, 19.129859924316406 ], [ 72.780136108398608, 19.166250228881893 ], [ 72.794586181640625, 19.172080993652457 ], [ 72.796806335449332, 19.199029922485465 ], [ 72.839584350585881, 19.250692367553711 ], [ 72.83957672119169, 19.267360687255973 ], [ 72.782363891601506, 19.193195343017692 ], [ 72.799026489257812, 19.331251144409237 ], [ 72.757637023925781, 19.375972747802734 ], [ 72.744583129883097, 19.462921142578352 ], [ 72.780136108398608, 19.491252899169979 ], [ 72.786247253417969, 19.525972366333121 ], [ 72.764862060547046, 19.504304885864258 ], [ 72.718193054199276, 19.538749694824389 ], [ 72.712638854980526, 19.595970153808764 ], [ 72.737922668456974, 19.597919464111442 ], [ 72.693748474121151, 19.7293128967288 ], [ 72.708747863769474, 19.726249694824219 ], [ 72.719306945800838, 19.755140304565543 ], [ 72.693466186523722, 19.735691070556641 ], [ 72.695686340332088, 19.804861068725813 ], [ 72.659301757812784, 19.820970535278548 ], [ 72.650695800781307, 19.854310989379883 ], [ 72.68125152587919, 19.865139007568473 ], [ 72.664306640624943, 19.93292045593256 ], [ 72.690139770507869, 19.958194732666129 ], [ 72.719856262207202, 19.968751907348633 ], [ 72.734306335449162, 19.942638397216797 ], [ 72.754028320312557, 19.939029693603516 ], [ 72.75485992431669, 19.927360534668196 ], [ 72.755416870117301, 19.939029693603516 ], [ 72.753746032715128, 19.942640304565543 ], [ 72.71624755859375, 19.972360610961914 ], [ 72.707641601562671, 20.070140838623104 ], [ 72.737640380859432, 20.136539459228629 ], [ 72.801849365234546, 20.125019073486328 ], [ 72.802062988281421, 20.148469924926985 ], [ 72.835342407226676, 20.144641876220703 ], [ 72.835533142089957, 20.187660217285156 ], [ 72.874542236328296, 20.225809097289982 ], [ 72.970428466796818, 20.212329864501953 ], [ 72.973228454589901, 20.130800247192496 ], [ 72.989242553710994, 20.113212585449162 ], [ 73.017478942871151, 20.134958267212028 ], [ 73.010208129882869, 20.110401153564567 ], [ 73.045272827148494, 20.071781158447266 ], [ 73.060638427734659, 20.099060058593864 ], [ 73.098449707031421, 20.093669891357365 ], [ 73.181442260742358, 20.051620483398381 ], [ 73.23264312744152, 20.140600204467887 ], [ 73.259468078613338, 20.124639511108398 ], [ 73.293632507324276, 20.153881072998104 ], [ 73.311149597167969, 20.207210540771484 ], [ 73.426826477051065, 20.201570510864201 ], [ 73.436943054199503, 20.282121658325195 ], [ 73.414787292480582, 20.381570816040096 ], [ 73.391578674316349, 20.372890472412223 ], [ 73.391349792480753, 20.390199661254996 ], [ 73.429740905761719, 20.414390563964787 ], [ 73.500740051269531, 20.540241241455078 ], [ 73.401580810546932, 20.649209976196403 ], [ 73.439918518066463, 20.664840698242188 ], [ 73.458686828613565, 20.714319229125977 ], [ 73.482612609863452, 20.717229843139592 ], [ 73.498435974121264, 20.653419494628906 ], [ 73.538375854492244, 20.673860549926758 ], [ 73.6221923828125, 20.625299453735579 ], [ 73.636772155761776, 20.579290390014762 ], [ 73.670707702636776, 20.562339782714901 ], [ 73.74820709228544, 20.567359924316349 ], [ 73.838287353515625, 20.61576080322277 ], [ 73.845352172851562, 20.667070388794173 ], [ 73.822647094726562, 20.693820953369368 ], [ 73.949531555175952, 20.7423095703125 ], [ 73.945098876953125, 20.840131759643555 ], [ 73.895019531250057, 20.940139770507869 ], [ 73.906448364257869, 20.983150482177791 ], [ 73.81640625, 20.996051788330078 ], [ 73.807701110839957, 21.022558212280387 ], [ 73.774856567382869, 21.01045036315918 ], [ 73.742187500000171, 21.055500030517692 ], [ 73.752609252929972, 21.114089965820369 ], [ 73.659942626953068, 21.108379364013615 ], [ 73.588302612304744, 21.167900085449446 ], [ 73.613166809082315, 21.176059722900504 ], [ 73.636398315429744, 21.132659912109489 ], [ 73.681312561035156, 21.152120590209961 ], [ 73.736686706543026, 21.138280868530501 ], [ 73.741622924804858, 21.167110443115348 ], [ 73.822547912597713, 21.171920776367244 ], [ 73.832138061523722, 21.267450332641602 ], [ 73.891990661621151, 21.262411117553711 ], [ 73.948486328125284, 21.297550201416129 ], [ 73.952842712402401, 21.402370452880859 ], [ 74.048545837402401, 21.419429779052848 ], [ 74.067161560058537, 21.481931686401367 ], [ 74.108985900879077, 21.44802284240717 ], [ 74.305915832519815, 21.479391098022575 ], [ 74.335517883300724, 21.540229797363338 ], [ 74.309967041015568, 21.567321777343807 ], [ 74.270111083984375, 21.53563117980957 ], [ 74.239196777343693, 21.550291061401424 ], [ 74.20523834228544, 21.529211044311523 ], [ 74.182868957519588, 21.561559677124137 ], [ 74.069206237793082, 21.559509277343864 ], [ 73.860786437988224, 21.495822906494141 ], [ 73.823150634765739, 21.600679397583008 ], [ 73.787612915039119, 21.625049591064567 ], [ 73.885627746582202, 21.645059585571232 ], [ 73.896362304687557, 21.700281143188704 ], [ 73.831207275390909, 21.762889862060774 ], [ 73.844963073730469, 21.790681838989315 ], [ 73.810516357421932, 21.823337554931697 ], [ 74.138160705566577, 21.95337104797369 ], [ 74.201637268066406, 21.925529479980582 ], [ 74.290649414062614, 21.936059951782283 ], [ 74.304397583008097, 21.969179153442383 ], [ 74.435546875000057, 22.030998229980526 ] ] ] ] } },
{ "type": "Feature", "properties": { "ID_0": 105, "ISO": "IND", "NAME_0": "India", "ID_1": 22, "NAME_1": "Manipur" }, "geometry": { "type": "Polygon", "coordinates": [ [ [ 94.577232360840128, 25.648330688476676 ], [ 94.595199584960938, 25.643850326538143 ], [ 94.555740356445483, 25.585811614990291 ], [ 94.557418823242131, 25.512769699096737 ], [ 94.682426452636776, 25.45973014831543 ], [ 94.673828125000171, 25.41620063781744 ], [ 94.631179809570426, 25.387290954589844 ], [ 94.585357666015682, 25.215749740600586 ], [ 94.745658874512003, 25.136590957641658 ], [ 94.742210388183878, 25.025249481201229 ], [ 94.703140258789006, 24.978271484375114 ], [ 94.719070434570369, 24.942470550537166 ], [ 94.637847900390682, 24.842359542846907 ], [ 94.610847473144531, 24.722112655639648 ], [ 94.550987243652514, 24.716539382934627 ], [ 94.531486511230412, 24.632390975952262 ], [ 94.465492248535099, 24.575559616088981 ], [ 94.429595947265909, 24.493339538574276 ], [ 94.403419494628963, 24.487779617309513 ], [ 94.403907775879077, 24.421140670776367 ], [ 94.365341186523722, 24.399679183960018 ], [ 94.383369445800838, 24.379409790039062 ], [ 94.326347351074276, 24.338949203491211 ], [ 94.327987670898438, 24.292430877685604 ], [ 94.262718200683878, 24.167747497558651 ], [ 94.259696960449219, 24.089559555053825 ], [ 94.233070373535213, 24.066900253296012 ], [ 94.245323181152457, 24.044242858886832 ], [ 94.195968627929972, 23.937721252441463 ], [ 94.170776367187784, 23.935092926025391 ], [ 94.161460876464787, 23.852779388427962 ], [ 94.122642517089901, 23.842729568481445 ], [ 94.096092224121264, 23.893571853637752 ], [ 93.953781127929858, 23.950199127197266 ], [ 93.815986633300895, 23.929828643799055 ], [ 93.756942749023608, 24.009492874145565 ], [ 93.620658874511776, 24.014240264892578 ], [ 93.603462219238338, 23.96959114074707 ], [ 93.563537597656421, 23.989578247070312 ], [ 93.508712768554801, 23.948900222778434 ], [ 93.468856811523722, 23.973939895629826 ], [ 93.424736022949276, 24.071710586547908 ], [ 93.351432800293139, 24.112419128417969 ], [ 93.337371826171932, 24.053400039672908 ], [ 93.255287170410156, 24.023790359497127 ], [ 93.266609191894588, 24.060260772705078 ], [ 93.248016357422159, 24.085338592529411 ], [ 93.223838806152514, 24.084011077880973 ], [ 93.216735839844034, 24.050060272216911 ], [ 93.169837951660156, 24.054952621459961 ], [ 93.142196655273608, 24.086788177490291 ], [ 93.100921630859489, 24.045089721679688 ], [ 93.079490661621151, 24.102970123291016 ], [ 93.053688049316406, 24.090690612793026 ], [ 92.976379394531534, 24.11482048034668 ], [ 93.022293090820369, 24.210060119628906 ], [ 93.00821685791027, 24.280479431152401 ], [ 93.043373107910099, 24.343389511108626 ], [ 93.021568298339957, 24.346820831298942 ], [ 93.024353027343921, 24.390470504760742 ], [ 93.000495910644702, 24.403270721435661 ], [ 93.039169311523381, 24.411130905151424 ], [ 93.061119079589844, 24.574832916259766 ], [ 93.106979370117244, 24.583560943603459 ], [ 93.075416564941349, 24.59622955322277 ], [ 93.104705810546932, 24.675342559814453 ], [ 93.075866699218807, 24.710390090942383 ], [ 93.107246398926065, 24.741899490356445 ], [ 93.109786987304858, 24.809740066528263 ], [ 93.152946472168026, 24.789779663085994 ], [ 93.197357177734375, 24.811260223388786 ], [ 93.197196960449276, 24.856491088867244 ], [ 93.262413024902401, 24.951370239257926 ], [ 93.248840332031421, 25.018800735473633 ], [ 93.268180847168026, 25.049680709839095 ], [ 93.304595947265682, 25.047992706298942 ], [ 93.335777282714844, 25.095840454101562 ], [ 93.353073120117301, 25.181800842285099 ], [ 93.403572082519588, 25.263071060180778 ], [ 93.474021911621378, 25.309280395507812 ], [ 93.476753234863452, 25.279039382934798 ], [ 93.510787963867244, 25.275608062744141 ], [ 93.505142211914006, 25.244131088256779 ], [ 93.554710388183878, 25.250528335571232 ], [ 93.608016967773494, 25.20205116271984 ], [ 93.692779541015909, 25.361589431762695 ], [ 93.718040466308764, 25.361600875854606 ], [ 93.808998107910156, 25.46558952331543 ], [ 93.804046630859546, 25.499029159545955 ], [ 93.765792846679744, 25.499900817871207 ], [ 93.770637512206974, 25.540279388427848 ], [ 93.836486816406421, 25.563060760498047 ], [ 93.965217590332202, 25.556577682495117 ], [ 94.010421752929858, 25.571311950683594 ], [ 94.014732360839957, 25.59613037109375 ], [ 94.085952758789233, 25.559730529785213 ], [ 94.092109680175838, 25.532730102539176 ], [ 94.138732910156534, 25.523700714111271 ], [ 94.160110473633097, 25.55525016784668 ], [ 94.194869995117358, 25.55242919921875 ], [ 94.214851379394815, 25.500240325927678 ], [ 94.286743164062784, 25.511699676513672 ], [ 94.308982849121151, 25.493801116943359 ], [ 94.420272827148722, 25.542650222778377 ], [ 94.430023193359375, 25.592721939086914 ], [ 94.50537109375, 25.616992950439453 ], [ 94.573013305664176, 25.697650909423771 ], [ 94.596946716308764, 25.686910629272518 ], [ 94.577232360840128, 25.648330688476676 ] ] ] } },
{ "type": "Feature", "properties": { "ID_0": 105, "ISO": "IND", "NAME_0": "India", "ID_1": 23, "NAME_1": "Meghalaya" }, "geometry": { "type": "Polygon", "coordinates": [ [ [ 91.819313049316463, 26.118740081787223 ], [ 91.875785827636776, 26.09773063659668 ], [ 91.883232116699276, 26.030000686645621 ], [ 91.922096252441577, 25.999530792236442 ], [ 91.99106597900419, 26.041032791137923 ], [ 92.133117675781307, 26.045890808105469 ], [ 92.178306579589901, 26.079509735107365 ], [ 92.241172790527514, 26.062540054321289 ], [ 92.301582336426065, 26.076490402221623 ], [ 92.156318664550952, 25.944799423218001 ], [ 92.163696289062443, 25.911790847778263 ], [ 92.225479125976847, 25.907049179077205 ], [ 92.153106689453182, 25.812749862670898 ], [ 92.160697937011889, 25.671859741210938 ], [ 92.228996276855469, 25.716209411621207 ], [ 92.333541870117244, 25.725231170654354 ], [ 92.385101318359659, 25.753562927246151 ], [ 92.433166503906534, 25.731452941894645 ], [ 92.432136535644588, 25.691009521484432 ], [ 92.465446472167912, 25.682460784912109 ], [ 92.501708984375171, 25.622930526733342 ], [ 92.557617187500171, 25.611988067627067 ], [ 92.572502136230639, 25.560420989990462 ], [ 92.653457641601676, 25.592180252075195 ], [ 92.644699096679972, 25.537441253662053 ], [ 92.567413330078182, 25.46747016906744 ], [ 92.598159790039347, 25.471651077270508 ], [ 92.609092712402514, 25.416570663452148 ], [ 92.654281616210938, 25.435340881347656 ], [ 92.660102844238338, 25.410360336303938 ], [ 92.737052917480412, 25.381250381469783 ], [ 92.760566711425952, 25.335279464721793 ], [ 92.784370422363281, 25.332538604736442 ], [ 92.792221069336108, 25.28518104553234 ], [ 92.764648437500114, 25.249349594116211 ], [ 92.80356597900402, 25.217239379882926 ], [ 92.666908264160327, 25.177061080932617 ], [ 92.621643066406534, 25.117700576782283 ], [ 92.524665832519588, 25.140029907226506 ], [ 92.542945861816406, 25.099599838256836 ], [ 92.484298706054972, 25.108060836792049 ], [ 92.463256835937557, 25.037128448486271 ], [ 92.425903320312614, 25.031820297241325 ], [ 92.347167968750284, 25.052190780639705 ], [ 92.347831726074276, 25.078252792358398 ], [ 92.233543395996264, 25.097000122070312 ], [ 92.21231842041044, 25.116460800170955 ], [ 92.232322692871378, 25.119609832763729 ], [ 92.187545776367131, 25.121959686279411 ], [ 92.071769714355412, 25.189622879028434 ], [ 91.752876281738281, 25.179821014404297 ], [ 91.744003295898494, 25.151220321655387 ], [ 91.707305908203296, 25.15880012512207 ], [ 91.64453125, 25.122720718383732 ], [ 91.605583190918253, 25.145801544189567 ], [ 91.617416381836222, 25.175910949707031 ], [ 91.474067687988281, 25.133859634399414 ], [ 91.419807434082315, 25.170110702514762 ], [ 91.342323303222713, 25.172258377075252 ], [ 91.273788452148608, 25.204307556152287 ], [ 91.082496643066463, 25.197492599487362 ], [ 90.866958618164062, 25.156120300292969 ], [ 90.785423278808878, 25.183969497680664 ], [ 90.739280700683878, 25.15443038940424 ], [ 90.673011779785213, 25.166641235351619 ], [ 90.671173095703409, 25.19729042053234 ], [ 90.648780822753963, 25.173339843750057 ], [ 90.516700744628849, 25.175069808960075 ], [ 90.452362060546932, 25.144502639770508 ], [ 90.341529846191463, 25.193500518798942 ], [ 90.115196228027628, 25.226921081543196 ], [ 89.971237182617358, 25.303060531616154 ], [ 89.834266662597656, 25.295669555664006 ], [ 89.847396850586222, 25.310251235961914 ], [ 89.821662902831974, 25.385360717773438 ], [ 89.855110168457031, 25.476049423217887 ], [ 89.879959106445369, 25.488639831543026 ], [ 89.870101928711222, 25.544221878051871 ], [ 90.002120971679688, 25.584190368652401 ], [ 90.018440246582088, 25.608390808105696 ], [ 89.946952819824503, 25.658830642700309 ], [ 89.895416259765682, 25.744119644165153 ], [ 89.933509826660213, 25.744550704956112 ], [ 89.955245971679688, 25.774459838867188 ], [ 89.944580078125057, 25.824478149414119 ], [ 90.008316040039119, 25.846830368042106 ], [ 90.021919250488565, 25.865528106689453 ], [ 90.00473785400419, 25.878681182861328 ], [ 90.11865234375, 25.961259841918945 ], [ 90.182510375976847, 25.944450378418026 ], [ 90.324340820312557, 25.974380493164062 ], [ 90.364990234375057, 26.010320663452092 ], [ 90.428627014160327, 25.989040374755973 ], [ 90.477287292480469, 26.01526069641119 ], [ 90.534461975097656, 25.958021163940543 ], [ 90.512542724609546, 25.896240234375057 ], [ 90.582458496093864, 25.95979118347168 ], [ 90.629013061523722, 25.9374294281007 ], [ 90.606506347656534, 25.912281036376953 ], [ 90.624809265137003, 25.898899078369141 ], [ 90.686042785644815, 25.950809478759766 ], [ 90.747436523437614, 25.957321166992301 ], [ 90.740539550781307, 25.91521072387701 ], [ 90.778060913086108, 25.908290863037109 ], [ 90.809890747070483, 25.952159881591797 ], [ 90.882980346679688, 25.951749801635685 ], [ 90.919113159179972, 25.913311004638729 ], [ 90.915878295898722, 25.943161010742244 ], [ 90.942749023437614, 25.947570800781364 ], [ 90.967453002929858, 25.887180328369197 ], [ 91.029220581054688, 25.888048171997127 ], [ 91.000785827636662, 25.822250366211051 ], [ 91.049102783203296, 25.848808288574162 ], [ 91.078536987304744, 25.852619171142635 ], [ 91.049880981445369, 25.828899383544922 ], [ 91.063262939453182, 25.820369720459041 ], [ 91.196479797363224, 25.859010696411133 ], [ 91.179931640625171, 25.77631950378418 ], [ 91.191986083984432, 25.729581832885742 ], [ 91.223876953125057, 25.723419189453182 ], [ 91.275627136230753, 25.746940612793082 ], [ 91.333557128906307, 25.838840484619141 ], [ 91.444396972656534, 25.841020584106559 ], [ 91.525405883789119, 25.872890472412223 ], [ 91.529739379882983, 25.889680862426701 ], [ 91.474761962890568, 25.87123107910179 ], [ 91.531326293945369, 25.923711776733342 ], [ 91.501632690429972, 25.920761108398438 ], [ 91.575836181640909, 26.03310966491722 ], [ 91.632156372070483, 26.022409439087028 ], [ 91.637947082519588, 25.964849472045955 ], [ 91.611152648925781, 25.939920425415096 ], [ 91.669311523437443, 25.905389785766658 ], [ 91.720176696777401, 25.954071044921989 ], [ 91.731262207031534, 26.059209823608398 ], [ 91.819313049316463, 26.118740081787223 ] ] ] } },
{ "type": "Feature", "properties": { "ID_0": 105, "ISO": "IND", "NAME_0": "India", "ID_1": 24, "NAME_1": "Mizoram" }, "geometry": { "type": "Polygon", "coordinates": [ [ [ 92.765197753906307, 24.520849227905387 ], [ 92.832702636718807, 24.376369476318416 ], [ 92.91153717041044, 24.41290092468256 ], [ 93.024353027343921, 24.390470504760742 ], [ 93.021568298339957, 24.346820831298942 ], [ 93.043373107910099, 24.343389511108626 ], [ 93.006706237793253, 24.253959655761776 ], [ 93.026588439941349, 24.232631683349609 ], [ 92.976379394531534, 24.11482048034668 ], [ 93.053688049316406, 24.090690612793026 ], [ 93.079490661621151, 24.102970123291016 ], [ 93.100921630859489, 24.045089721679688 ], [ 93.147911071777344, 24.088090896606673 ], [ 93.169837951660156, 24.054952621459961 ], [ 93.216735839844034, 24.050060272216911 ], [ 93.223838806152514, 24.084011077880973 ], [ 93.248016357422159, 24.085338592529411 ], [ 93.266609191894588, 24.060260772705078 ], [ 93.255287170410156, 24.023790359497127 ], [ 93.337371826171932, 24.053400039672908 ], [ 93.334426879882756, 23.98694992065424 ], [ 93.398719787597656, 23.930280685424862 ], [ 93.405288696289119, 23.761590957641715 ], [ 93.444702148437671, 23.682428359985408 ], [ 93.397186279296818, 23.433311462402457 ], [ 93.414237976074276, 23.388011932373161 ], [ 93.365806579589901, 23.354480743408146 ], [ 93.394706726074162, 23.224279403686523 ], [ 93.373947143554858, 23.150300979614371 ], [ 93.393646240234432, 23.13861274719261 ], [ 93.297721862793026, 23.005798339843807 ], [ 93.253196716308594, 23.006481170654524 ], [ 93.194450378417969, 23.060310363769531 ], [ 93.132942199707088, 23.047500610351562 ], [ 93.129196166992131, 23.000768661499023 ], [ 93.168350219726733, 22.919130325317496 ], [ 93.138755798339844, 22.913179397583065 ], [ 93.099266052246094, 22.810409545898381 ], [ 93.112686157226619, 22.744239807128906 ], [ 93.091751098632869, 22.709341049194393 ], [ 93.144371032714901, 22.598859786987305 ], [ 93.111686706543139, 22.531789779663313 ], [ 93.133659362793026, 22.519939422607479 ], [ 93.142066955566463, 22.463260650634822 ], [ 93.190811157226506, 22.427259445190487 ], [ 93.208580017090014, 22.261068344116211 ], [ 93.147109985351847, 22.246540069580078 ], [ 93.169822692871037, 22.200059890747184 ], [ 93.154411315918139, 22.178190231323299 ], [ 93.076988220215014, 22.210109710693359 ], [ 93.046661376953296, 22.197620391845817 ], [ 93.065567016601619, 22.102052688598576 ], [ 93.013267517090014, 22.102210998535099 ], [ 93.009246826171875, 21.983930587768555 ], [ 92.955802917480753, 22.02992057800293 ], [ 92.931610107421875, 22.017509460449162 ], [ 92.910888671875057, 21.946229934692326 ], [ 92.867736816406421, 22.065362930297908 ], [ 92.717887878418026, 22.152629852295036 ], [ 92.699356079101619, 22.148332595825252 ], [ 92.693557739257756, 22.077249526977653 ], [ 92.683837890624943, 22.105348587036133 ], [ 92.684356689453239, 22.017910003662337 ], [ 92.609680175781421, 21.976837158203239 ], [ 92.604980468750057, 22.057630538940657 ], [ 92.570419311523494, 22.129121780395621 ], [ 92.609977722168253, 22.121309280395621 ], [ 92.613891601562671, 22.172941207885742 ], [ 92.526977539062557, 22.676160812377987 ], [ 92.457687377929688, 22.821136474609375 ], [ 92.447532653808764, 22.893590927124251 ], [ 92.37542724609375, 22.934881210327262 ], [ 92.393669128418082, 23.058168411255167 ], [ 92.365798950195369, 23.105949401855696 ], [ 92.361099243164347, 23.237537384033317 ], [ 92.408630371093921, 23.246080398559513 ], [ 92.323196411132983, 23.473802566528434 ], [ 92.300178527832088, 23.625259399414062 ], [ 92.281440734863452, 23.630050659179688 ], [ 92.295249938964957, 23.692699432373047 ], [ 92.268501281738338, 23.728610992431868 ], [ 92.259399414062784, 23.81499099731468 ], [ 92.286788940429688, 23.816780090332031 ], [ 92.274749755859546, 23.849058151245231 ], [ 92.291969299316463, 23.87144851684593 ], [ 92.320198059082088, 23.865829467773494 ], [ 92.331146240234659, 23.911802291870401 ], [ 92.311447143554744, 23.960582733154581 ], [ 92.336837768554972, 24.146789550781477 ], [ 92.29660797119169, 24.251729965209904 ], [ 92.422378540039233, 24.253110885620117 ], [ 92.418975830078182, 24.194360733032283 ], [ 92.465972900390909, 24.134750366211165 ], [ 92.529663085937614, 24.174800872802848 ], [ 92.550636291503963, 24.24589920043951 ], [ 92.611587524414233, 24.253349304199219 ], [ 92.624282836914347, 24.332651138305778 ], [ 92.690666198730753, 24.354801177978572 ], [ 92.765197753906307, 24.520849227905387 ] ] ] } },
{ "type": "Feature", "properties": { "ID_0": 105, "ISO": "IND", "NAME_0": "India", "ID_1": 25, "NAME_1": "Nagaland" }, "geometry": { "type": "Polygon", "coordinates": [ [ [ 95.195518493652401, 27.042949676513672 ], [ 95.233856201171932, 26.890840530395451 ], [ 95.184501647949332, 26.864830017089957 ], [ 95.208602905273438, 26.850719451904354 ], [ 95.215118408203296, 26.798379898071289 ], [ 95.244918823242244, 26.787330627441634 ], [ 95.216140747070369, 26.735319137573242 ], [ 95.237632751465014, 26.686290740966797 ], [ 95.154708862304744, 26.619489669799918 ], [ 95.154487609863281, 26.580802917480582 ], [ 95.066307067871037, 26.456779479980696 ], [ 95.1357421875, 26.387832641601506 ], [ 95.121231079101506, 26.238700866699219 ], [ 95.142539978027457, 26.214241027832145 ], [ 95.120567321777401, 26.109741210937443 ], [ 95.185699462890568, 26.080350875854492 ], [ 95.106468200683651, 25.968151092529297 ], [ 95.021865844726506, 25.909999847412109 ], [ 95.05252838134794, 25.762659072875977 ], [ 94.937576293945312, 25.669031143188477 ], [ 94.919677734375171, 25.611141204834041 ], [ 94.888977050781421, 25.593111038208008 ], [ 94.904991149902514, 25.567110061645621 ], [ 94.849441528320256, 25.560689926147518 ], [ 94.812492370605639, 25.495370864868278 ], [ 94.669761657714787, 25.455360412597656 ], [ 94.632972717285156, 25.465658187866268 ], [ 94.557418823242131, 25.512769699096737 ], [ 94.555740356445483, 25.585811614990291 ], [ 94.595199584960938, 25.643850326538143 ], [ 94.57608795166044, 25.644701004028377 ], [ 94.595619201660327, 25.691280364990291 ], [ 94.573013305664176, 25.697650909423771 ], [ 94.50537109375, 25.616992950439453 ], [ 94.430023193359375, 25.592721939086914 ], [ 94.420272827148722, 25.542650222778377 ], [ 94.31353759765625, 25.49447059631342 ], [ 94.286743164062784, 25.511699676513672 ], [ 94.214851379394815, 25.500240325927678 ], [ 94.194869995117358, 25.55242919921875 ], [ 94.160110473633097, 25.55525016784668 ], [ 94.138732910156534, 25.523700714111271 ], [ 94.092109680175838, 25.532730102539176 ], [ 94.085952758789233, 25.559730529785213 ], [ 94.014732360839957, 25.59613037109375 ], [ 94.010421752929858, 25.571311950683594 ], [ 93.965217590332202, 25.556577682495117 ], [ 93.836486816406421, 25.563060760498047 ], [ 93.770637512206974, 25.540279388427848 ], [ 93.765792846679744, 25.499900817871207 ], [ 93.804046630859546, 25.499029159545955 ], [ 93.808998107910156, 25.46558952331543 ], [ 93.718040466308764, 25.361600875854606 ], [ 93.692779541015909, 25.361589431762695 ], [ 93.612579345703296, 25.20619010925293 ], [ 93.554710388183878, 25.250528335571232 ], [ 93.505142211914006, 25.244131088256779 ], [ 93.510787963867244, 25.275608062744141 ], [ 93.476753234863452, 25.279039382934798 ], [ 93.451889038086222, 25.344190597534237 ], [ 93.478218078613565, 25.379882812500057 ], [ 93.461868286132983, 25.434698104858398 ], [ 93.395919799804744, 25.464120864868278 ], [ 93.331741333008097, 25.546810150146484 ], [ 93.427536010742358, 25.631458282470646 ], [ 93.499916076660213, 25.656520843505859 ], [ 93.573249816894531, 25.760799407958984 ], [ 93.705482482910213, 25.848630905151367 ], [ 93.68768310546875, 25.909440994262752 ], [ 93.773017883300838, 25.966020584106445 ], [ 93.798332214355639, 25.90969276428217 ], [ 93.779823303222827, 25.846309661865291 ], [ 93.795761108398551, 25.814350128173942 ], [ 93.842338562012003, 25.86260986328125 ], [ 93.882736206054801, 25.845909118652457 ], [ 93.979393005371151, 25.919679641723633 ], [ 93.954887390136662, 26.007329940795898 ], [ 93.991119384765909, 26.072639465332259 ], [ 94.004806518554801, 26.173271179199219 ], [ 94.108047485351506, 26.326400756835881 ], [ 94.175506591796932, 26.344219207763786 ], [ 94.186546325683651, 26.46051025390625 ], [ 94.276741027832088, 26.558839797973633 ], [ 94.316513061523722, 26.462930679321516 ], [ 94.39945220947294, 26.532320022583008 ], [ 94.407867431640909, 26.61433029174799 ], [ 94.462501525878906, 26.635459899902344 ], [ 94.464523315429972, 26.667510986328125 ], [ 94.545059204101733, 26.710901260376204 ], [ 94.574691772460994, 26.691020965576172 ], [ 94.604148864746037, 26.739280700683651 ], [ 94.653388977050952, 26.723630905151481 ], [ 94.756370544433594, 26.7722682952882 ], [ 94.869636535644815, 26.915008544921989 ], [ 94.923767089843864, 26.950330734252987 ], [ 94.985671997070483, 26.918249130249023 ], [ 95.021347045898608, 26.925399780273494 ], [ 95.11004638671875, 26.966909408569336 ], [ 95.195518493652401, 27.042949676513672 ] ] ] } },
{ "type": "Feature", "properties": { "ID_0": 105, "ISO": "IND", "NAME_0": "India", "ID_1": 26, "NAME_1": "Orissa" }, "geometry": { "type": "MultiPolygon", "coordinates": [ [ [ [ 84.766525268554744, 19.104585647583065 ], [ 84.767364501953409, 19.101804733276595 ], [ 84.764862060547159, 19.101528167724609 ], [ 84.766525268554744, 19.104585647583065 ] ] ], [ [ [ 84.756805419921932, 19.101528167724609 ], [ 84.758468627929858, 19.104860305786076 ], [ 84.76541900634777, 19.104030609131087 ], [ 84.756805419921932, 19.101528167724609 ] ] ], [ [ [ 84.783195495605753, 19.110971450805835 ], [ 84.761253356933878, 19.071250915527514 ], [ 84.730216979980639, 19.089305877685547 ], [ 84.750968933105753, 19.082080841064453 ], [ 84.783195495605753, 19.110971450805835 ] ] ], [ [ [ 86.238334655761662, 19.91111183166521 ], [ 86.237220764160327, 19.90777778625494 ], [ 86.236656188965014, 19.908330917358342 ], [ 86.238334655761662, 19.91111183166521 ] ] ], [ [ [ 86.372497558593807, 19.954444885254134 ], [ 86.367820739746378, 19.952159881591967 ], [ 86.355133056640682, 19.949920654296989 ], [ 86.370826721191463, 19.954975128173942 ], [ 86.372093200683764, 19.957639694214095 ], [ 86.372497558593807, 19.954444885254134 ] ] ], [ [ [ 86.386108398437784, 19.963333129882812 ], [ 86.383331298828296, 19.959442138672159 ], [ 86.378890991211222, 19.959442138672159 ], [ 86.386108398437784, 19.963333129882812 ] ] ], [ [ [ 86.396499633789233, 19.969003677368221 ], [ 86.390472412109432, 19.965509414672852 ], [ 86.399353027343921, 19.972320556640625 ], [ 86.396499633789233, 19.969003677368221 ] ] ], [ [ [ 86.364997863769702, 19.971944808960188 ], [ 86.372222900390568, 19.969165802001953 ], [ 86.364997863769702, 19.968610763549975 ], [ 86.364997863769702, 19.971944808960188 ] ] ], [ [ [ 86.320732116699162, 19.991409301757812 ], [ 86.319999694824389, 19.988611221313704 ], [ 86.318611145019815, 19.995000839233626 ], [ 86.320732116699162, 19.991409301757812 ] ] ], [ [ [ 86.319007873535099, 20.002332687378043 ], [ 86.320831298828182, 19.993328094482536 ], [ 86.315612792968921, 19.999164581299055 ], [ 86.319007873535099, 20.002332687378043 ] ] ], [ [ [ 86.335830688476733, 20.003055572509879 ], [ 86.327217102050724, 19.99860954284668 ], [ 86.329437255859432, 20.010562896728516 ], [ 86.335830688476733, 20.003055572509879 ] ] ], [ [ [ 86.309997558594034, 20.011667251586914 ], [ 86.314720153808651, 20.015277862548771 ], [ 86.315277099609432, 20.008054733276481 ], [ 86.309997558594034, 20.011667251586914 ] ] ], [ [ [ 86.254158020019474, 20.022209167480582 ], [ 86.255279541015909, 20.024721145630167 ], [ 86.258331298828409, 20.021938323974723 ], [ 86.254158020019474, 20.022209167480582 ] ] ], [ [ [ 86.412216186523494, 20.020559310913313 ], [ 86.408889770507983, 20.018890380859602 ], [ 86.412498474121264, 20.025833129882926 ], [ 86.412216186523494, 20.020559310913313 ] ] ], [ [ [ 86.270835876464901, 20.027221679687671 ], [ 86.267776489257869, 20.020828247070369 ], [ 86.264717102050781, 20.022209167480582 ], [ 86.270835876464901, 20.027221679687671 ] ] ], [ [ [ 86.320953369140796, 20.024499893188533 ], [ 86.326667785644702, 20.024442672729606 ], [ 86.325836181640909, 20.023056030273438 ], [ 86.320953369140796, 20.024499893188533 ] ] ], [ [ [ 86.301109313965014, 20.026390075683878 ], [ 86.325279235840128, 20.016399383545036 ], [ 86.321388244628963, 20.010000228882006 ], [ 86.301109313965014, 20.026390075683878 ] ] ], [ [ [ 86.263336181640796, 20.033611297607592 ], [ 86.267776489257869, 20.030834197998274 ], [ 86.262496948242301, 20.032220840454272 ], [ 86.263336181640796, 20.033611297607592 ] ] ], [ [ [ 86.309165954589901, 20.038890838623161 ], [ 86.313331604004077, 20.040000915527514 ], [ 86.313606262207088, 20.038610458374194 ], [ 86.309165954589901, 20.038890838623161 ] ] ], [ [ [ 86.299171447753849, 20.040279388427905 ], [ 86.303886413574332, 20.039720535278548 ], [ 86.303047180175952, 20.038610458374194 ], [ 86.299171447753849, 20.040279388427905 ] ] ], [ [ [ 86.425834655761719, 20.043611526489371 ], [ 86.424720764160327, 20.037500381470011 ], [ 86.420829772949503, 20.031944274902457 ], [ 86.425834655761719, 20.043611526489371 ] ] ], [ [ [ 86.291107177734489, 20.04777908325218 ], [ 86.298332214355526, 20.048334121704329 ], [ 86.29972076416044, 20.043888092040959 ], [ 86.291107177734489, 20.04777908325218 ] ] ], [ [ [ 86.245231628418139, 20.029359817505053 ], [ 86.267501831054972, 20.05305480957054 ], [ 86.308052062988338, 20.034444808959961 ], [ 86.279716491699162, 20.026670455932674 ], [ 86.266937255859318, 20.035280227661303 ], [ 86.245231628418139, 20.029359817505053 ] ] ], [ [ [ 86.256927490234432, 20.057500839233569 ], [ 86.255279541015909, 20.052499771118391 ], [ 86.250556945800952, 20.051666259765625 ], [ 86.256927490234432, 20.057500839233569 ] ] ], [ [ [ 86.432502746581974, 20.056943893432617 ], [ 86.434722900390682, 20.051666259765625 ], [ 86.432220458984432, 20.051111221313647 ], [ 86.432502746581974, 20.056943893432617 ] ] ], [ [ [ 86.489166259765796, 20.14666748046875 ], [ 86.494720458984546, 20.148900985717773 ], [ 86.492225646972827, 20.14555549621582 ], [ 86.489166259765796, 20.14666748046875 ] ] ], [ [ [ 86.489639282226619, 20.17038726806669 ], [ 86.508056640625171, 20.172500610351676 ], [ 86.493957519531421, 20.162450790405273 ], [ 86.489639282226619, 20.17038726806669 ] ] ], [ [ [ 86.555114746094034, 20.206281661987305 ], [ 86.553329467773494, 20.206417083740405 ], [ 86.555328369140568, 20.207088470459041 ], [ 86.555114746094034, 20.206281661987305 ] ] ], [ [ [ 86.790382385253906, 20.368579864501953 ], [ 86.795829772949503, 20.372222900390739 ], [ 86.792221069335881, 20.365276336669865 ], [ 86.790382385253906, 20.368579864501953 ] ] ], [ [ [ 86.791107177734546, 20.376390457153548 ], [ 86.797119140625057, 20.376071929931697 ], [ 86.796386718750284, 20.374443054199446 ], [ 86.791107177734546, 20.376390457153548 ] ] ], [ [ [ 86.793891906738565, 20.38417053222679 ], [ 86.791107177734546, 20.385562896728516 ], [ 86.793891906738565, 20.38750076293968 ], [ 86.793891906738565, 20.38417053222679 ] ] ], [ [ [ 86.806945800781421, 20.413333892822209 ], [ 86.814865112304801, 20.406690597534293 ], [ 86.803886413574389, 20.3713893890382 ], [ 86.806945800781421, 20.413333892822209 ] ] ], [ [ [ 86.795341491699219, 20.393352508544922 ], [ 86.787796020508097, 20.405080795288313 ], [ 86.791389465332088, 20.429170608520508 ], [ 86.795341491699219, 20.393352508544922 ] ] ], [ [ [ 86.803596496582088, 20.461971282958928 ], [ 86.801239013672046, 20.460479736328182 ], [ 86.802452087402401, 20.462642669677791 ], [ 86.803596496582088, 20.461971282958928 ] ] ], [ [ [ 86.805274963378963, 20.491945266723633 ], [ 86.809448242187671, 20.476667404175089 ], [ 86.803611755371207, 20.46361160278343 ], [ 86.800827026367358, 20.473901748657511 ], [ 86.805274963378963, 20.491945266723633 ] ] ], [ [ [ 86.878334045410213, 20.677778244018555 ], [ 86.872062683105526, 20.672670364379996 ], [ 86.878326416015682, 20.679452896118391 ], [ 86.878334045410213, 20.677778244018555 ] ] ], [ [ [ 86.798606872558651, 20.700559616088924 ], [ 86.793052673339844, 20.679170608520451 ], [ 86.789245605468807, 20.675138473510742 ], [ 86.798606872558651, 20.700559616088924 ] ] ], [ [ [ 87.00601959228544, 20.71336555480957 ], [ 87.003303527832088, 20.713432312011832 ], [ 87.009017944335994, 20.720249176025561 ], [ 87.00601959228544, 20.71336555480957 ] ] ], [ [ [ 87.017219543457088, 20.714330673217887 ], [ 87.002433776855639, 20.709003448486499 ], [ 87.015830993652344, 20.722221374511832 ], [ 87.017219543457088, 20.714330673217887 ] ] ], [ [ [ 87.054306030273438, 20.746080398559855 ], [ 87.050132751465014, 20.742589950561467 ], [ 87.049026489257869, 20.743841171264876 ], [ 87.054306030273438, 20.746080398559855 ] ] ], [ [ [ 87.071937561035213, 20.744550704956055 ], [ 87.068046569824389, 20.73777961730957 ], [ 87.071792602539347, 20.748811721801928 ], [ 87.071937561035213, 20.744550704956055 ] ] ], [ [ [ 87.084526062011776, 20.764390945434855 ], [ 87.092056274414006, 20.752229690551701 ], [ 87.072479248046875, 20.754100799560774 ], [ 87.084526062011776, 20.764390945434855 ] ] ], [ [ [ 86.830001831054688, 20.760000228881836 ], [ 86.991943359375171, 20.771112442016545 ], [ 87.001388549804744, 20.715829849243164 ], [ 86.928710937500057, 20.714651107788143 ], [ 86.892890930176065, 20.695121765136832 ], [ 86.859176635742131, 20.66472053527832 ], [ 86.885276794433878, 20.707220077514876 ], [ 86.878326416015682, 20.733060836791935 ], [ 86.853523254394588, 20.65672492980957 ], [ 86.842002868652287, 20.65223884582548 ], [ 86.836448669433878, 20.66597938537609 ], [ 86.830223083496264, 20.672508239746094 ], [ 86.816726684570369, 20.676994323730582 ], [ 86.803474426269474, 20.676567077636946 ], [ 86.796669006347827, 20.672508239746094 ], [ 86.795410156250114, 20.665622711181697 ], [ 86.819122314453068, 20.639242172241381 ], [ 86.805831909179688, 20.645280838012695 ], [ 86.773796081543026, 20.646387100219897 ], [ 86.801506042480526, 20.683404922485352 ], [ 86.830001831054688, 20.760000228881836 ] ] ], [ [ [ 86.874443054199219, 20.774166107178019 ], [ 86.877777099609432, 20.774166107178019 ], [ 86.877502441406421, 20.77277946472168 ], [ 86.874443054199219, 20.774166107178019 ] ] ], [ [ [ 86.865547180175838, 20.77777099609375 ], [ 86.868614196777401, 20.779443740844783 ], [ 86.871665954589901, 20.77610969543457 ], [ 86.865547180175838, 20.77777099609375 ] ] ], [ [ [ 86.980552673339901, 20.780559539794922 ], [ 86.987503051758097, 20.779439926147461 ], [ 86.981391906738565, 20.778329849243278 ], [ 86.980552673339901, 20.780559539794922 ] ] ], [ [ [ 86.946105957031534, 20.786670684814453 ], [ 86.943710327148608, 20.784309387207259 ], [ 86.943611145019645, 20.785280227661133 ], [ 86.946105957031534, 20.786670684814453 ] ] ], [ [ [ 86.865280151367131, 20.782499313354492 ], [ 86.941947937011662, 20.779722213745174 ], [ 86.951530456543139, 20.774709701538086 ], [ 86.865280151367131, 20.782499313354492 ] ] ], [ [ [ 87.018577575683878, 20.822874069213981 ], [ 87.005722045898438, 20.809570312500114 ], [ 87.002502441406307, 20.832221984863338 ], [ 87.018577575683878, 20.822874069213981 ] ] ], [ [ [ 87.121665954590014, 21.52055549621582 ], [ 87.123611450195369, 21.514444351196289 ], [ 87.119163513183764, 21.516666412353572 ], [ 87.121665954590014, 21.52055549621582 ] ] ], [ [ [ 86.038490295410327, 22.563589096069336 ], [ 86.111923217773608, 22.482931137084961 ], [ 86.279823303222713, 22.44552040100109 ], [ 86.352737426758097, 22.345420837402344 ], [ 86.433357238769588, 22.301540374755916 ], [ 86.43839263916044, 22.323368072509709 ], [ 86.499946594238338, 22.340951919555721 ], [ 86.532379150390682, 22.298191070556584 ], [ 86.578460693359546, 22.297819137573356 ], [ 86.645576477050952, 22.261369705200195 ], [ 86.651145935058594, 22.233200073242301 ], [ 86.720970153808651, 22.216840744018555 ], [ 86.715446472168026, 22.143491744995231 ], [ 86.790321350097599, 22.153940200805607 ], [ 86.832008361816463, 22.095109939575423 ], [ 86.967056274414119, 22.077751159668082 ], [ 87.026046752929972, 22.02874946594244 ], [ 87.034317016601733, 21.989191055297852 ], [ 86.997932434082088, 21.907501220703125 ], [ 87.030242919922159, 21.865310668945256 ], [ 87.094642639160213, 21.86034011840843 ], [ 87.093536376953409, 21.907899856567326 ], [ 87.158287048340014, 21.930549621581974 ], [ 87.167442321777514, 21.973409652709904 ], [ 87.234848022460994, 21.954380035400447 ], [ 87.271560668945483, 21.803400039672852 ], [ 87.352081298828296, 21.785730361938704 ], [ 87.370117187500284, 21.760072708129826 ], [ 87.439308166503963, 21.764360427856502 ], [ 87.442932128906307, 21.729049682617244 ], [ 87.466056823730753, 21.725191116333178 ], [ 87.458648681640568, 21.644939422607592 ], [ 87.481109619140909, 21.607778549194279 ], [ 87.379997253418026, 21.545555114746321 ], [ 87.200897216796932, 21.548490524291992 ], [ 87.106948852539062, 21.517734527587891 ], [ 86.910842895508097, 21.340280532837085 ], [ 86.822502136230753, 21.193889617919922 ], [ 86.836669921874943, 21.099710464477653 ], [ 86.970275878906307, 20.823329925537337 ], [ 86.957496643066463, 20.7847194671632 ], [ 86.939453125000284, 20.790279388427734 ], [ 86.881385803222713, 20.797502517700195 ], [ 86.827766418457031, 20.771669387817496 ], [ 86.755699157714901, 20.613344192504996 ], [ 86.773612976074276, 20.645280838012695 ], [ 86.815872192382756, 20.636400222778605 ], [ 86.820556640625057, 20.639583587646484 ], [ 86.802238464355526, 20.675210952758789 ], [ 86.828536987304744, 20.672269821166992 ], [ 86.839302062988565, 20.653419494628906 ], [ 86.844657897949503, 20.650762557983626 ], [ 86.933937072753849, 20.710710525512695 ], [ 87.0, 20.695280075073356 ], [ 87.045188903808764, 20.709484100341854 ], [ 86.885002136230526, 20.616390228271712 ], [ 86.733886718750171, 20.479166030883789 ], [ 86.729431152344034, 20.404880523681697 ], [ 86.779716491699276, 20.391670227050895 ], [ 86.764167785644815, 20.366388320923022 ], [ 86.786079406738565, 20.376914978027571 ], [ 86.777496337890909, 20.360555648803654 ], [ 86.778610229492244, 20.354719161987532 ], [ 86.780838012695483, 20.363611221313704 ], [ 86.788887023925838, 20.369722366333235 ], [ 86.769172668457202, 20.331111907959098 ], [ 86.680000305175838, 20.263332366943587 ], [ 86.671112060546818, 20.282222747802962 ], [ 86.679733276367358, 20.258050918579272 ], [ 86.553611755371037, 20.210002899170036 ], [ 86.509719848633097, 20.177221298217887 ], [ 86.497497558594034, 20.190280914306868 ], [ 86.474166870117244, 20.168891906738395 ], [ 86.468330383301065, 20.14722061157255 ], [ 86.459999084472827, 20.162221908569336 ], [ 86.46604156494169, 20.145990371704329 ], [ 86.491111755371264, 20.157770156860352 ], [ 86.462219238281534, 20.114719390869141 ], [ 86.462776184082315, 20.108610153198413 ], [ 86.471389770508097, 20.09749984741228 ], [ 86.463890075683651, 20.114719390869141 ], [ 86.487503051757869, 20.140558242798022 ], [ 86.491111755371264, 20.133333206176758 ], [ 86.48722076416044, 20.127218246460018 ], [ 86.489166259765796, 20.121389389038256 ], [ 86.503883361816577, 20.16444015502924 ], [ 86.558891296386776, 20.200559616088867 ], [ 86.520553588867244, 20.169166564941406 ], [ 86.483886718750057, 20.110275268554915 ], [ 86.436782836914119, 20.060968399047965 ], [ 86.411766052246264, 20.055540084838981 ], [ 86.427223205566406, 20.049722671508903 ], [ 86.411666870117472, 20.036390304565657 ], [ 86.407218933105526, 20.019718170166016 ], [ 86.41110992431669, 20.000000000000227 ], [ 86.387496948242188, 19.976388931274414 ], [ 86.382232666015682, 19.995559692382983 ], [ 86.342216491699276, 19.986391067504996 ], [ 86.327400207519474, 20.030670166015625 ], [ 86.29046630859375, 20.060981750488452 ], [ 86.287223815917969, 20.049722671508903 ], [ 86.269157409668026, 20.062780380249137 ], [ 86.262496948242301, 20.061952590942326 ], [ 86.247856140137003, 20.053188323974894 ], [ 86.236656188965014, 20.026950836181641 ], [ 86.264999389648722, 20.016946792602482 ], [ 86.294944763183878, 20.024419784545955 ], [ 86.321945190429744, 19.984443664550895 ], [ 86.302665710449389, 19.983543395996264 ], [ 86.341026306152401, 19.972379684448356 ], [ 86.317497253417969, 19.949165344238395 ], [ 86.342437744140909, 19.969503402710245 ], [ 86.362663269043253, 19.952779769897631 ], [ 86.241600036621264, 19.922050476074503 ], [ 86.227783203125114, 19.903610229492131 ], [ 86.22110748291027, 19.91082954406744 ], [ 86.226570129394531, 19.918550491333178 ], [ 86.226325988769531, 19.920520782470703 ], [ 86.222526550293139, 19.925621032715071 ], [ 86.208045959472827, 19.904720306396484 ], [ 86.227966308593807, 19.90088081359869 ], [ 86.095146179199389, 19.859910964965877 ], [ 85.904998779296932, 19.832221984863565 ], [ 85.419197082519588, 19.623069763183594 ], [ 84.905693054199389, 19.269582748413086 ], [ 84.777915954590014, 19.110139846802042 ], [ 84.745697021484546, 19.11763954162592 ], [ 84.725418090820256, 19.096530914306811 ], [ 84.750419616699219, 19.135971069336165 ], [ 84.735420227050838, 19.143751144409407 ], [ 84.703186035156307, 19.120700836181754 ], [ 84.719032287597713, 19.095844268799055 ], [ 84.693817138672046, 19.119520187378157 ], [ 84.705223083496264, 19.149009704590128 ], [ 84.665016174316577, 19.156730651855469 ], [ 84.661170959472827, 19.121860504150504 ], [ 84.591842651367244, 19.123840332031364 ], [ 84.619827270507869, 19.076509475708235 ], [ 84.664588928222656, 19.066291809082202 ], [ 84.612716674804858, 19.054830551147461 ], [ 84.590118408203182, 19.013380050659293 ], [ 84.56613922119169, 19.065038681030558 ], [ 84.489387512207088, 19.020950317382812 ], [ 84.471656799316463, 18.981220245361555 ], [ 84.415130615234546, 19.013860702514876 ], [ 84.440643310547159, 18.966930389404354 ], [ 84.415596008300838, 18.9380397796632 ], [ 84.429389953613565, 18.913682937622184 ], [ 84.397827148437557, 18.88611984252924 ], [ 84.365318298339787, 18.896259307861328 ], [ 84.387626647949162, 18.877668380737362 ], [ 84.351448059082202, 18.883199691772518 ], [ 84.362411499023722, 18.851060867309627 ], [ 84.336021423339901, 18.866710662841797 ], [ 84.344100952148722, 18.8119411468507 ], [ 84.312492370605469, 18.779190063476676 ], [ 84.21671295166044, 18.787281036377067 ], [ 84.081779479980526, 18.744640350341797 ], [ 84.027061462402401, 18.802200317382869 ], [ 83.886878967285213, 18.805408477783317 ], [ 83.837097167968807, 18.86470985412592 ], [ 83.840270996093921, 18.904060363769759 ], [ 83.81693267822294, 18.909402847290039 ], [ 83.78830718994169, 19.007810592651481 ], [ 83.739562988281421, 18.97844123840332 ], [ 83.780067443847713, 18.907720565795842 ], [ 83.745826721191406, 18.918172836303825 ], [ 83.705741882324503, 18.985240936279354 ], [ 83.723251342773551, 19.011899948120117 ], [ 83.697021484375171, 19.016479492187614 ], [ 83.623283386230526, 19.153631210327148 ], [ 83.578765869140796, 19.049789428711165 ], [ 83.546432495117301, 19.073829650878963 ], [ 83.531387329101847, 19.00542068481451 ], [ 83.495399475097827, 19.011091232299918 ], [ 83.513671875000284, 19.024780273437557 ], [ 83.505386352539119, 19.06477165222168 ], [ 83.459396362304744, 19.069671630859489 ], [ 83.477966308593864, 19.021190643310547 ], [ 83.448516845703125, 18.999631881713981 ], [ 83.45548248291044, 18.945579528808594 ], [ 83.408851623535213, 18.996191024780387 ], [ 83.346336364746151, 19.009889602661133 ], [ 83.305267333984546, 18.989681243896598 ], [ 83.329010009765909, 18.91690826416027 ], [ 83.345756530761776, 18.957099914550838 ], [ 83.380226135254077, 18.923282623291129 ], [ 83.346611022949219, 18.926870346069336 ], [ 83.411338806152401, 18.859340667724837 ], [ 83.396301269531307, 18.830709457397461 ], [ 83.358879089355526, 18.832000732421989 ], [ 83.356292724609659, 18.800119400024414 ], [ 83.279502868652514, 18.789600372314567 ], [ 83.266098022461222, 18.7570095062257 ], [ 83.219390869140625, 18.765819549560547 ], [ 83.205062866211222, 18.715860366821516 ], [ 83.201705932617188, 18.742229461670149 ], [ 83.132957458496378, 18.772449493408146 ], [ 83.050971984863281, 18.654159545898438 ], [ 83.009681701660213, 18.636529922485408 ], [ 83.008041381835881, 18.588420867919922 ], [ 83.053947448730526, 18.586469650268612 ], [ 83.032478332519531, 18.547889709472656 ], [ 83.089332580566577, 18.537910461425895 ], [ 83.015411376953182, 18.444429397583065 ], [ 83.037437438964844, 18.418949127197322 ], [ 83.059829711914119, 18.428632736206055 ], [ 83.053390502929801, 18.375299453735295 ], [ 82.90274810791044, 18.355911254882869 ], [ 82.884613037109659, 18.412759780883846 ], [ 82.79917144775419, 18.439401626586914 ], [ 82.776222229003963, 18.41969108581543 ], [ 82.793296813964844, 18.394969940185661 ], [ 82.767051696777401, 18.331079483032227 ], [ 82.658836364746264, 18.286609649658317 ], [ 82.626876831054744, 18.228740692138729 ], [ 82.580741882324332, 18.270099639892578 ], [ 82.600509643554688, 18.368709564208984 ], [ 82.535156250000114, 18.389560699463118 ], [ 82.553771972656421, 18.437650680542049 ], [ 82.530151367187557, 18.434310913085994 ], [ 82.523132324218807, 18.503929138183651 ], [ 82.499153137207315, 18.501750946045036 ], [ 82.474006652832031, 18.536832809448299 ], [ 82.361289978027514, 18.40991020202631 ], [ 82.384429931640682, 18.369110107421989 ], [ 82.334442138671932, 18.317132949829102 ], [ 82.393013000488338, 18.306440353393782 ], [ 82.336898803711108, 18.266241073608512 ], [ 82.332817077637003, 18.215789794921818 ], [ 82.306098937988565, 18.195659637451115 ], [ 82.36429595947294, 18.134859085083065 ], [ 82.333366394043082, 18.142379760742188 ], [ 82.329772949219034, 18.040410995483512 ], [ 82.305526733398722, 18.037809371948242 ], [ 82.297897338867472, 18.061960220336914 ], [ 82.258155822753963, 18.034870147705021 ], [ 82.267250061035156, 17.98644065856945 ], [ 82.241706848144702, 17.979761123657227 ], [ 82.113265991211222, 18.057821273803654 ], [ 82.024658203125171, 18.057880401611385 ], [ 81.951766967773438, 17.992099761963004 ], [ 81.801040649414347, 17.936080932617415 ], [ 81.703170776367301, 17.861129760742415 ], [ 81.688285827636776, 17.884799957275391 ], [ 81.663063049316463, 17.876930236816463 ], [ 81.611152648925952, 17.815362930297852 ], [ 81.568740844726847, 17.827880859375 ], [ 81.48117828369169, 17.802860260009993 ], [ 81.459426879883097, 17.824710845947266 ], [ 81.384971618652401, 17.806592941284293 ], [ 81.393829345703409, 17.885139465332088 ], [ 81.437255859375057, 17.875938415527344 ], [ 81.477310180664119, 17.970020294189396 ], [ 81.527961730957031, 18.259080886840934 ], [ 81.593406677246264, 18.301280975341911 ], [ 81.658668518066463, 18.31109809875494 ], [ 81.658096313476619, 18.339290618896428 ], [ 81.744911193847713, 18.345350265503157 ], [ 81.762100219726619, 18.411310195922965 ], [ 81.857940673828296, 18.513059616088981 ], [ 81.896827697753849, 18.528392791748104 ], [ 81.908599853515739, 18.564228057861328 ], [ 81.946907043457088, 18.559150695800781 ], [ 81.954528808593807, 18.586709976196346 ], [ 81.888366699218807, 18.620990753173942 ], [ 81.885375976562443, 18.65032958984375 ], [ 81.947441101074276, 18.628820419311637 ], [ 81.967681884765682, 18.690612792968807 ], [ 82.033737182617472, 18.718799591064567 ], [ 82.078582763672159, 18.712081909179631 ], [ 82.081413269043253, 18.755870819091797 ], [ 82.129066467285213, 18.757650375366211 ], [ 82.161148071289347, 18.790960311889762 ], [ 82.172729492187557, 18.895288467407227 ], [ 82.239562988281534, 18.910459518432617 ], [ 82.225067138672159, 19.014591217041243 ], [ 82.194091796875057, 19.060220718383732 ], [ 82.212112426757756, 19.090549468994254 ], [ 82.199752807617358, 19.117460250854549 ], [ 82.159782409668026, 19.126480102539119 ], [ 82.178787231445483, 19.158859252929744 ], [ 82.151725769043026, 19.265462875366438 ], [ 82.183166503906421, 19.319700241088981 ], [ 82.140830993652514, 19.361919403076399 ], [ 82.166366577148608, 19.36593055725109 ], [ 82.183059692382926, 19.417610168456974 ], [ 82.119308471679744, 19.423900604248104 ], [ 82.09207916259777, 19.509840011596793 ], [ 82.022392272949219, 19.501802444458008 ], [ 82.046127319336222, 19.53862190246582 ], [ 82.037567138672159, 19.703910827636662 ], [ 82.059829711914119, 19.783098220825138 ], [ 81.980148315429972, 19.795780181884766 ], [ 81.960372924804858, 19.85473823547386 ], [ 81.849632263183651, 19.908050537109375 ], [ 81.837303161621378, 19.950080871582088 ], [ 81.866539001465014, 20.036039352417049 ], [ 81.941352844238338, 20.102251052856445 ], [ 82.024406433105753, 20.010040283203068 ], [ 82.057899475097713, 20.049869537353516 ], [ 82.178466796875057, 19.978082656860352 ], [ 82.230628967285156, 19.998081207275504 ], [ 82.339447021484432, 19.829961776733398 ], [ 82.442390441894531, 19.902982711791935 ], [ 82.593498229980526, 19.864540100097656 ], [ 82.571266174316349, 19.822380065917969 ], [ 82.585060119628906, 19.771049499511662 ], [ 82.645736694335994, 19.825370788574332 ], [ 82.702713012695483, 19.831039428711165 ], [ 82.707489013672046, 19.990219116210938 ], [ 82.598365783691406, 19.985639572143555 ], [ 82.390861511230639, 20.059589385986328 ], [ 82.378929138183651, 20.144630432128963 ], [ 82.413597106933651, 20.202270507812614 ], [ 82.405082702636832, 20.263530731201399 ], [ 82.429229736328125, 20.282962799072322 ], [ 82.393775939941463, 20.33552169799799 ], [ 82.429168701171818, 20.425752639770508 ], [ 82.410079956054972, 20.473300933837891 ], [ 82.388092041015682, 20.452510833740234 ], [ 82.380493164062784, 20.509849548339901 ], [ 82.32401275634777, 20.55388069152832 ], [ 82.368232727050838, 20.624059677124251 ], [ 82.335128784179631, 20.758518218994254 ], [ 82.346618652343921, 20.883848190307845 ], [ 82.401412963867244, 20.862430572509993 ], [ 82.415527343750057, 20.826469421386776 ], [ 82.459053039550895, 20.823841094970703 ], [ 82.485671997070483, 20.903511047363338 ], [ 82.552940368652628, 20.941480636596793 ], [ 82.622306823730526, 21.036569595337028 ], [ 82.609382629394815, 21.071197509765852 ], [ 82.645027160644645, 21.101879119873161 ], [ 82.635940551757812, 21.149450302124023 ], [ 82.752296447754077, 21.159740447998047 ], [ 82.788848876953409, 21.13927268981945 ], [ 82.956069946289119, 21.175489425659237 ], [ 83.040580749511776, 21.118930816650391 ], [ 83.119842529297046, 21.101060867309684 ], [ 83.192749023437557, 21.13944053649908 ], [ 83.218353271484432, 21.26012039184593 ], [ 83.267677307129077, 21.268577575683651 ], [ 83.270019531250057, 21.375038146972884 ], [ 83.402656555176065, 21.348430633545149 ], [ 83.334632873535327, 21.495550155639705 ], [ 83.380722045898722, 21.612751007080078 ], [ 83.441230773925952, 21.649272918701286 ], [ 83.452758789062557, 21.605190277099723 ], [ 83.484542846679858, 21.62556266784668 ], [ 83.419746398925838, 21.675020217895508 ], [ 83.484130859375, 21.74155235290533 ], [ 83.467178344726733, 21.78273963928234 ], [ 83.490913391113338, 21.814540863037109 ], [ 83.536567687988224, 21.793930053711051 ], [ 83.531242370605469, 21.831899642944336 ], [ 83.584472656250171, 21.843601226806697 ], [ 83.571517944336108, 21.871870040893612 ], [ 83.600479125976562, 21.910840988159123 ], [ 83.535171508789119, 21.963500976562614 ], [ 83.54856109619169, 22.006702423095817 ], [ 83.532447814941463, 22.03404808044445 ], [ 83.54300689697277, 22.059391021728459 ], [ 83.600318908691577, 22.065509796142578 ], [ 83.557266235351619, 22.099979400634879 ], [ 83.62628173828125, 22.20585823059082 ], [ 83.693000793457202, 22.245500564575138 ], [ 83.752799987793026, 22.242860794067383 ], [ 83.861007690429631, 22.343780517578352 ], [ 84.004211425781534, 22.367660522461051 ], [ 84.041557312011776, 22.464109420776424 ], [ 83.976097106933651, 22.502210617065487 ], [ 83.994293212890909, 22.52881050109869 ], [ 84.134925842285156, 22.470949172973576 ], [ 84.152488708496264, 22.400930404663143 ], [ 84.289222717285156, 22.337320327758846 ], [ 84.426086425781307, 22.348810195922908 ], [ 84.477592468261776, 22.383680343627873 ], [ 84.476669311523722, 22.405981063842887 ], [ 84.526626586914176, 22.420021057128906 ], [ 84.743850708007869, 22.414751052856502 ], [ 84.752693176269474, 22.442012786865234 ], [ 84.807792663574503, 22.446861267089787 ], [ 84.832542419433651, 22.42637825012207 ], [ 84.876525878906421, 22.44325065612793 ], [ 84.893798828125284, 22.418010711669922 ], [ 85.062492370605639, 22.478410720825195 ], [ 85.074058532715128, 22.348590850830078 ], [ 85.114456176757869, 22.290489196777344 ], [ 85.070510864257983, 22.272159576416243 ], [ 85.02374267578125, 22.111991882324219 ], [ 84.980499267578125, 22.091260910034293 ], [ 84.987426757812557, 22.076738357543945 ], [ 85.043899536132926, 22.110700607299918 ], [ 85.09543609619169, 22.099451065063477 ], [ 85.118881225586222, 22.066471099853516 ], [ 85.210746765136776, 22.043180465698356 ], [ 85.230941772460994, 22.000270843505859 ], [ 85.300079345703409, 22.107059478759709 ], [ 85.361381530761889, 22.121440887451172 ], [ 85.36319732666044, 22.154569625854606 ], [ 85.410285949707088, 22.156080245971793 ], [ 85.591087341308651, 22.074440002441463 ], [ 85.644607543945483, 22.090280532836914 ], [ 85.681503295898494, 22.04878044128418 ], [ 85.802047729492244, 22.110830307006893 ], [ 85.830757141113452, 22.076971054077092 ], [ 85.787940979003963, 22.077190399169922 ], [ 85.760749816894531, 21.989719390869254 ], [ 85.905426025390682, 21.966630935668888 ], [ 86.026718139648494, 22.185222625732536 ], [ 85.96978759765625, 22.243400573730469 ], [ 86.043289184570369, 22.306190490722713 ], [ 86.008422851562557, 22.309959411621094 ], [ 86.020431518554744, 22.329399108886719 ], [ 85.992881774902514, 22.33815956115734 ], [ 86.021499633789233, 22.381761550903377 ], [ 86.008743286132983, 22.424320220947266 ], [ 85.953506469726676, 22.455972671509016 ], [ 85.958137512206974, 22.476181030273551 ], [ 86.022026062012003, 22.520549774170036 ], [ 86.038490295410327, 22.563589096069336 ] ] ] ] } },
{ "type": "Feature", "properties": { "ID_0": 105, "ISO": "IND", "NAME_0": "India", "ID_1": 27, "NAME_1": "Puducherry" }, "geometry": { "type": "MultiPolygon", "coordinates": [ [ [ [ 79.841247558594034, 10.825140953064079 ], [ 79.845413208007926, 10.825691223144588 ], [ 79.840141296386719, 10.823751449585018 ], [ 79.841247558594034, 10.825140953064079 ] ] ], [ [ [ 79.730178833007869, 10.985109329223633 ], [ 79.854576110840128, 10.976021766662654 ], [ 79.852081298828182, 10.827630043029842 ], [ 79.844024658203182, 10.827361106872615 ], [ 79.823753356933764, 10.817920684814453 ], [ 79.851249694824389, 10.813771247863826 ], [ 79.813339233398494, 10.814081192016658 ], [ 79.789566040039347, 10.861750602722168 ], [ 79.808982849121207, 10.867440223693848 ], [ 79.743026733398722, 10.881941795349178 ], [ 79.704231262207088, 10.918870925903434 ], [ 79.721229553222713, 10.935310363769531 ], [ 79.703651428222713, 10.951861381531046 ], [ 79.745536804199219, 10.943340301513786 ], [ 79.730178833007869, 10.985109329223633 ] ] ], [ [ [ 79.679039001464901, 12.019260406494254 ], [ 79.709899902343921, 11.976221084594783 ], [ 79.749649047851619, 11.986130714416731 ], [ 79.715705871582088, 11.967451095580998 ], [ 79.736900329590128, 11.907170295715275 ], [ 79.799728393554858, 11.964289665222282 ], [ 79.837638854980753, 11.940549850463981 ], [ 79.823753356933764, 11.881810188293457 ], [ 79.800971984863395, 11.883751869201774 ], [ 79.790695190429972, 11.878748893737793 ], [ 79.819580078125171, 11.874308586120549 ], [ 79.800415039062784, 11.808399200439453 ], [ 79.781761169433537, 11.840270996093864 ], [ 79.752136230468807, 11.82445144653326 ], [ 79.749809265136776, 11.860529899597282 ], [ 79.72776031494169, 11.832339286804142 ], [ 79.703796386718921, 11.838290214538574 ], [ 79.695732116699503, 11.873379707336539 ], [ 79.659072875976676, 11.865669250488281 ], [ 79.682861328125057, 11.904708862304801 ], [ 79.702583312988565, 11.902500152587947 ], [ 79.691535949707315, 11.878400802612305 ], [ 79.724899291992472, 11.891510009765852 ], [ 79.678199768066349, 11.936532020568904 ], [ 79.699050903320312, 11.97205924987793 ], [ 79.642341613769474, 11.975811004638615 ], [ 79.679039001464901, 12.019260406494254 ] ] ], [ [ [ 75.320640563965128, 12.143521308898926 ], [ 75.402175903320312, 12.134140014648494 ], [ 75.309066772461108, 12.102661132812557 ], [ 75.301528930664119, 12.024600028991642 ], [ 75.264579772949503, 12.019309997558651 ], [ 75.304862976074389, 11.951810836791935 ], [ 75.295974731445369, 11.947916030883732 ], [ 75.224922180175724, 12.031949996948242 ], [ 75.221130371093921, 12.100951194763297 ], [ 75.274528503417969, 12.100260734558162 ], [ 75.320640563965128, 12.143521308898926 ] ] ], [ [ [ 82.258750915527401, 16.690111160278434 ], [ 82.270141601562671, 16.702362060546875 ], [ 82.285392761230639, 16.697639465332259 ], [ 82.258750915527401, 16.690111160278434 ] ] ], [ [ [ 82.210968017578068, 16.727939605713004 ], [ 82.263702392578182, 16.719369888305664 ], [ 82.293701171875284, 16.743040084838981 ], [ 82.302825927734432, 16.722839355468807 ], [ 82.245697021484546, 16.71681022644043 ], [ 82.253448486328409, 16.689720153808537 ], [ 82.174636840820369, 16.72510910034174 ], [ 82.221817016601847, 16.750352859497127 ], [ 82.210968017578068, 16.727939605713004 ] ] ] ] } },
{ "type": "Feature", "properties": { "ID_0": 105, "ISO": "IND", "NAME_0": "India", "ID_1": 28, "NAME_1": "Punjab" }, "geometry": { "type": "Polygon", "coordinates": [ [ [ 75.851387023925838, 32.521308898925781 ], [ 75.932167053222599, 32.416820526123161 ], [ 75.843879699707202, 32.379310607910213 ], [ 75.736396789550838, 32.273761749267692 ], [ 75.622543334961051, 32.23468017578125 ], [ 75.620216369628963, 32.185169219970874 ], [ 75.661827087402401, 32.164669036865348 ], [ 75.578758239746264, 32.081680297851562 ], [ 75.689819335937557, 32.061531066894759 ], [ 75.894546508789347, 31.949800491333235 ], [ 75.971466064453125, 31.814548492431641 ], [ 75.921829223633097, 31.817180633545036 ], [ 76.153495788574276, 31.414012908935547 ], [ 76.135032653808651, 31.361759185791016 ], [ 76.17282867431669, 31.306739807129077 ], [ 76.296096801757812, 31.31920051574707 ], [ 76.295967102050838, 31.342229843139876 ], [ 76.336662292480582, 31.353019714355753 ], [ 76.315841674804744, 31.402378082275391 ], [ 76.359146118164119, 31.415630340576229 ], [ 76.363136291503963, 31.441350936889819 ], [ 76.448272705078409, 31.305990219116438 ], [ 76.431137084960938, 31.282840728759822 ], [ 76.466712951660213, 31.310211181640682 ], [ 76.518112182617188, 31.262310028076286 ], [ 76.537170410156193, 31.283950805664176 ], [ 76.534950256347656, 31.255350112915266 ], [ 76.570503234863395, 31.280149459838867 ], [ 76.601615905762003, 31.250909805297852 ], [ 76.580612182617301, 31.216352462768612 ], [ 76.625946044921932, 31.227090835571346 ], [ 76.635421752929688, 31.212980270385856 ], [ 76.590393066406193, 31.18285942077631 ], [ 76.589317321777401, 31.12770080566429 ], [ 76.625732421875171, 31.11024284362793 ], [ 76.598968505859318, 31.053550720214957 ], [ 76.610069274902514, 31.004230499267692 ], [ 76.712600708007926, 30.963420867920036 ], [ 76.846786499023608, 30.792520523071232 ], [ 76.801452636718807, 30.762769699096907 ], [ 76.797767639160327, 30.785270690918139 ], [ 76.780937194824162, 30.773870468139762 ], [ 76.750923156738338, 30.796848297119197 ], [ 76.690681457519815, 30.746660232544173 ], [ 76.738479614257869, 30.689151763916129 ], [ 76.794372558593807, 30.669319152832031 ], [ 76.819808959961222, 30.68582916259794 ], [ 76.834793090820369, 30.655820846557731 ], [ 76.862228393554858, 30.67927169799799 ], [ 76.85858154296875, 30.640630722045898 ], [ 76.913429260253963, 30.599702835083008 ], [ 76.885040283203409, 30.54042053222679 ], [ 76.92032623291044, 30.518020629882812 ], [ 76.888916015625171, 30.484588623046989 ], [ 76.888847351074503, 30.441110610961971 ], [ 76.927299499511776, 30.388639450073185 ], [ 76.880226135253963, 30.359701156616211 ], [ 76.832458496093921, 30.433881759643555 ], [ 76.808456420898608, 30.411859512329272 ], [ 76.757865905761719, 30.438890457153263 ], [ 76.700149536132869, 30.393611907958984 ], [ 76.738533020019645, 30.359649658203239 ], [ 76.715156555175952, 30.332910537719727 ], [ 76.609817504883097, 30.270610809326229 ], [ 76.547637939453409, 30.264921188354549 ], [ 76.532531738281307, 30.227130889892805 ], [ 76.583999633789119, 30.25653076171875 ], [ 76.604278564453409, 30.215171813964844 ], [ 76.638916015625057, 30.205940246582315 ], [ 76.626670837402514, 30.105649948120117 ], [ 76.60105133056669, 30.080230712890739 ], [ 76.554870605469034, 30.098760604858398 ], [ 76.501121520996037, 30.076629638671989 ], [ 76.452087402344034, 30.100709915161246 ], [ 76.410202026367358, 30.202289581298999 ], [ 76.380996704101733, 30.18324089050293 ], [ 76.401641845703182, 30.157728195190487 ], [ 76.390007019043026, 30.12754058837902 ], [ 76.325881958007983, 30.149240493774471 ], [ 76.348922729492131, 30.127660751342887 ], [ 76.322898864746151, 30.108221054077262 ], [ 76.251159667968807, 30.118999481201399 ], [ 76.203872680664119, 30.158901214599723 ], [ 76.211929321289347, 30.135061264038313 ], [ 76.190612792968693, 30.134960174560717 ], [ 76.254997253418026, 30.104579925537053 ], [ 76.190917968750057, 30.016412734985295 ], [ 76.203872680664119, 29.944120407104549 ], [ 76.166290283203182, 29.928659439087198 ], [ 76.184638977050895, 29.888580322265568 ], [ 76.242012023925838, 29.869028091430835 ], [ 76.116386413574503, 29.796400070190373 ], [ 76.077667236328409, 29.805772781372127 ], [ 76.041481018066577, 29.748781204223746 ], [ 75.964859008789119, 29.731380462646484 ], [ 75.879280090332145, 29.7470703125 ], [ 75.829017639160327, 29.812320709228629 ], [ 75.771621704101733, 29.825389862060547 ], [ 75.705932617187784, 29.808620452880859 ], [ 75.697448730468807, 29.755210876464957 ], [ 75.625358581543026, 29.773229598999251 ], [ 75.613227844238565, 29.746458053588867 ], [ 75.568786621094034, 29.742620468139592 ], [ 75.444267272949162, 29.807849884033374 ], [ 75.378776550293026, 29.711299896240234 ], [ 75.335350036621037, 29.693849563598746 ], [ 75.350448608398608, 29.659280776977766 ], [ 75.317726135253963, 29.670700073242301 ], [ 75.280563354492301, 29.610109329223746 ], [ 75.296066284179631, 29.568080902099609 ], [ 75.223480224609432, 29.546171188354492 ], [ 75.221237182617301, 29.606550216674862 ], [ 75.157836914062671, 29.662710189819336 ], [ 75.230979919433878, 29.752067565917969 ], [ 75.182342529297159, 29.838701248169116 ], [ 75.155426025390682, 29.81981086730957 ], [ 75.154052734375057, 29.78101921081543 ], [ 75.090179443359432, 29.806661605835075 ], [ 75.107116699218807, 29.826530456543082 ], [ 75.081253051758097, 29.849372863769588 ], [ 75.104209899902514, 29.873191833496094 ], [ 75.084800720214901, 29.915140151977482 ], [ 75.065483093261719, 29.879039764404524 ], [ 74.989929199218693, 29.856460571289119 ], [ 74.915733337402287, 29.94915962219244 ], [ 74.885238647460938, 29.939109802246207 ], [ 74.881492614746151, 29.968349456787223 ], [ 74.849632263183651, 29.959129333496378 ], [ 74.801177978515682, 29.992572784423942 ], [ 74.690788269043026, 29.969270706176871 ], [ 74.639633178710994, 29.903949737548828 ], [ 74.524642944335994, 29.951560974121094 ], [ 73.891181945800838, 29.970069885254077 ], [ 73.881866455078182, 30.011240005493278 ], [ 73.966651916503906, 30.121189117431641 ], [ 73.968109130859489, 30.184299468994254 ], [ 73.957847595215128, 30.261690139770621 ], [ 73.873214721679858, 30.38343811035179 ], [ 73.988517761230582, 30.504560470581168 ], [ 74.034011840820483, 30.536260604858342 ], [ 74.07761383056669, 30.529361724853516 ], [ 74.090995788574162, 30.612791061401367 ], [ 74.150932312011889, 30.632621765136832 ], [ 74.232154846191406, 30.719621658325309 ], [ 74.281806945800838, 30.730234146118221 ], [ 74.262207031250057, 30.768030166626033 ], [ 74.297378540039006, 30.782730102539176 ], [ 74.285758972167969, 30.799591064453125 ], [ 74.316146850585994, 30.847581863403434 ], [ 74.363006591796875, 30.845806121826172 ], [ 74.365524291992358, 30.885406494140796 ], [ 74.538116455078296, 30.993541717529411 ], [ 74.558395385742244, 31.067525863647461 ], [ 74.622512817382869, 31.047021865844727 ], [ 74.672218322754077, 31.061571121215877 ], [ 74.694427490234489, 31.095439910888786 ], [ 74.677322387695256, 31.130609512329329 ], [ 74.621459960937671, 31.137031555176009 ], [ 74.592369079589901, 31.133350372314567 ], [ 74.592796325683878, 31.087408065796126 ], [ 74.551933288574276, 31.08562088012701 ], [ 74.543411254883097, 31.121709823608455 ], [ 74.504592895507869, 31.138509750366438 ], [ 74.511116027832088, 31.272331237793082 ], [ 74.551872253418139, 31.298454284668082 ], [ 74.642066955566577, 31.459960937500227 ], [ 74.626457214355469, 31.486690521240234 ], [ 74.566200256347713, 31.500839233398722 ], [ 74.603851318359659, 31.534111022949219 ], [ 74.600906372070369, 31.567838668823299 ], [ 74.517280578613565, 31.722911834716911 ], [ 74.51804351806669, 31.745201110839844 ], [ 74.55179595947294, 31.753219604492188 ], [ 74.555740356445369, 31.827669143676758 ], [ 74.599105834961222, 31.885110855102539 ], [ 74.703262329101506, 31.924898147583121 ], [ 74.709197998047046, 31.957948684692383 ], [ 74.735916137695483, 31.937389373779297 ], [ 74.809143066406421, 31.955139160156364 ], [ 74.862251281738338, 32.045108795166129 ], [ 74.914260864257983, 32.065219879150447 ], [ 75.004928588867244, 32.028755187988395 ], [ 75.116256713867358, 32.082809448242188 ], [ 75.164451599121037, 32.067970275878906 ], [ 75.195320129394815, 32.11664962768549 ], [ 75.239166259765739, 32.087150573730582 ], [ 75.314231872558764, 32.159187316894759 ], [ 75.333282470703296, 32.204719543457202 ], [ 75.314201354980469, 32.214908599853516 ], [ 75.363151550293082, 32.23468017578125 ], [ 75.325302124023608, 32.342842102050838 ], [ 75.414993286132869, 32.324272155761719 ], [ 75.472236633300838, 32.340049743652457 ], [ 75.498947143554801, 32.275329589843807 ], [ 75.529212951660213, 32.348880767822493 ], [ 75.711532592773608, 32.418159484863281 ], [ 75.745925903320369, 32.476348876953182 ], [ 75.804336547851847, 32.487060546875227 ], [ 75.872543334960994, 32.576190948486328 ], [ 75.851387023925838, 32.521308898925781 ] ] ] } },
{ "type": "Feature", "properties": { "ID_0": 105, "ISO": "IND", "NAME_0": "India", "ID_1": 29, "NAME_1": "Rajasthan" }, "geometry": { "type": "Polygon", "coordinates": [ [ [ 73.889442443847827, 29.977609634399641 ], [ 74.519065856933764, 29.943349838256893 ], [ 74.505027770996207, 29.907760620117415 ], [ 74.553565979004077, 29.865640640259016 ], [ 74.465263366699389, 29.787549972534407 ], [ 74.472000122070369, 29.744029998779354 ], [ 74.586639404296932, 29.768510818481616 ], [ 74.605400085449503, 29.752880096435547 ], [ 74.566535949707202, 29.563499450683651 ], [ 74.614402770996264, 29.527111053466854 ], [ 74.578910827636719, 29.45862007141136 ], [ 74.529106140137003, 29.449539184570312 ], [ 74.596717834472713, 29.362190246582031 ], [ 74.595779418945369, 29.328311920166016 ], [ 74.64182281494169, 29.331199645996207 ], [ 74.650177001953239, 29.372369766235352 ], [ 74.756637573242472, 29.355960845947266 ], [ 74.841133117676065, 29.404069900512923 ], [ 74.927146911621378, 29.364639282226562 ], [ 74.953109741211222, 29.281940460205021 ], [ 75.0399169921875, 29.287149429321516 ], [ 75.078079223632983, 29.232450485229663 ], [ 75.108177185058878, 29.22677040100092 ], [ 75.179992675781307, 29.268619537353516 ], [ 75.223457336425781, 29.234951019287166 ], [ 75.319267272949276, 29.293439865112248 ], [ 75.314926147461222, 29.235960006713924 ], [ 75.345306396484546, 29.22616004943859 ], [ 75.357978820800838, 29.254610061645621 ], [ 75.395706176757869, 29.261940002441463 ], [ 75.400650024414062, 29.188909530639592 ], [ 75.361152648925952, 29.142620086670149 ], [ 75.396209716796875, 29.128440856933707 ], [ 75.380653381347713, 29.070320129394474 ], [ 75.430259704589901, 29.064720153808651 ], [ 75.434738159179688, 29.016540527343693 ], [ 75.511100769043026, 29.010829925537337 ], [ 75.51651763916044, 28.975389480590763 ], [ 75.467079162597713, 28.926250457763672 ], [ 75.513366699218921, 28.836589813232422 ], [ 75.498542785644588, 28.787660598754996 ], [ 75.528923034668253, 28.750280380249023 ], [ 75.555709838867358, 28.614591598511026 ], [ 75.618049621582202, 28.602209091186467 ], [ 75.629096984863281, 28.545970916748104 ], [ 75.778228759765909, 28.457611083984432 ], [ 75.770317077636776, 28.407619476318303 ], [ 75.889228820801065, 28.393659591675032 ], [ 75.922378540039176, 28.368909835815543 ], [ 75.954666137695256, 28.318531036377067 ], [ 76.018722534179972, 28.280958175659293 ], [ 76.011192321777344, 28.241750717163086 ], [ 76.053009033203182, 28.224229812622184 ], [ 76.045066833496378, 28.202930450439567 ], [ 76.092887878418026, 28.155218124389705 ], [ 76.065055847168082, 28.144470214843864 ], [ 76.066352844238338, 28.167770385742131 ], [ 76.027748107910327, 28.172721862792912 ], [ 75.936088562011776, 28.093530654907454 ], [ 75.982063293457088, 28.080221176147631 ], [ 75.984550476074276, 28.050741195678825 ], [ 76.015647888183707, 28.088851928711108 ], [ 76.035629272460994, 28.073980331421126 ], [ 76.010078430175838, 28.036710739135742 ], [ 75.969985961914233, 28.030948638916016 ], [ 75.99053955078125, 28.010171890259016 ], [ 75.956398010253906, 28.001020431518498 ], [ 75.986907958984318, 27.984630584716797 ], [ 75.963172912597713, 27.936950683593864 ], [ 75.938507080078296, 27.951091766357649 ], [ 75.923622131347827, 27.933090209960994 ], [ 75.977386474609375, 27.909259796142578 ], [ 75.963081359863281, 27.864730834960938 ], [ 76.049629211426065, 27.847860336303654 ], [ 76.088066101074276, 27.868448257446346 ], [ 76.172920227050952, 27.807460784912166 ], [ 76.223281860351733, 27.840930938720817 ], [ 76.193107604980469, 27.863912582397461 ], [ 76.198638916015625, 27.898990631103516 ], [ 76.166458129882869, 27.915069580078125 ], [ 76.179466247558651, 27.972841262817496 ], [ 76.154937744140568, 27.998991012573299 ], [ 76.213829040527457, 28.031681060790959 ], [ 76.177337646484432, 28.059259414672965 ], [ 76.264923095703182, 28.068740844726676 ], [ 76.297157287597713, 28.025960922241325 ], [ 76.336799621582088, 28.029661178588867 ], [ 76.354598999023722, 28.074201583862418 ], [ 76.29740142822294, 28.10104942321783 ], [ 76.355606079101562, 28.128450393676815 ], [ 76.278182983398608, 28.168571472167969 ], [ 76.288856506347656, 28.182672500610636 ], [ 76.335906982422159, 28.177341461181754 ], [ 76.376770019531193, 28.138071060180664 ], [ 76.470993041992131, 28.154741287231502 ], [ 76.497802734375057, 28.106620788574276 ], [ 76.448570251464901, 28.093170166015909 ], [ 76.49765777587919, 28.064731597900391 ], [ 76.453727722168026, 28.049669265747298 ], [ 76.538520812988281, 28.039119720458928 ], [ 76.538192749023438, 27.970541000366211 ], [ 76.660072326660156, 28.019050598144531 ], [ 76.647850036621264, 28.092210769653377 ], [ 76.791488647460938, 28.157241821289176 ], [ 76.805809020996151, 28.215890884399414 ], [ 76.850486755371151, 28.226669311523551 ], [ 76.899848937988338, 28.204769134521712 ], [ 76.884048461914119, 28.191659927368107 ], [ 76.961761474609375, 28.144010543823356 ], [ 76.918647766113224, 27.997610092163086 ], [ 76.919097900390682, 27.924860000610352 ], [ 76.93881988525419, 27.919029235840128 ], [ 76.926643371582315, 27.834220886230639 ], [ 76.903778076171875, 27.832660675049055 ], [ 76.884078979492472, 27.730909347534293 ], [ 76.914566040039119, 27.700820922851676 ], [ 76.880920410156421, 27.69936943054222 ], [ 76.902626037597599, 27.658519744873274 ], [ 76.934196472168026, 27.675100326538256 ], [ 76.97049713134794, 27.65714263916027 ], [ 76.993537902832088, 27.741701126098746 ], [ 77.079216003418253, 27.738410949707145 ], [ 77.02066802978544, 27.778120040893612 ], [ 77.038276672363452, 27.820041656494197 ], [ 77.126525878906534, 27.776460647583008 ], [ 77.150619506836108, 27.815559387207088 ], [ 77.180656433105582, 27.808652877807674 ], [ 77.168701171874943, 27.784900665283203 ], [ 77.193847656250284, 27.821939468383846 ], [ 77.231742858886776, 27.785800933838175 ], [ 77.262496948242472, 27.816110610961914 ], [ 77.295387268066577, 27.799840927124194 ], [ 77.312332153320312, 27.738679885864258 ], [ 77.297607421875284, 27.718681335449446 ], [ 77.333938598632812, 27.707920074463118 ], [ 77.342765808105526, 27.65720176696783 ], [ 77.311210632324389, 27.611690521240234 ], [ 77.350112915039233, 27.593400955200252 ], [ 77.335136413574276, 27.530021667480526 ], [ 77.382415771484432, 27.516550064087141 ], [ 77.429595947265909, 27.4620494842531 ], [ 77.415176391601733, 27.425371170044002 ], [ 77.431892395019815, 27.399158477783317 ], [ 77.574546813965128, 27.326730728149414 ], [ 77.614112854004077, 27.343389511108398 ], [ 77.591667175293026, 27.300558090210188 ], [ 77.639518737793026, 27.217271804809627 ], [ 77.672996520996037, 27.200361251831225 ], [ 77.605117797851562, 27.168479919433707 ], [ 77.590782165527628, 27.123081207275391 ], [ 77.498413085937557, 27.095190048217887 ], [ 77.521369934081974, 27.067222595214787 ], [ 77.565681457519531, 27.078010559082259 ], [ 77.557395935058878, 27.036899566650618 ], [ 77.627403259277628, 27.015501022338867 ], [ 77.673316955566463, 27.051559448242301 ], [ 77.703582763671875, 27.000310897827205 ], [ 77.722312927246151, 27.000339508056754 ], [ 77.726486206054744, 27.031539916992472 ], [ 77.755012512206974, 27.022760391235408 ], [ 77.736343383789062, 26.988220214843864 ], [ 77.648941040039347, 26.973810195922795 ], [ 77.422470092773494, 26.867019653320312 ], [ 77.428596496582088, 26.770111083984546 ], [ 77.464317321777628, 26.769550323486442 ], [ 77.448310852050724, 26.746749877929801 ], [ 77.49334716796875, 26.766990661621378 ], [ 77.497978210449276, 26.847949981689567 ], [ 77.520690917968807, 26.82200813293457 ], [ 77.604507446289347, 26.83280181884777 ], [ 77.715843200683651, 26.881330490112362 ], [ 77.71891021728527, 26.91641044616722 ], [ 77.753379821777401, 26.937738418579215 ], [ 77.890106201172046, 26.889459609985465 ], [ 77.89994049072294, 26.92454910278326 ], [ 77.941970825195483, 26.899789810180948 ], [ 78.006660461425781, 26.91066169738798 ], [ 78.022026062012003, 26.860870361328125 ], [ 78.047805786132812, 26.874809265136719 ], [ 78.042236328125284, 26.915420532226562 ], [ 78.101470947265682, 26.904989242553768 ], [ 78.114898681640909, 26.954860687255916 ], [ 78.205245971679744, 26.938890457153605 ], [ 78.215896606445312, 26.953950881958121 ], [ 78.262237548828296, 26.923511505126896 ], [ 78.226570129394702, 26.88262939453125 ], [ 78.191139221191463, 26.888610839843977 ], [ 78.213951110840014, 26.848520278930664 ], [ 78.160949707031421, 26.827039718627873 ], [ 78.179756164551065, 26.793569564819563 ], [ 78.09983062744169, 26.797008514404411 ], [ 78.116058349609659, 26.754619598388899 ], [ 78.08914947509794, 26.73810958862299 ], [ 78.085739135742472, 26.683050155639648 ], [ 77.992218017578182, 26.702640533447209 ], [ 77.947891235351733, 26.665040969848633 ], [ 77.894577026367301, 26.662210464477539 ], [ 77.879386901855469, 26.620290756225529 ], [ 77.82041168212919, 26.599838256836165 ], [ 77.812995910644474, 26.554809570312557 ], [ 77.744346618652344, 26.545249938964844 ], [ 77.713981628418253, 26.504249572753963 ], [ 77.667686462402514, 26.508310317993221 ], [ 77.522880554199503, 26.414911270141715 ], [ 77.427719116210881, 26.40690994262718 ], [ 77.436767578125057, 26.36814117431652 ], [ 77.334671020507983, 26.357231140136776 ], [ 77.289947509765739, 26.295591354370174 ], [ 77.203109741210994, 26.237400054931754 ], [ 77.124031066894815, 26.23795127868658 ], [ 77.091682434082202, 26.190879821777401 ], [ 77.034736633300838, 26.181930541992415 ], [ 76.986038208007812, 26.132352828979606 ], [ 76.887779235840014, 26.093322753906193 ], [ 76.830406188964901, 26.029590606689453 ], [ 76.806312561035156, 25.95297813415533 ], [ 76.755912780762003, 25.941690444946403 ], [ 76.745468139648438, 25.909231185913029 ], [ 76.646125793457202, 25.90885162353527 ], [ 76.626602172851847, 25.870870590210075 ], [ 76.592727661132983, 25.874168395996037 ], [ 76.529312133789347, 25.797971725463981 ], [ 76.530616760253963, 25.733970642089957 ], [ 76.482391357422159, 25.718130111694336 ], [ 76.477783203125057, 25.695060729980582 ], [ 76.510803222656364, 25.67283821105957 ], [ 76.520309448242244, 25.529930114746094 ], [ 76.564277648925781, 25.442401885986442 ], [ 76.602546691894645, 25.388980865478572 ], [ 76.681076049804744, 25.345479965209961 ], [ 76.766731262207088, 25.336231231689453 ], [ 76.770095825195483, 25.312191009521484 ], [ 76.89322662353527, 25.32240104675293 ], [ 76.941825866699276, 25.275360107421932 ], [ 77.075469970703296, 25.339691162109489 ], [ 77.205146789550781, 25.311429977417106 ], [ 77.220260620117188, 25.373428344726619 ], [ 77.282981872558764, 25.423589706421012 ], [ 77.305297851562671, 25.436410903930721 ], [ 77.361343383789006, 25.412960052490291 ], [ 77.336418151855469, 25.325580596923828 ], [ 77.371788024902628, 25.320220947265682 ], [ 77.349662780762003, 25.271770477294922 ], [ 77.417991638183537, 25.193029403686523 ], [ 77.390708923339787, 25.188190460205021 ], [ 77.398529052734318, 25.11327171325695 ], [ 77.302856445312557, 25.083869934082259 ], [ 77.262260437011776, 25.119260787963867 ], [ 77.169578552246151, 25.113719940185774 ], [ 77.114456176757869, 25.069089889526367 ], [ 76.993728637695369, 25.079950332641715 ], [ 76.85434722900419, 25.010311126708984 ], [ 76.891227722168139, 24.91967964172369 ], [ 76.920867919921932, 24.916780471801758 ], [ 76.91385650634794, 24.887880325317496 ], [ 76.948921203613395, 24.872869491577376 ], [ 76.801582336425952, 24.819839477539062 ], [ 76.847297668457315, 24.750400543212947 ], [ 76.951736450195369, 24.765460968017635 ], [ 76.971977233886776, 24.731670379638729 ], [ 77.026657104492358, 24.710920333862362 ], [ 77.064697265625114, 24.569910049438533 ], [ 77.050308227539233, 24.526531219482365 ], [ 76.965316772461051, 24.460861206054688 ], [ 76.914649963378906, 24.487659454345703 ], [ 76.912872314453239, 24.543569564819279 ], [ 76.879547119140568, 24.525310516357649 ], [ 76.866203308105469, 24.549360275268612 ], [ 76.814590454101619, 24.534370422363509 ], [ 76.851325988769531, 24.469108581543026 ], [ 76.840179443359432, 24.338720321655217 ], [ 76.874198913574162, 24.271089553832951 ], [ 76.944442749023608, 24.206291198730526 ], [ 76.916137695312784, 24.188720703125 ], [ 76.89994049072294, 24.131111145019531 ], [ 76.801116943359659, 24.120340347290096 ], [ 76.754997253417912, 24.172090530395621 ], [ 76.701141357421932, 24.171440124511832 ], [ 76.674209594726619, 24.193429946899528 ], [ 76.702499389648722, 24.248800277710018 ], [ 76.692962646484659, 24.285049438476619 ], [ 76.616348266601562, 24.262840270996037 ], [ 76.613952636718807, 24.242179870605526 ], [ 76.588020324707088, 24.24955940246582 ], [ 76.59738922119152, 24.22991943359375 ], [ 76.56577301025419, 24.200799942016658 ], [ 76.579727172851562, 24.180679321289062 ], [ 76.531433105469034, 24.163469314575309 ], [ 76.469947814941463, 24.231399536132812 ], [ 76.414436340332088, 24.207420349121151 ], [ 76.326896667480526, 24.253618240356445 ], [ 76.282775878906421, 24.21571159362793 ], [ 76.215568542480753, 24.216808319091797 ], [ 76.185485839843921, 24.331510543823242 ], [ 76.143013000488338, 24.285289764404297 ], [ 76.154457092285213, 24.243761062622127 ], [ 76.121322631836051, 24.196390151977539 ], [ 76.134696960449503, 24.095289230346793 ], [ 75.96018218994169, 24.025369644165096 ], [ 75.975822448730753, 23.932939529418945 ], [ 75.777061462402628, 23.853870391845703 ], [ 75.702331542968693, 23.904050827026367 ], [ 75.698127746581974, 23.877107620239258 ], [ 75.729110717773494, 23.858209609985352 ], [ 75.717849731445369, 23.819032669067496 ], [ 75.687400817871207, 23.819250106811751 ], [ 75.684478759765682, 23.760568618774414 ], [ 75.651832580566577, 23.801948547363509 ], [ 75.582527160644815, 23.800359725952205 ], [ 75.556060791015796, 23.825931549072379 ], [ 75.576179504394588, 23.841510772705135 ], [ 75.560623168945312, 23.859951019287109 ], [ 75.456497192382983, 23.920740127563477 ], [ 75.464767456054744, 23.980728149414176 ], [ 75.514381408691463, 24.048732757568473 ], [ 75.58383941650419, 23.991920471191634 ], [ 75.634742736816463, 23.99983024597168 ], [ 75.669197082519702, 24.033542633056641 ], [ 75.700408935547159, 23.969060897827092 ], [ 75.762039184570312, 23.997951507568416 ], [ 75.779617309570483, 24.062080383300838 ], [ 75.833763122558594, 24.075429916381893 ], [ 75.83579254150402, 24.111351013183707 ], [ 75.812187194824162, 24.102870941162223 ], [ 75.743492126465128, 24.13960075378418 ], [ 75.773506164550952, 24.220891952514648 ], [ 75.826881408691349, 24.246410369873047 ], [ 75.811203002929972, 24.303449630737305 ], [ 75.765090942382812, 24.31065940856945 ], [ 75.737922668457088, 24.347970962524357 ], [ 75.726882934570426, 24.405279159545842 ], [ 75.755279541015682, 24.409309387207145 ], [ 75.791130065918026, 24.475202560424862 ], [ 75.847251892090128, 24.418970108032227 ], [ 75.908996582031307, 24.456140518188477 ], [ 75.891052246093807, 24.509588241577262 ], [ 75.925041198730526, 24.533399581909293 ], [ 75.917396545410213, 24.571479797363281 ], [ 75.828147888183651, 24.613349914550838 ], [ 75.848808288574162, 24.653060913086051 ], [ 75.827140808105526, 24.671501159668196 ], [ 75.838752746582202, 24.72986984252924 ], [ 75.75968170166027, 24.764799118042106 ], [ 75.613327026367244, 24.688421249389705 ], [ 75.581901550293026, 24.722700119018555 ], [ 75.451896667480412, 24.693218231201286 ], [ 75.267242431640909, 24.732719421386776 ], [ 75.216949462890796, 24.722410202026424 ], [ 75.185516357421932, 24.768051147461051 ], [ 75.251922607421932, 24.837169647216854 ], [ 75.227737426758097, 24.847759246826172 ], [ 75.201316833496264, 24.884201049804744 ], [ 75.208190917968921, 24.909999847412166 ], [ 75.249946594238452, 24.895690917968864 ], [ 75.227386474609659, 24.859149932861442 ], [ 75.278938293457202, 24.853490829467887 ], [ 75.305732727050895, 24.813329696655273 ], [ 75.417098999023494, 24.863901138305607 ], [ 75.424217224121378, 24.8927516937257 ], [ 75.311302185058878, 24.869459152221737 ], [ 75.261451721191463, 24.889659881591911 ], [ 75.293083190918026, 24.923179626464787 ], [ 75.275901794433764, 24.976730346679801 ], [ 75.313873291015682, 24.900440216064453 ], [ 75.337486267090014, 24.963100433349723 ], [ 75.318946838378849, 25.006509780883846 ], [ 75.351547241211222, 25.025159835815373 ], [ 75.345588684082088, 25.042800903320312 ], [ 75.159126281738281, 25.04547119140625 ], [ 75.164398193359489, 24.991661071777344 ], [ 75.115707397460994, 24.965391159057674 ], [ 75.118865966796818, 24.889039993286246 ], [ 75.056343078613452, 24.881940841674805 ], [ 75.043388366699389, 24.859228134155217 ], [ 74.92008209228544, 24.891849517822266 ], [ 74.912933349609546, 24.928388595581112 ], [ 74.884696960449389, 24.949760437011776 ], [ 74.867202758789119, 24.936941146850643 ], [ 74.846351623535327, 24.974290847778434 ], [ 74.823608398437443, 24.928501129150447 ], [ 74.855888366699389, 24.853200912475643 ], [ 74.848892211914119, 24.792659759521484 ], [ 74.858566284179858, 24.813060760498047 ], [ 74.916946411132812, 24.787181854248274 ], [ 75.00705718994169, 24.796060562133789 ], [ 75.020233154297159, 24.752767562866325 ], [ 74.993431091308594, 24.752729415893612 ], [ 74.999893188476733, 24.708488464355526 ], [ 74.962165832519588, 24.70084190368658 ], [ 74.942855834961108, 24.660390853882063 ], [ 74.892852783203068, 24.655349731445426 ], [ 74.799316406250057, 24.79564094543457 ], [ 74.775276184082088, 24.68773078918457 ], [ 74.817108154297159, 24.671670913696289 ], [ 74.783447265625057, 24.636760711670036 ], [ 74.790122985839901, 24.610759735107649 ], [ 74.747970581054744, 24.596809387207145 ], [ 74.756752014160213, 24.554620742797908 ], [ 74.711936950683651, 24.510940551757926 ], [ 74.816841125488338, 24.491170883178711 ], [ 74.818267822265568, 24.461950302124023 ], [ 74.858131408691349, 24.467332839965934 ], [ 74.752807617187784, 24.282659530639648 ], [ 74.869720458984489, 24.280708312988338 ], [ 74.894287109375057, 24.261680603027457 ], [ 74.905853271484546, 24.233720779418888 ], [ 74.881126403808651, 24.213502883911076 ], [ 74.992988586425724, 24.029701232910213 ], [ 74.921310424804858, 23.935712814331055 ], [ 74.905677795410327, 23.873910903930721 ], [ 74.940567016601733, 23.734870910644645 ], [ 74.907623291015682, 23.682830810546818 ], [ 74.939720153808707, 23.630371093749943 ], [ 74.906028747558594, 23.622951507568416 ], [ 74.845420837402344, 23.554170608520508 ], [ 74.802886962890625, 23.534051895141715 ], [ 74.785011291503963, 23.548030853271598 ], [ 74.733657836914119, 23.500520706176701 ], [ 74.61338043212919, 23.461360931396541 ], [ 74.518302917480639, 23.328729629516602 ], [ 74.553466796875057, 23.282520294189567 ], [ 74.571922302246151, 23.300891876220703 ], [ 74.646247863769531, 23.259719848632926 ], [ 74.70114898681669, 23.272142410278377 ], [ 74.722152709960938, 23.242511749267521 ], [ 74.695007324218864, 23.223079681396484 ], [ 74.745796203613224, 23.232709884643555 ], [ 74.745697021484432, 23.21211051940918 ], [ 74.669158935547046, 23.201490402221737 ], [ 74.608062744140909, 23.144821166992188 ], [ 74.545700073242472, 23.13207054138195 ], [ 74.512283325195426, 23.088830947876204 ], [ 74.391189575195597, 23.11199951171875 ], [ 74.322776794433764, 23.062690734863395 ], [ 74.282539367675952, 23.095012664794979 ], [ 74.246032714844034, 23.188259124756087 ], [ 74.207542419433537, 23.192050933837947 ], [ 74.182991027832202, 23.152219772338867 ], [ 74.127021789551065, 23.178850173950252 ], [ 74.133781433105639, 23.269451141357422 ], [ 74.10166168212919, 23.295749664306641 ], [ 74.044471740722656, 23.296091079711914 ], [ 74.032661437988452, 23.332349777221793 ], [ 73.990776062011776, 23.337629318237362 ], [ 73.971031188964787, 23.377138137817383 ], [ 73.947296142578182, 23.373519897460938 ], [ 73.938896179199276, 23.34141921997093 ], [ 73.894271850585994, 23.337139129638672 ], [ 73.83213043212919, 23.446750640869254 ], [ 73.783065795898494, 23.434610366821346 ], [ 73.764717102050781, 23.458578109741438 ], [ 73.726142883300781, 23.412662506103516 ], [ 73.704216003418139, 23.455781936645565 ], [ 73.632751464843807, 23.452392578125114 ], [ 73.658416748046818, 23.504119873046875 ], [ 73.637130737304744, 23.548019409179688 ], [ 73.660736083984546, 23.62290191650402 ], [ 73.577270507812557, 23.655361175537337 ], [ 73.513488769531421, 23.616811752319336 ], [ 73.508537292480639, 23.703330993652571 ], [ 73.420486450195369, 23.779331207275447 ], [ 73.375900268554972, 23.766670227050838 ], [ 73.362648010253906, 23.787429809570369 ], [ 73.362075805664062, 23.861869812011832 ], [ 73.424682617187557, 23.931060791015682 ], [ 73.413757324218921, 24.051069259643668 ], [ 73.369628906250284, 24.087980270385799 ], [ 73.373466491699219, 24.128139495849609 ], [ 73.335182189941406, 24.115110397338924 ], [ 73.332496643066577, 24.073682785034237 ], [ 73.291030883789347, 24.027402877807731 ], [ 73.24582672119169, 24.010709762573242 ], [ 73.198936462402287, 24.051460266113395 ], [ 73.223815917968807, 24.098220825195426 ], [ 73.114166259765682, 24.138589859008789 ], [ 73.082687377929744, 24.184980392455998 ], [ 73.144958496093693, 24.307857513427791 ], [ 73.180625915527287, 24.301490783691463 ], [ 73.192947387695369, 24.343570709228629 ], [ 73.211059570312557, 24.334230422973576 ], [ 73.231475830078182, 24.364660263061467 ], [ 73.210983276367358, 24.375419616699219 ], [ 73.169967651367358, 24.350669860839901 ], [ 73.084960937500057, 24.39447021484375 ], [ 73.108329772949162, 24.426321029663086 ], [ 73.094383239746378, 24.49472808837902 ], [ 73.051040649414119, 24.465259552002067 ], [ 73.00034332275419, 24.470630645752067 ], [ 72.963279724121151, 24.383739471435547 ], [ 72.991462707519702, 24.363971710205135 ], [ 72.923912048339844, 24.326322555541935 ], [ 72.868118286132869, 24.365810394287109 ], [ 72.732536315918082, 24.361270904541243 ], [ 72.693466186523722, 24.419281005859375 ], [ 72.697250366211051, 24.457210540771712 ], [ 72.588500976562557, 24.472501754760799 ], [ 72.544578552246264, 24.506851196289062 ], [ 72.500556945800838, 24.450290679931641 ], [ 72.507713317871037, 24.409931182861385 ], [ 72.464675903320369, 24.407119750976619 ], [ 72.436676025390682, 24.46051025390625 ], [ 72.442489624023438, 24.504249572753963 ], [ 72.386322021484432, 24.500511169433537 ], [ 72.357933044433707, 24.552511215210075 ], [ 72.295120239257869, 24.53844070434576 ], [ 72.250999450683594, 24.580160140991325 ], [ 72.279258728027514, 24.600000381469783 ], [ 72.325996398925952, 24.586860656738395 ], [ 72.353782653808537, 24.618101119995231 ], [ 72.229988098144815, 24.632881164550724 ], [ 72.165397644043139, 24.614500045776481 ], [ 72.084899902343921, 24.652751922607536 ], [ 72.085250854492188, 24.697008132934513 ], [ 72.052490234375, 24.705789566039982 ], [ 71.944190979003963, 24.626779556274528 ], [ 71.920082092285327, 24.667350769043082 ], [ 71.876472473144588, 24.675159454345703 ], [ 71.858390808105582, 24.604169845581168 ], [ 71.811767578125171, 24.621820449829215 ], [ 71.798988342285327, 24.670520782470817 ], [ 71.661560058593864, 24.633260726928711 ], [ 71.616592407226506, 24.670680999755973 ], [ 71.488319396972713, 24.673851013183707 ], [ 71.383056640625057, 24.621681213378906 ], [ 71.351036071777457, 24.653219223022575 ], [ 71.297737121582202, 24.607641220092717 ], [ 71.119277954101619, 24.668649673461914 ], [ 71.072853088379077, 24.711999893188533 ], [ 70.945487976074276, 24.934541702270508 ], [ 70.894309997558764, 25.144058227539062 ], [ 70.674171447753849, 25.389320373535099 ], [ 70.687866210937784, 25.517349243164062 ], [ 70.665962219238565, 25.69722938537592 ], [ 70.617050170898494, 25.706630706787109 ], [ 70.399658203125114, 25.663799285888899 ], [ 70.279617309570369, 25.701259613037223 ], [ 70.096076965332031, 25.944316864013672 ], [ 70.082572937011889, 26.073858261108398 ], [ 70.172668457031307, 26.245077133178825 ], [ 70.183898925781307, 26.486833572387809 ], [ 70.167739868164347, 26.550743103027344 ], [ 70.066192626953182, 26.599290847778377 ], [ 69.815361022949219, 26.592157363891545 ], [ 69.515449523926065, 26.740055084228516 ], [ 69.483734130859432, 26.806230545044002 ], [ 69.513206481933764, 27.016868591308537 ], [ 69.586662292480639, 27.177984237671012 ], [ 70.016265869140682, 27.555995941162109 ], [ 70.156951904297046, 27.834049224853629 ], [ 70.366165161132983, 28.008249282836971 ], [ 70.483757019043026, 28.034011840820426 ], [ 70.562629699707202, 28.019802093505973 ], [ 70.672103881836108, 27.914318084716911 ], [ 70.678413391113452, 27.839052200317383 ], [ 70.75766754150402, 27.717208862304801 ], [ 70.884170532226506, 27.69840049743658 ], [ 71.272956848144531, 27.841928482055721 ], [ 71.658287048339901, 27.868930816650504 ], [ 71.897377014160156, 27.957420349121094 ], [ 71.933258056640796, 28.126859664917106 ], [ 71.995880126953182, 28.20695686340332 ], [ 72.184425354003906, 28.358005523681925 ], [ 72.301956176757983, 28.664815902709961 ], [ 72.384696960449219, 28.763940811157283 ], [ 72.711296081543026, 28.935029983520565 ], [ 72.941719055175838, 29.027200698852596 ], [ 73.271316528320369, 29.556961059570369 ], [ 73.391372680664347, 29.937870025634879 ], [ 73.787216186523608, 30.066400527954102 ], [ 73.966316223144702, 30.195049285888672 ], [ 73.966651916503906, 30.121189117431641 ], [ 73.898406982422046, 30.053649902343807 ], [ 73.889442443847827, 29.977609634399641 ] ] ] } },
{ "type": "Feature", "properties": { "ID_0": 105, "ISO": "IND", "NAME_0": "India", "ID_1": 30, "NAME_1": "Sikkim" }, "geometry": { "type": "Polygon", "coordinates": [ [ [ 88.607467651367358, 28.127550125122355 ], [ 88.666770935058537, 28.074079513549975 ], [ 88.751083374023438, 28.073312759399641 ], [ 88.829055786133097, 28.015159606933878 ], [ 88.836250305175838, 27.932001113891658 ], [ 88.881385803222827, 27.89253044128418 ], [ 88.880996704101733, 27.838960647583121 ], [ 88.854263305664006, 27.816522598266602 ], [ 88.846611022949503, 27.66889953613304 ], [ 88.76706695556669, 27.564960479736499 ], [ 88.788948059082088, 27.526130676269474 ], [ 88.783386230468807, 27.455551147461051 ], [ 88.811759948730639, 27.402561187744197 ], [ 88.922370910644531, 27.326320648193644 ], [ 88.907272338867472, 27.283540725708121 ], [ 88.801101684570483, 27.247579574585075 ], [ 88.788200378418026, 27.185834884643555 ], [ 88.732536315918253, 27.137350082397745 ], [ 88.691497802734432, 27.178699493408317 ], [ 88.656455993652628, 27.162401199340934 ], [ 88.558990478515909, 27.188751220703125 ], [ 88.520751953125057, 27.178180694580078 ], [ 88.529930114746151, 27.150150299072436 ], [ 88.431945800781534, 27.081609725952205 ], [ 88.323837280273438, 27.104900360107365 ], [ 88.304496765136776, 27.128601074218864 ], [ 88.178993225097713, 27.134710311889819 ], [ 88.152313232422159, 27.111709594726562 ], [ 88.092666625976562, 27.136278152465934 ], [ 88.074951171875171, 27.200839996337834 ], [ 88.016967773437671, 27.218872070312671 ], [ 88.069213867187671, 27.335580825805948 ], [ 88.049415588379077, 27.405216217041243 ], [ 88.082618713378963, 27.426414489746094 ], [ 88.046333312988452, 27.49576568603527 ], [ 88.147254943847827, 27.665403366089095 ], [ 88.161048889160213, 27.740617752075366 ], [ 88.199920654296932, 27.790529251098746 ], [ 88.175720214843807, 27.820215225219954 ], [ 88.203926086425838, 27.837314605712834 ], [ 88.12998199462902, 27.881515502929688 ], [ 88.123908996582315, 27.950920104980639 ], [ 88.18865966796875, 27.943679809570312 ], [ 88.229698181152401, 27.96792030334467 ], [ 88.243888854980753, 27.948539733886776 ], [ 88.345191955566349, 27.989480972289982 ], [ 88.389801025390909, 27.978080749511946 ], [ 88.483116149902514, 28.045587539672852 ], [ 88.538948059082315, 28.038890838623161 ], [ 88.554450988769702, 28.084831237792969 ], [ 88.616462707519702, 28.103679656982649 ], [ 88.607467651367358, 28.127550125122355 ] ] ] } },
{ "type": "Feature", "properties": { "ID_0": 105, "ISO": "IND", "NAME_0": "India", "ID_1": 31, "NAME_1": "Tamil Nadu" }, "geometry": { "type": "MultiPolygon", "coordinates": [ [ [ [ 77.553466796875171, 8.078750610351847 ], [ 77.555969238281307, 8.076805114746321 ], [ 77.553192138672159, 8.077361106872786 ], [ 77.553466796875171, 8.078750610351847 ] ] ], [ [ [ 78.109863281250057, 8.614583015442122 ], [ 78.120697021484546, 8.614311218261776 ], [ 78.117362976074503, 8.610140800476074 ], [ 78.109863281250057, 8.614583015442122 ] ] ], [ [ [ 78.120407104492301, 8.617920875549544 ], [ 78.119857788086222, 8.615140914916992 ], [ 78.119026184082088, 8.615416526794661 ], [ 78.120407104492301, 8.617920875549544 ] ] ], [ [ [ 78.111251831054801, 8.632362365722656 ], [ 78.115676879883097, 8.631531715393351 ], [ 78.122642517089901, 8.634030342102051 ], [ 78.117919921875057, 8.6173610687257 ], [ 78.111251831054801, 8.632362365722656 ] ] ], [ [ [ 78.125968933105753, 8.643195152282715 ], [ 78.127639770507869, 8.645140647888184 ], [ 78.128196716308651, 8.642916679382324 ], [ 78.125968933105753, 8.643195152282715 ] ] ], [ [ [ 78.117080688476733, 8.642360687255859 ], [ 78.124580383300838, 8.649582862854231 ], [ 78.124031066894645, 8.638194084167708 ], [ 78.117080688476733, 8.642360687255859 ] ] ], [ [ [ 78.210136413574389, 8.835416793823413 ], [ 78.212066650390796, 8.839030265808333 ], [ 78.211524963378963, 8.835416793823413 ], [ 78.210136413574389, 8.835416793823413 ] ] ], [ [ [ 78.222915649414233, 8.87236213684082 ], [ 78.227081298828068, 8.871250152587891 ], [ 78.227355957031307, 8.867361068725813 ], [ 78.222915649414233, 8.87236213684082 ] ] ], [ [ [ 78.251808166503963, 8.953193664550781 ], [ 78.255416870117244, 8.955419540405273 ], [ 78.254585266113452, 8.952918052673283 ], [ 78.251808166503963, 8.953193664550781 ] ] ], [ [ [ 78.487922668457088, 9.09014034271263 ], [ 78.495140075683651, 9.090694427490519 ], [ 78.493194580078296, 9.08569431304943 ], [ 78.487922668457088, 9.09014034271263 ] ] ], [ [ [ 78.538192749023608, 9.105973243713379 ], [ 78.538192749023608, 9.102916717529411 ], [ 78.534858703613338, 9.102360725403116 ], [ 78.538192749023608, 9.105973243713379 ] ] ], [ [ [ 78.576530456543139, 9.110420227050838 ], [ 78.586250305175781, 9.108749389648551 ], [ 78.571807861328125, 9.102081298828239 ], [ 78.576530456543139, 9.110420227050838 ] ] ], [ [ [ 78.484863281250057, 9.133473396301383 ], [ 78.486808776855582, 9.130970954895304 ], [ 78.484580993652287, 9.1312513351441 ], [ 78.484863281250057, 9.133473396301383 ] ] ], [ [ [ 78.694305419921932, 9.154861450195369 ], [ 78.696525573730639, 9.151250839233342 ], [ 78.693191528320597, 9.151239395141829 ], [ 78.694305419921932, 9.154861450195369 ] ] ], [ [ [ 78.728752136230639, 9.152360916137695 ], [ 78.732086181640682, 9.155421257019043 ], [ 78.731803894043139, 9.151250839233342 ], [ 78.728752136230639, 9.152360916137695 ] ] ], [ [ [ 78.814857482910213, 9.157921791076888 ], [ 78.828475952148381, 9.165417671203613 ], [ 78.820137023925952, 9.157638549804688 ], [ 78.814857482910213, 9.157921791076888 ] ] ], [ [ [ 78.904861450195369, 9.183472633362044 ], [ 78.931541442871151, 9.181539535522745 ], [ 78.907081604004077, 9.180694580078296 ], [ 78.902641296387003, 9.17791652679449 ], [ 78.898475646972599, 9.179306983947811 ], [ 78.904861450195369, 9.183472633362044 ] ] ], [ [ [ 78.965415954589787, 9.188470840454158 ], [ 78.970970153808764, 9.185973167419547 ], [ 78.968482971191406, 9.184030532836914 ], [ 78.965415954589787, 9.188470840454158 ] ] ], [ [ [ 79.058197021484432, 9.197078704834041 ], [ 79.086250305175838, 9.193750381469727 ], [ 79.089302062988338, 9.199861526489258 ], [ 79.091529846191577, 9.195969581603947 ], [ 79.085136413574276, 9.191805839538517 ], [ 79.058197021484432, 9.197078704834041 ] ] ], [ [ [ 79.138748168945597, 9.214029312133846 ], [ 79.141250610351847, 9.212917327881087 ], [ 79.138465881347827, 9.212361335754451 ], [ 79.138748168945597, 9.214029312133846 ] ] ], [ [ [ 79.120956420898494, 9.215970993041992 ], [ 79.134857177734375, 9.216529846191349 ], [ 79.135971069336108, 9.214860916137638 ], [ 79.120956420898494, 9.215970993041992 ] ] ], [ [ [ 79.234580993652514, 9.239581108093489 ], [ 79.238197326660327, 9.24431037902832 ], [ 79.239303588867472, 9.240973472595215 ], [ 79.234580993652514, 9.239581108093489 ] ] ], [ [ [ 79.180969238281421, 9.240140914916935 ], [ 79.183197021484659, 9.241519927978572 ], [ 79.201530456543253, 9.234030723571891 ], [ 79.180969238281421, 9.240140914916935 ] ] ], [ [ [ 79.207641601562784, 9.249309539794922 ], [ 79.222076416015682, 9.247078895568791 ], [ 79.20096588134794, 9.241250991821289 ], [ 79.207641601562784, 9.249309539794922 ] ] ], [ [ [ 79.312362670898381, 9.328472137451172 ], [ 79.335136413574276, 9.311531066894474 ], [ 79.325973510742188, 9.261804580688647 ], [ 79.439857482910213, 9.158194541931152 ], [ 79.298759460449276, 9.246809959411735 ], [ 79.214584350585938, 9.254028320312727 ], [ 79.220413208008097, 9.292082786560059 ], [ 79.267639160156307, 9.293194770812988 ], [ 79.312362670898381, 9.328472137451172 ] ] ], [ [ [ 79.529304504394588, 9.384028434753702 ], [ 79.529136657714901, 9.384028434753702 ], [ 79.529304504394588, 9.384197235107649 ], [ 79.529304504394588, 9.384028434753702 ] ] ], [ [ [ 79.530090332031307, 9.385957717895451 ], [ 79.530136108398722, 9.385693550109863 ], [ 79.529983520508097, 9.385693550109863 ], [ 79.530090332031307, 9.385957717895451 ] ] ], [ [ [ 79.530418395996264, 9.385972023010254 ], [ 79.530136108398722, 9.387084007263184 ], [ 79.530418395996264, 9.387084007263184 ], [ 79.530418395996264, 9.385972023010254 ] ] ], [ [ [ 79.529930114746151, 9.38863563537592 ], [ 79.530136108398722, 9.388750076294002 ], [ 79.530136108398722, 9.388317108154467 ], [ 79.529930114746151, 9.38863563537592 ] ] ], [ [ [ 79.529861450195483, 9.389020919800032 ], [ 79.529708862304744, 9.388955116272086 ], [ 79.529678344726562, 9.389115333557186 ], [ 79.529861450195483, 9.389020919800032 ] ] ], [ [ [ 79.529304504394588, 9.389304161071891 ], [ 79.529586791992472, 9.389310836792163 ], [ 79.529586791992472, 9.389160156249943 ], [ 79.529304504394588, 9.389304161071891 ] ] ], [ [ [ 79.529304504394588, 9.389860153198185 ], [ 79.528945922851619, 9.389602661132812 ], [ 79.528648376465128, 9.389852523803825 ], [ 79.529304504394588, 9.389860153198185 ] ] ], [ [ [ 79.528648376465128, 9.389852523803825 ], [ 79.528358459472713, 9.39013767242426 ], [ 79.528747558593807, 9.390140533447322 ], [ 79.528648376465128, 9.389852523803825 ] ] ], [ [ [ 79.702919006347713, 10.28819465637207 ], [ 79.706802368164006, 10.285140991211165 ], [ 79.702362060546989, 10.287082672119141 ], [ 79.702919006347713, 10.28819465637207 ] ] ], [ [ [ 79.697082519531193, 10.288750648498535 ], [ 79.700965881347713, 10.289310455322379 ], [ 79.700691223144815, 10.288190841674918 ], [ 79.697082519531193, 10.288750648498535 ] ] ], [ [ [ 79.693466186523438, 10.291249275207463 ], [ 79.696250915527401, 10.289583206176815 ], [ 79.693466186523438, 10.289581298828239 ], [ 79.693466186523438, 10.291249275207463 ] ] ], [ [ [ 79.688751220703125, 10.295694351196346 ], [ 79.692916870117358, 10.295417785644759 ], [ 79.690414428710938, 10.293471336364746 ], [ 79.688751220703125, 10.295694351196346 ] ] ], [ [ [ 79.683471679687557, 10.298195838928336 ], [ 79.686805725097827, 10.297083854675407 ], [ 79.684860229492472, 10.295417785644759 ], [ 79.683471679687557, 10.298195838928336 ] ] ], [ [ [ 79.620140075683651, 10.299030303955192 ], [ 79.629302978515682, 10.299030303955192 ], [ 79.629302978515682, 10.298191070556697 ], [ 79.620140075683651, 10.299030303955192 ] ] ], [ [ [ 79.605972290039062, 10.302639961242733 ], [ 79.609024047851562, 10.300971984863509 ], [ 79.605697631836222, 10.301527976989803 ], [ 79.605972290039062, 10.302639961242733 ] ] ], [ [ [ 79.615974426269815, 10.308195114135799 ], [ 79.620697021484432, 10.306530952453784 ], [ 79.616249084472827, 10.306530952453784 ], [ 79.615974426269815, 10.308195114135799 ] ] ], [ [ [ 79.622093200683878, 10.307921409607104 ], [ 79.623474121093921, 10.30652904510498 ], [ 79.621246337890682, 10.305416107177734 ], [ 79.622093200683878, 10.307921409607104 ] ] ], [ [ [ 79.627914428710994, 10.308195114135799 ], [ 79.63153076171875, 10.306806564331282 ], [ 79.627914428710994, 10.306806564331282 ], [ 79.627914428710994, 10.308195114135799 ] ] ], [ [ [ 79.703750610351506, 10.303750038146916 ], [ 79.704849243164347, 10.306530952453784 ], [ 79.709861755371037, 10.307641029358138 ], [ 79.710693359375057, 10.307359695434684 ], [ 79.703750610351506, 10.303750038146916 ] ] ], [ [ [ 79.669860839843921, 10.307359695434684 ], [ 79.682640075683764, 10.305416107177734 ], [ 79.669586181640909, 10.306530952453784 ], [ 79.669860839843921, 10.307359695434684 ] ] ], [ [ [ 79.689308166504077, 10.306806564331282 ], [ 79.694030761718693, 10.308195114135799 ], [ 79.692359924316577, 10.304306030273381 ], [ 79.689308166504077, 10.306806564331282 ] ] ], [ [ [ 79.605422973632869, 10.310150146484432 ], [ 79.609863281250284, 10.309305191039982 ], [ 79.605140686035099, 10.30624961853033 ], [ 79.605422973632869, 10.310150146484432 ] ] ], [ [ [ 79.692909240722827, 10.313751220703352 ], [ 79.716529846191349, 10.315140724182413 ], [ 79.715972900390625, 10.311531066894645 ], [ 79.692909240722827, 10.313751220703352 ] ] ], [ [ [ 79.627906799316406, 10.330421447753849 ], [ 79.632919311523494, 10.3298597335816 ], [ 79.627639770508097, 10.325969696045092 ], [ 79.627906799316406, 10.330421447753849 ] ] ], [ [ [ 79.624862670898494, 10.338750839233512 ], [ 79.628753662109659, 10.342082977294979 ], [ 79.628196716308878, 10.336811065673771 ], [ 79.624862670898494, 10.338750839233512 ] ] ], [ [ [ 79.837348937988338, 11.233190536499023 ], [ 79.841529846191406, 11.235139846801701 ], [ 79.842086791992358, 11.234021186828727 ], [ 79.837348937988338, 11.233190536499023 ] ] ], [ [ [ 79.824577331543026, 11.236809730529899 ], [ 79.827919006347599, 11.235695838928393 ], [ 79.823753356933764, 11.234582901001147 ], [ 79.824577331543026, 11.236809730529899 ] ] ], [ [ [ 79.987358093262003, 12.250141143798828 ], [ 79.991531372070597, 12.249581336975382 ], [ 79.985137939453296, 12.245141029357967 ], [ 79.987358093262003, 12.250141143798828 ] ] ], [ [ [ 80.321250915527401, 13.434861183166447 ], [ 80.325141906738565, 13.435973167419604 ], [ 80.324851989746094, 13.434311866760254 ], [ 80.321250915527401, 13.434861183166447 ] ] ], [ [ [ 80.075820922851676, 13.526760101318416 ], [ 80.152099609375057, 13.478879928588867 ], [ 80.240905761718921, 13.470150947571028 ], [ 80.275970458984375, 13.389142036438102 ], [ 80.312126159668026, 13.369380950927734 ], [ 80.316253662109546, 13.428473472595329 ], [ 80.329864501953182, 13.387084007263297 ], [ 80.324302673339901, 13.370694160461596 ], [ 80.329032897949389, 13.366530418395939 ], [ 80.330696105956974, 13.392919540405501 ], [ 80.319313049316577, 13.423749923706055 ], [ 80.326248168945369, 13.429861068725586 ], [ 80.325141906738565, 13.437919616699219 ], [ 80.324577331543253, 13.439029693603743 ], [ 80.326248168945369, 13.44264030456543 ], [ 80.344856262207202, 13.273191452026481 ], [ 80.30625152587919, 13.215141296386719 ], [ 80.333747863769474, 13.235139846801871 ], [ 80.266807556152287, 13.013194084167424 ], [ 80.247917175292912, 12.805151939392204 ], [ 80.23264312744169, 12.846250534057674 ], [ 80.231803894043026, 12.784860610961857 ], [ 80.248191833496151, 12.802639961242789 ], [ 80.254028320312443, 12.779030799865779 ], [ 80.185417175293139, 12.57763862609869 ], [ 80.181526184082315, 12.609862327575797 ], [ 80.164855957031307, 12.60374927520752 ], [ 80.184585571289347, 12.574583053588867 ], [ 80.155982971191349, 12.466810226440373 ], [ 80.050697326660099, 12.325969696045036 ], [ 80.064025878906534, 12.349860191345499 ], [ 80.058197021484546, 12.36736202240013 ], [ 80.017082214355753, 12.340419769287166 ], [ 80.013748168945483, 12.322641372680721 ], [ 80.063186645507869, 12.351250648498649 ], [ 80.009307861328068, 12.256526947021598 ], [ 80.011528015136776, 12.272641181945801 ], [ 79.944580078125057, 12.220141410827637 ], [ 80.007080078125171, 12.254583358764648 ], [ 79.884864807128963, 12.064861297607536 ], [ 79.837638854980753, 11.940549850463981 ], [ 79.799728393554858, 11.964289665222452 ], [ 79.736900329590128, 11.907170295715275 ], [ 79.715705871582088, 11.967451095580998 ], [ 79.749649047851619, 11.986130714416731 ], [ 79.705848693847599, 11.97737026214611 ], [ 79.679039001464901, 12.019260406494254 ], [ 79.642341613769474, 11.975811004638615 ], [ 79.699050903320312, 11.97205924987793 ], [ 79.678199768066349, 11.936532020568904 ], [ 79.724899291992472, 11.891510009765852 ], [ 79.691535949707315, 11.878400802612305 ], [ 79.702583312988565, 11.902500152587947 ], [ 79.682861328125057, 11.904708862304801 ], [ 79.659072875976676, 11.865669250488281 ], [ 79.695732116699503, 11.873379707336539 ], [ 79.703796386718921, 11.838290214538574 ], [ 79.72776031494169, 11.832339286804142 ], [ 79.749809265136776, 11.860529899597282 ], [ 79.752136230468807, 11.82445144653326 ], [ 79.781761169433537, 11.840270996093864 ], [ 79.800697326660327, 11.807640075683707 ], [ 79.757080078125057, 11.563750267028809 ], [ 79.827362060546875, 11.362921714782715 ], [ 79.809593200683878, 11.383750915527571 ], [ 79.810691833496151, 11.370970726013411 ], [ 79.837905883789062, 11.356810569763184 ], [ 79.846542358398494, 11.244029998779524 ], [ 79.804580688476619, 11.236251831054858 ], [ 79.840141296386719, 11.229030609131144 ], [ 79.847640991210994, 11.24292087554926 ], [ 79.85514068603527, 10.977641105651969 ], [ 79.801452636718921, 10.986211776733455 ], [ 79.783416748046932, 10.967331886291504 ], [ 79.731903076171932, 10.987039566040039 ], [ 79.745536804199219, 10.943340301513786 ], [ 79.703651428222713, 10.951861381530875 ], [ 79.721229553222713, 10.935310363769531 ], [ 79.704231262207088, 10.918870925903434 ], [ 79.743026733398722, 10.881941795349178 ], [ 79.808982849121207, 10.867440223693848 ], [ 79.789566040039347, 10.861750602722168 ], [ 79.813339233398494, 10.814081192016658 ], [ 79.851249694824389, 10.813771247863826 ], [ 79.882919311523438, 10.302359580993596 ], [ 79.835693359375114, 10.275416374206543 ], [ 79.742919921875, 10.275137901306152 ], [ 79.784858703613452, 10.280694961547795 ], [ 79.757080078125057, 10.312083244323787 ], [ 79.769859313964901, 10.303194046020451 ], [ 79.775695800781421, 10.301532745361271 ], [ 79.778472900390739, 10.302362442016658 ], [ 79.761253356933651, 10.313195228576888 ], [ 79.730140686035156, 10.310971260070801 ], [ 79.710418701172159, 10.325151443481445 ], [ 79.636528015136776, 10.318190574645939 ], [ 79.629859924316463, 10.363195419311467 ], [ 79.613471984863338, 10.317360877990723 ], [ 79.551246643066463, 10.312358856201456 ], [ 79.662361145019474, 10.289040565490836 ], [ 79.673469543457202, 10.301532745361271 ], [ 79.681808471679972, 10.290139198303279 ], [ 79.739028930664347, 10.277359962463436 ], [ 79.52652740478544, 10.305416107177734 ], [ 79.588752746582031, 10.332637786865405 ], [ 79.545143127441463, 10.347920417785815 ], [ 79.525695800781307, 10.318470954895076 ], [ 79.512359619140682, 10.337638854980582 ], [ 79.495414733886832, 10.318749427795467 ], [ 79.486526489257983, 10.335695266723633 ], [ 79.45597076416044, 10.342082977294979 ], [ 79.486526489257983, 10.326250076294059 ], [ 79.457084655762003, 10.320418357849178 ], [ 79.512367248535213, 10.309030532837141 ], [ 79.385696411132869, 10.316809654236124 ], [ 79.294860839843921, 10.260695457458723 ], [ 79.229026794433594, 10.14431095123291 ], [ 79.228469848632983, 10.092082023620549 ], [ 79.267364501953125, 10.037916183471737 ], [ 79.155136108398494, 9.932360649108944 ], [ 79.12180328369169, 9.854579925537166 ], [ 78.981529235839901, 9.690421104431209 ], [ 78.898178100585994, 9.489031791687012 ], [ 78.939308166504077, 9.40625190734886 ], [ 79.034301757812671, 9.318470954895133 ], [ 79.190696716308764, 9.281808853149357 ], [ 78.834861755371151, 9.245141983032511 ], [ 78.830139160156534, 9.254305839538631 ], [ 78.834587097167969, 9.264305114746321 ], [ 78.834587097167969, 9.267083168029899 ], [ 78.832641601562784, 9.268760681152457 ], [ 78.828750610351619, 9.25485992431652 ], [ 78.832359313964901, 9.243195533752498 ], [ 78.718475341797046, 9.190139770507869 ], [ 78.657913208008097, 9.192361831664982 ], [ 78.642356872558764, 9.173749923706168 ], [ 78.657356262207315, 9.15764141082775 ], [ 78.578186035156534, 9.1312513351441 ], [ 78.484016418457031, 9.127919197082804 ], [ 78.489021301269702, 9.132920265197811 ], [ 78.490692138671875, 9.144862174987907 ], [ 78.48874664306669, 9.150137901306096 ], [ 78.481796264648494, 9.127361297607365 ], [ 78.365417480468921, 9.092082023620776 ], [ 78.288192749023494, 9.015416145324821 ], [ 78.260971069335994, 9.01875114440918 ], [ 78.168746948242358, 8.882081985473633 ], [ 78.157363891601619, 8.771528244018555 ], [ 78.190971374511776, 8.765418052673283 ], [ 78.198471069335881, 8.789031982421932 ], [ 78.230133056640568, 8.748750686645508 ], [ 78.197639465332088, 8.763194084167594 ], [ 78.223472595214844, 8.745971679687614 ], [ 78.170692443847656, 8.745141029357967 ], [ 78.127639770507869, 8.650420188903752 ], [ 78.122642517089901, 8.662360191345272 ], [ 78.104858398437671, 8.651530265808105 ], [ 78.096527099609432, 8.58125019073492 ], [ 78.114860534668026, 8.5798597335816 ], [ 78.135971069336108, 8.592081069946403 ], [ 78.101806640625171, 8.59236145019554 ], [ 78.110420227050781, 8.612360000610522 ], [ 78.111808776855526, 8.600139617920036 ], [ 78.122360229492472, 8.598191261291447 ], [ 78.127357482910327, 8.638471603393782 ], [ 78.138748168945597, 8.588750839233512 ], [ 78.130416870117358, 8.497078895568961 ], [ 78.065406799316406, 8.420420646667537 ], [ 78.049591064453182, 8.38041973114008 ], [ 78.066802978515682, 8.370415687561319 ], [ 77.804031372070256, 8.248195648193416 ], [ 77.746246337890568, 8.177082061767862 ], [ 77.575691223144815, 8.135695457458723 ], [ 77.550971984863452, 8.076525688171444 ], [ 77.315971374511889, 8.120971679687671 ], [ 77.0906982421875, 8.297361373901367 ], [ 77.121948242187784, 8.322941780090332 ], [ 77.159652709960994, 8.312500953674316 ], [ 77.134819030761776, 8.378529548645133 ], [ 77.209518432617131, 8.437719345092717 ], [ 77.186492919922046, 8.493371009826717 ], [ 77.247543334960994, 8.501379966735897 ], [ 77.265159606933707, 8.5374498367309 ], [ 77.155319213867472, 8.737560272216797 ], [ 77.214675903320312, 8.775760650634993 ], [ 77.241500854492301, 8.864782333373967 ], [ 77.204742431640568, 8.917410850525016 ], [ 77.180442810058651, 8.915749549865836 ], [ 77.132179260253963, 9.011850357055721 ], [ 77.182083129882983, 9.036500930786246 ], [ 77.195861816406307, 9.088421821594295 ], [ 77.251777648925838, 9.1430406570434 ], [ 77.236618041992188, 9.179190635681152 ], [ 77.266807556152401, 9.208819389343262 ], [ 77.266822814941463, 9.290880203247298 ], [ 77.284141540527514, 9.327470779418945 ], [ 77.311340332031534, 9.327901840209961 ], [ 77.334251403808537, 9.431051254272575 ], [ 77.378585815429744, 9.450750350952148 ], [ 77.396232604980753, 9.496541976928711 ], [ 77.350547790527401, 9.526291847229118 ], [ 77.340896606445597, 9.595050811767521 ], [ 77.324783325195312, 9.563199996948356 ], [ 77.304306030273381, 9.593041419983024 ], [ 77.255012512207088, 9.56499099731451 ], [ 77.151870727539347, 9.606019973754996 ], [ 77.208229064941577, 9.721670150756893 ], [ 77.209815979003963, 9.779940605163631 ], [ 77.233985900879077, 9.788519859313908 ], [ 77.208923339844034, 9.814521789550781 ], [ 77.223663330078296, 9.849010467529354 ], [ 77.199111938476619, 9.865981101989746 ], [ 77.204437255859432, 9.894319534301758 ], [ 77.261421203613452, 9.963721275329817 ], [ 77.248092651367358, 10.020230293273869 ], [ 77.188140869140909, 10.095651626587028 ], [ 77.259780883789119, 10.11908054351818 ], [ 77.280448913574503, 10.20725154876709 ], [ 77.246528625488281, 10.220609664917049 ], [ 77.222160339355639, 10.340300559997672 ], [ 77.162956237793253, 10.346281051635742 ], [ 77.051879882812557, 10.285481452942008 ], [ 77.038551330566463, 10.248160362243766 ], [ 76.970787048339901, 10.208650588989258 ], [ 76.905479431152287, 10.224751472473145 ], [ 76.864273071289347, 10.290040969848576 ], [ 76.838546752929688, 10.277599334717024 ], [ 76.819671630859375, 10.295240402221793 ], [ 76.839347839355639, 10.359709739685115 ], [ 76.807327270507869, 10.414919853210506 ], [ 76.829727172851847, 10.585062026977653 ], [ 76.804992675781421, 10.626340866088924 ], [ 76.872619628906364, 10.629431724548454 ], [ 76.855506896972599, 10.675271987915153 ], [ 76.897506713867358, 10.770799636841048 ], [ 76.888298034668253, 10.799881935119629 ], [ 76.840415954590128, 10.807660102844295 ], [ 76.817558288574162, 10.861801147461051 ], [ 76.649162292480639, 10.924152374267578 ], [ 76.70652008056669, 11.031351089477596 ], [ 76.756973266601619, 11.024591445922852 ], [ 76.792472839355526, 11.04237270355236 ], [ 76.737098693847827, 11.047510147094727 ], [ 76.738716125488338, 11.121290206909237 ], [ 76.691177368164119, 11.144510269165153 ], [ 76.725578308105753, 11.208890914917106 ], [ 76.696968078613565, 11.231330871582031 ], [ 76.623039245605639, 11.18567085266119 ], [ 76.487648010253906, 11.202790260315169 ], [ 76.452720642090014, 11.180210113525504 ], [ 76.446388244628849, 11.230461120605582 ], [ 76.540168762207145, 11.292347908020076 ], [ 76.538200378418026, 11.351590156555176 ], [ 76.448387145996151, 11.381419181823844 ], [ 76.410392761230639, 11.433590888977051 ], [ 76.333686828613452, 11.458710670471191 ], [ 76.320907592773608, 11.444699287414551 ], [ 76.278060913085994, 11.474531173706112 ], [ 76.240097045898494, 11.459641456604004 ], [ 76.225746154785327, 11.564439773559798 ], [ 76.270973205566406, 11.59290885925293 ], [ 76.297897338867244, 11.5643310546875 ], [ 76.350112915039233, 11.582741737365779 ], [ 76.380065917968921, 11.622419357299748 ], [ 76.424797058105753, 11.62329006195074 ], [ 76.423461914062784, 11.659320831298942 ], [ 76.451362609863281, 11.655119895935059 ], [ 76.504211425781421, 11.698040962219295 ], [ 76.540420532226506, 11.67050933837902 ], [ 76.560066223144474, 11.610120773315657 ], [ 76.746269226074389, 11.610541343689022 ], [ 76.837280273437557, 11.574480056762695 ], [ 76.850906372070597, 11.601829528808707 ], [ 76.828475952148608, 11.644109725952262 ], [ 76.899688720703182, 11.783271789550781 ], [ 76.959602355957145, 11.765199661254883 ], [ 76.972770690918253, 11.801069259643612 ], [ 77.00443267822294, 11.803019523620605 ], [ 77.031677246093807, 11.783950805664119 ], [ 77.022338867187557, 11.764700889587516 ], [ 77.056541442871037, 11.777119636535645 ], [ 77.071632385253906, 11.725009918212891 ], [ 77.109298706054744, 11.712800979614258 ], [ 77.102828979492244, 11.763119697570914 ], [ 77.24173736572294, 11.802459716796932 ], [ 77.284812927246378, 11.798361778259277 ], [ 77.326118469238281, 11.758939743042106 ], [ 77.359489440918139, 11.778791427612418 ], [ 77.419250488281307, 11.75067138671875 ], [ 77.484397888183764, 11.932399749755916 ], [ 77.664710998535213, 11.939700126648063 ], [ 77.689453125000171, 12.009949684143123 ], [ 77.76700592041044, 12.109140396118164 ], [ 77.719512939453409, 12.171520233154297 ], [ 77.482482910156421, 12.190119743347282 ], [ 77.463500976562557, 12.244039535522461 ], [ 77.478446960449162, 12.269651412963867 ], [ 77.542709350586222, 12.283711433410645 ], [ 77.606338500976619, 12.360260009765625 ], [ 77.625205993652401, 12.477261543273869 ], [ 77.575363159179688, 12.468379974365462 ], [ 77.606369018554744, 12.499791145324707 ], [ 77.578506469726619, 12.507011413574446 ], [ 77.570053100586108, 12.557931900024414 ], [ 77.590339660644588, 12.657541275024641 ], [ 77.731407165527514, 12.663979530334529 ], [ 77.799491882324389, 12.786858558654842 ], [ 77.784881591796932, 12.833809852600211 ], [ 77.825599670410156, 12.858989715576229 ], [ 77.924285888671932, 12.877840042114485 ], [ 77.910476684570312, 12.819710731506461 ], [ 77.932975769042912, 12.812920570373535 ], [ 77.945556640624943, 12.849330902099723 ], [ 77.981399536133097, 12.795640945434798 ], [ 78.001480102539233, 12.795439720153922 ], [ 78.014923095703182, 12.845920562744254 ], [ 78.046730041503963, 12.842370033264217 ], [ 78.12066650390625, 12.770011901855526 ], [ 78.220649719238452, 12.752590179443416 ], [ 78.227226257324332, 12.715171813964957 ], [ 78.189849853515909, 12.681309700012321 ], [ 78.264427185058878, 12.691840171814079 ], [ 78.368339538574276, 12.611840248107853 ], [ 78.454780578613565, 12.612019538879451 ], [ 78.457656860351847, 12.662249565124512 ], [ 78.488555908203409, 12.663342475891341 ], [ 78.493400573730639, 12.703470230102539 ], [ 78.509811401367358, 12.69878005981451 ], [ 78.48435211181669, 12.734781265258846 ], [ 78.524368286132869, 12.679690361023177 ], [ 78.547676086426065, 12.685590744018555 ], [ 78.545547485351619, 12.74391078948986 ], [ 78.581939697265682, 12.770771026611442 ], [ 78.62570953369169, 12.919181823730696 ], [ 78.646713256835938, 12.919019699096793 ], [ 78.613662719726847, 12.978890419006404 ], [ 78.651107788085938, 13.0179319381715 ], [ 78.693756103515739, 13.004391670227108 ], [ 78.702445983886889, 13.056151390075797 ], [ 78.746017456054801, 13.04540920257574 ], [ 78.876037597656307, 13.086159706115836 ], [ 78.881919860840014, 13.019762039184627 ], [ 78.924636840820483, 13.01864147186285 ], [ 78.893463134765739, 13.035092353820858 ], [ 78.914382934570369, 13.067761421203727 ], [ 78.979591369629077, 13.076510429382267 ], [ 79.069068908691463, 13.014150619506893 ], [ 79.152702331543253, 13.007292747497615 ], [ 79.218322753906534, 13.135551452636832 ], [ 79.267410278320483, 13.141201019287053 ], [ 79.307937622070597, 13.09691143035883 ], [ 79.354576110840014, 13.12977123260498 ], [ 79.347770690918026, 13.163019180297908 ], [ 79.423789978027514, 13.187460899353027 ], [ 79.445503234863224, 13.216771125793457 ], [ 79.410842895507983, 13.212162017822266 ], [ 79.425025939941463, 13.281340599060115 ], [ 79.374603271484546, 13.303039550781193 ], [ 79.428878784179972, 13.32356166839611 ], [ 79.535781860351562, 13.311070442199934 ], [ 79.580261230468807, 13.245370864868221 ], [ 79.668533325195312, 13.281930923461914 ], [ 79.688751220703125, 13.207409858703556 ], [ 79.722831726074162, 13.221851348877067 ], [ 79.744377136230412, 13.194911003112907 ], [ 79.784896850585994, 13.223480224609489 ], [ 79.72129058837919, 13.272239685058821 ], [ 79.754058837890739, 13.302789688110408 ], [ 79.779800415039176, 13.282070159912166 ], [ 79.925506591796932, 13.335940361022949 ], [ 79.953582763672159, 13.374111175537109 ], [ 79.932479858398608, 13.404371261596907 ], [ 79.963226318359432, 13.417910575866813 ], [ 79.961860656738452, 13.451279640197754 ], [ 79.995376586914347, 13.459450721740666 ], [ 80.005897521972656, 13.487771034240779 ], [ 80.036041259765796, 13.484479904175032 ], [ 79.989677429199219, 13.526760101318416 ], [ 80.075820922851676, 13.526760101318416 ] ] ] ] } },
{ "type": "Feature", "properties": { "ID_0": 105, "ISO": "IND", "NAME_0": "India", "ID_1": 32, "NAME_1": "Tripura" }, "geometry": { "type": "Polygon", "coordinates": [ [ [ 92.155876159667912, 24.524229049682674 ], [ 92.234268188476506, 24.500440597534293 ], [ 92.231086730957202, 24.460380554199276 ], [ 92.273086547851619, 24.388450622558821 ], [ 92.212852478027457, 24.249309539795149 ], [ 92.29660797119169, 24.251729965209904 ], [ 92.329452514648381, 24.19115066528326 ], [ 92.321983337402628, 23.869810104370174 ], [ 92.274749755859546, 23.849058151245231 ], [ 92.268501281738338, 23.728610992431868 ], [ 92.247451782226562, 23.724100112915039 ], [ 92.224052429199276, 23.657320022582951 ], [ 92.179450988769588, 23.743181228637695 ], [ 92.072570800781421, 23.644720077514705 ], [ 92.023124694824162, 23.657964706421012 ], [ 91.98361968994169, 23.729740142822322 ], [ 91.962112426757812, 23.727701187133732 ], [ 91.942306518554858, 23.681808471679744 ], [ 91.975166320800838, 23.482442855835018 ], [ 91.941810607910213, 23.469110488891602 ], [ 91.941780090332088, 23.43758964538597 ], [ 91.903511047363565, 23.441448211669865 ], [ 91.847358703613338, 23.400230407714901 ], [ 91.770912170410213, 23.263759613037166 ], [ 91.835502624511889, 23.093910217285213 ], [ 91.780357360840014, 23.06852912902832 ], [ 91.785041809082145, 23.031709671020451 ], [ 91.773376464843807, 23.044059753417912 ], [ 91.725578308105412, 22.989320755004996 ], [ 91.65213775634794, 22.991950988769645 ], [ 91.618713378906364, 22.944150924682674 ], [ 91.611961364746264, 22.973350524902344 ], [ 91.583351135254077, 22.96322059631342 ], [ 91.548889160156307, 22.994762420654297 ], [ 91.521720886230639, 23.139102935791129 ], [ 91.497428894043253, 23.153310775756836 ], [ 91.510932922363338, 23.182039260864258 ], [ 91.474243164062671, 23.188837051391715 ], [ 91.485977172851847, 23.212240219116154 ], [ 91.4586181640625, 23.215421676635856 ], [ 91.474800109863452, 23.225620269775447 ], [ 91.459716796875, 23.25471115112299 ], [ 91.423683166504077, 23.255020141601562 ], [ 91.419006347656307, 23.280221939086857 ], [ 91.388839721679744, 23.179460525512752 ], [ 91.4219970703125, 23.059249877929744 ], [ 91.377677917480412, 23.064050674438533 ], [ 91.356285095215128, 23.095186233520621 ], [ 91.330337524414347, 23.157672882080078 ], [ 91.332305908203125, 23.252750396728572 ], [ 91.306419372558651, 23.290559768676758 ], [ 91.321548461914176, 23.302169799804688 ], [ 91.297256469726562, 23.320980072021541 ], [ 91.325607299804631, 23.362310409546012 ], [ 91.296669006347827, 23.354471206665039 ], [ 91.253776550293026, 23.489719390869141 ], [ 91.206878662109432, 23.517770767211971 ], [ 91.218017578125284, 23.548360824584961 ], [ 91.166572570800952, 23.598739624023438 ], [ 91.161277770996151, 23.670600891113395 ], [ 91.198890686035213, 23.646970748901367 ], [ 91.210060119629077, 23.687551498413029 ], [ 91.158287048339957, 23.691221237182617 ], [ 91.160430908203068, 23.739429473876953 ], [ 91.224617004394588, 23.740100860595817 ], [ 91.257606506347713, 23.839651107788143 ], [ 91.235221862792969, 23.928600311279297 ], [ 91.276268005371264, 23.926240921020451 ], [ 91.283676147461108, 23.983102798461914 ], [ 91.29965972900419, 23.972721099853572 ], [ 91.306411743164062, 23.998569488525504 ], [ 91.378196716308707, 23.976879119873047 ], [ 91.396507263183707, 24.051351547241268 ], [ 91.375427246093921, 24.107530593872127 ], [ 91.596199035644588, 24.080209732055664 ], [ 91.640312194824503, 24.108360290527287 ], [ 91.648086547851676, 24.214370727539176 ], [ 91.667526245117244, 24.230400085449332 ], [ 91.692398071289006, 24.159328460693473 ], [ 91.761199951171989, 24.141582489013786 ], [ 91.743469238281534, 24.247127532958984 ], [ 91.815559387207145, 24.208951950073299 ], [ 91.847488403320483, 24.22832107543951 ], [ 91.841751098632812, 24.197719573974553 ], [ 91.902626037597827, 24.137838363647575 ], [ 91.941856384277628, 24.267578125000114 ], [ 91.920433044433651, 24.335750579834098 ], [ 91.957107543945597, 24.356250762939453 ], [ 91.995429992676065, 24.321260452270451 ], [ 91.974090576172159, 24.388639450073356 ], [ 92.119209289550895, 24.383810043335018 ], [ 92.139129638672046, 24.424449920654411 ], [ 92.172798156738395, 24.430891036987305 ], [ 92.152397155761832, 24.500270843505859 ], [ 92.155876159667912, 24.524229049682674 ] ] ] } },
{ "type": "Feature", "properties": { "ID_0": 105, "ISO": "IND", "NAME_0": "India", "ID_1": 33, "NAME_1": "Uttar Pradesh" }, "geometry": { "type": "Polygon", "coordinates": [ [ [ 77.563056945800838, 30.404489517211971 ], [ 77.634216308593807, 30.410879135131893 ], [ 77.710777282714844, 30.338760375976733 ], [ 77.931480407715014, 30.246959686279354 ], [ 77.838531494140909, 30.112270355224609 ], [ 77.813079833984432, 30.089630126953125 ], [ 77.786437988281364, 30.099969863891602 ], [ 77.702018737793139, 29.871780395507926 ], [ 77.764701843262003, 29.785459518432674 ], [ 77.757713317871264, 29.71591949462902 ], [ 77.792518615722713, 29.681921005249137 ], [ 77.828971862793082, 29.669330596923771 ], [ 77.873878479004077, 29.701971054077433 ], [ 77.951980590820369, 29.70536994934082 ], [ 77.976837158203068, 29.614038467407283 ], [ 77.951866149902344, 29.616039276123104 ], [ 77.947288513183594, 29.59043121337902 ], [ 77.983757019043139, 29.588050842285213 ], [ 77.988021850585994, 29.545860290527344 ], [ 78.036880493164347, 29.552629470825252 ], [ 78.043930053711051, 29.593070983886832 ], [ 78.082061767578182, 29.601810455322209 ], [ 78.139122009277628, 29.67609977722185 ], [ 78.193527221679688, 29.710058212280273 ], [ 78.231399536132869, 29.704090118408374 ], [ 78.331741333007926, 29.796180725097884 ], [ 78.412567138671932, 29.772420883178881 ], [ 78.487579345703239, 29.741382598877067 ], [ 78.527359008789233, 29.624362945556811 ], [ 78.605247497558651, 29.561798095703239 ], [ 78.785507202148551, 29.476030349731559 ], [ 78.922927856445483, 29.456180572509993 ], [ 78.870185852050895, 29.392362594604549 ], [ 78.828819274902628, 29.368181228637752 ], [ 78.808982849121378, 29.382879257202262 ], [ 78.788841247558764, 29.329282760620231 ], [ 78.757408142089901, 29.349760055541992 ], [ 78.713859558105469, 29.317350387573299 ], [ 78.799880981445312, 29.257852554321403 ], [ 78.852622985839901, 29.261310577392692 ], [ 78.899162292480526, 29.202592849731445 ], [ 78.900405883789233, 29.150619506835881 ], [ 78.962326049804972, 29.16681098937994 ], [ 79.017005920410213, 29.117860794067326 ], [ 79.026962280273494, 29.172269821167106 ], [ 79.130805969238281, 29.129360198974553 ], [ 79.158279418945483, 29.022878646850813 ], [ 79.204032897949162, 29.029100418090877 ], [ 79.298927307128963, 28.95311164855957 ], [ 79.351890563965014, 28.95243072509794 ], [ 79.359672546386662, 28.970479965210075 ], [ 79.401435852050724, 28.932260513305948 ], [ 79.411216735840014, 28.855880737304801 ], [ 79.50724029541027, 28.863300323486328 ], [ 79.536453247070597, 28.892539978027628 ], [ 79.550926208496207, 28.845891952514876 ], [ 79.613548278808594, 28.868730545044059 ], [ 79.66619873046875, 28.848329544067496 ], [ 79.774467468261832, 28.891830444335938 ], [ 79.80863189697294, 28.862831115722656 ], [ 79.783363342285213, 28.805419921875 ], [ 79.854049682617131, 28.844289779663086 ], [ 79.875633239746264, 28.818340301513729 ], [ 79.840530395507812, 28.808660507202205 ], [ 79.901290893554744, 28.802120208740234 ], [ 79.888938903808878, 28.785770416259822 ], [ 79.922378540039233, 28.732709884643555 ], [ 79.967826843261776, 28.715620040893782 ], [ 80.033447265625057, 28.76138114929222 ], [ 80.025688171387003, 28.799850463867301 ], [ 80.058425903320369, 28.835260391235352 ], [ 80.119804382324389, 28.828729629516772 ], [ 80.217727661132926, 28.755283355713004 ], [ 80.263587951660327, 28.748941421508903 ], [ 80.257904052734375, 28.729335784912394 ], [ 80.318519592285327, 28.700115203857649 ], [ 80.373321533203182, 28.629020690917969 ], [ 80.452819824218921, 28.628814697265625 ], [ 80.470252990722713, 28.582916259765852 ], [ 80.519340515136662, 28.551723480224837 ], [ 80.531990051269531, 28.573425292968864 ], [ 80.505187988281534, 28.665225982666072 ], [ 80.570419311523722, 28.687803268432901 ], [ 80.592041015625171, 28.679725646972656 ], [ 80.591453552246264, 28.647624969482422 ], [ 80.669342041015682, 28.64182090759283 ], [ 80.691925048828409, 28.587028503417969 ], [ 80.769630432129077, 28.565517425537223 ], [ 80.790756225585881, 28.524259567260742 ], [ 80.867286682129077, 28.489439010620401 ], [ 80.877624511718807, 28.50971794128435 ], [ 80.910308837890909, 28.497539520263729 ], [ 80.917388916015909, 28.457523345947322 ], [ 80.981513977050952, 28.455162048339957 ], [ 80.966598510742472, 28.444599151611612 ], [ 80.980888366699503, 28.434310913085994 ], [ 81.019172668457088, 28.451559066772461 ], [ 81.034118652344034, 28.398715972900391 ], [ 81.212417602539347, 28.360515594482592 ], [ 81.23453521728527, 28.288885116577319 ], [ 81.322410583496151, 28.197168350220011 ], [ 81.323020935058651, 28.168712615966854 ], [ 81.303840637207031, 28.166929244995231 ], [ 81.329727172851847, 28.148206710815714 ], [ 81.319786071777401, 28.133419036865462 ], [ 81.373115539550952, 28.142215728759993 ], [ 81.376937866211108, 28.1768932342531 ], [ 81.445709228515909, 28.162139892578352 ], [ 81.485816955566577, 28.118131637573185 ], [ 81.480224609375284, 28.082515716552962 ], [ 81.625915527343807, 28.001451492309684 ], [ 81.704002380371094, 27.986520767212141 ], [ 81.886848449707145, 27.857158660888615 ], [ 81.928016662597713, 27.85964584350603 ], [ 81.970115661621264, 27.928815841674862 ], [ 82.069717407226619, 27.923416137695597 ], [ 82.125221252441463, 27.864839553833235 ], [ 82.210205078124943, 27.842990875244425 ], [ 82.450714111328068, 27.678615570068473 ], [ 82.709915161133097, 27.721698760986442 ], [ 82.713752746582031, 27.664936065673828 ], [ 82.757881164550838, 27.586614608764648 ], [ 82.737007141113224, 27.503101348877237 ], [ 82.931617736816577, 27.50086593627924 ], [ 82.956222534179858, 27.467807769775675 ], [ 83.036117553711108, 27.448715209961108 ], [ 83.190216064453296, 27.454015731811523 ], [ 83.319602966308651, 27.329988479614485 ], [ 83.361213684082088, 27.343015670776367 ], [ 83.411689758300952, 27.412506103515796 ], [ 83.386833190918253, 27.435125350952319 ], [ 83.403984069824503, 27.457492828369197 ], [ 83.390930175781307, 27.479490280151651 ], [ 83.616737365722827, 27.46942329406761 ], [ 83.833221435547046, 27.36950874328636 ], [ 83.858505249023722, 27.350961685180664 ], [ 83.830589294433651, 27.321359634399414 ], [ 83.916687011719034, 27.325330734252987 ], [ 83.897956848144645, 27.259429931640739 ], [ 83.954483032226562, 27.235040664673079 ], [ 83.985122680664176, 27.181762695312727 ], [ 83.939422607421875, 27.092992782592773 ], [ 84.020721435546875, 27.095481872558594 ], [ 83.990760803222827, 27.068590164184855 ], [ 84.040817260742301, 27.04467964172386 ], [ 84.046661376953125, 26.961940765381087 ], [ 84.024902343750171, 26.942720413207951 ], [ 84.052001953125, 26.89170074462902 ], [ 84.140838623046875, 26.887580871582031 ], [ 84.131652832031534, 26.85569000244152 ], [ 84.168922424316406, 26.834518432617301 ], [ 84.209220886230526, 26.870990753173885 ], [ 84.241096496582145, 26.862430572509879 ], [ 84.233985900878963, 26.739530563354492 ], [ 84.298027038574389, 26.753271102905273 ], [ 84.325660705566406, 26.684257507324219 ], [ 84.402236938476619, 26.671222686767578 ], [ 84.414398193359375, 26.627170562744141 ], [ 84.272216796875284, 26.599361419677962 ], [ 84.081779479980526, 26.642860412597656 ], [ 84.047760009765625, 26.543489456176871 ], [ 83.974189758300838, 26.531940460205078 ], [ 83.962547302246094, 26.508600234985295 ], [ 83.902206420898381, 26.51807975769043 ], [ 83.902282714843807, 26.450250625610295 ], [ 84.010986328125171, 26.448459625244197 ], [ 84.072006225586108, 26.384469985961914 ], [ 84.171356201171875, 26.373979568481445 ], [ 84.181739807128963, 26.317039489746207 ], [ 84.159347534179858, 26.245901107788086 ], [ 84.11295318603544, 26.261920928955135 ], [ 84.079368591308878, 26.221210479736271 ], [ 84.011520385742188, 26.240682601928825 ], [ 84.023590087890682, 26.200920104980469 ], [ 84.003021240234432, 26.178230285644531 ], [ 84.049057006836222, 26.099700927734432 ], [ 84.091041564941349, 26.096540451049805 ], [ 84.167266845703182, 26.025470733642692 ], [ 84.166229248047046, 25.991500854492188 ], [ 84.201812744140909, 26.000560760498047 ], [ 84.296333312988281, 25.946989059448185 ], [ 84.351387023925724, 25.95934104919445 ], [ 84.408302307128963, 25.931350708007926 ], [ 84.423316955566406, 25.892421722412109 ], [ 84.528640747070483, 25.877740859985408 ], [ 84.526977539062557, 25.834329605102653 ], [ 84.620216369628963, 25.794090270996094 ], [ 84.600532531738452, 25.760629653930721 ], [ 84.630599975586222, 25.728340148925838 ], [ 84.555625915527628, 25.736408233642578 ], [ 84.552330017089901, 25.684030532837028 ], [ 84.531387329101676, 25.692832946777344 ], [ 84.535865783691577, 25.726490020751953 ], [ 84.524589538574219, 25.684350967407454 ], [ 84.488388061523608, 25.677850723266658 ], [ 84.448776245117244, 25.714490890502873 ], [ 84.401878356933707, 25.699501037597656 ], [ 84.380012512207031, 25.748689651489371 ], [ 84.331291198730526, 25.744571685790959 ], [ 84.318588256835881, 25.671939849853516 ], [ 84.283576965332088, 25.677139282226506 ], [ 84.285575866699503, 25.661529541015625 ], [ 84.202911376953182, 25.669639587402401 ], [ 84.194313049316463, 25.703420639038029 ], [ 84.14823150634794, 25.730960845947322 ], [ 84.094390869140682, 25.720380783081168 ], [ 84.069648742676065, 25.695610046386832 ], [ 84.076507568359659, 25.637531280517692 ], [ 83.917053222656534, 25.558490753173885 ], [ 83.851119995117358, 25.473720550537053 ], [ 83.810226440429801, 25.465919494629134 ], [ 83.838371276855639, 25.4368896484375 ], [ 83.794357299804744, 25.431619644165096 ], [ 83.799369812012003, 25.410980224609602 ], [ 83.761932373046932, 25.387910842895508 ], [ 83.732505798340014, 25.410600662231445 ], [ 83.694580078125057, 25.396099090576115 ], [ 83.642501831054744, 25.341119766235295 ], [ 83.534652709961222, 25.315200805664062 ], [ 83.335861206054801, 25.183570861816406 ], [ 83.357360839843807, 25.124191284179801 ], [ 83.316070556640909, 25.027339935302791 ], [ 83.343872070312614, 25.010482788086051 ], [ 83.353996276855753, 24.870611190795955 ], [ 83.390388488769588, 24.833080291748047 ], [ 83.386802673340128, 24.784219741821289 ], [ 83.453086853027514, 24.733320236206168 ], [ 83.479843139648494, 24.737831115722656 ], [ 83.480712890625171, 24.705732345581055 ], [ 83.513702392578125, 24.681150436401367 ], [ 83.497520446777514, 24.651660919189396 ], [ 83.541717529296818, 24.62455940246582 ], [ 83.498168945312557, 24.527059555053768 ], [ 83.393013000488281, 24.501190185546932 ], [ 83.381408691406307, 24.455650329589957 ], [ 83.400138854980582, 24.408679962158203 ], [ 83.429885864257869, 24.403789520263729 ], [ 83.451393127441463, 24.364749908447379 ], [ 83.375938415527628, 24.314540863037337 ], [ 83.401885986328409, 24.266000747680664 ], [ 83.349006652832088, 24.126438140869141 ], [ 83.289009094238281, 24.07290077209484 ], [ 83.276077270507983, 24.023281097412166 ], [ 83.216026306152401, 23.989402770996094 ], [ 83.189567565918082, 23.921100616455192 ], [ 83.086601257324503, 23.878171920776424 ], [ 82.938819885253906, 23.875869750976562 ], [ 82.800468444824332, 23.967481613159237 ], [ 82.797271728515909, 24.00514030456543 ], [ 82.745887756347713, 24.013111114501953 ], [ 82.766258239746094, 24.077867507934684 ], [ 82.708396911621037, 24.080760955810661 ], [ 82.663528442382926, 24.123929977417106 ], [ 82.670852661132983, 24.158470153808707 ], [ 82.720367431640739, 24.138990402221793 ], [ 82.726997375488338, 24.223260879516602 ], [ 82.764137268066577, 24.292430877685604 ], [ 82.760581970214901, 24.373041152954158 ], [ 82.707160949707088, 24.38517951965332 ], [ 82.736549377441463, 24.499771118164062 ], [ 82.712532043457088, 24.556219100952148 ], [ 82.800765991211108, 24.552680969238509 ], [ 82.796371459961108, 24.599760055542049 ], [ 82.760078430176065, 24.599819183349609 ], [ 82.762786865234546, 24.645669937133903 ], [ 82.695182800293082, 24.644252777099609 ], [ 82.695953369140739, 24.675720214843807 ], [ 82.657928466796932, 24.700397491455305 ], [ 82.529266357422159, 24.651960372924805 ], [ 82.518432617187443, 24.678340911865348 ], [ 82.448852539062671, 24.677900314331055 ], [ 82.432312011718807, 24.706281661987305 ], [ 82.401596069335994, 24.683799743652287 ], [ 82.409172058105639, 24.597829818725813 ], [ 82.293930053710881, 24.613740921020565 ], [ 82.296417236328068, 24.670011520385685 ], [ 82.263366699218864, 24.686410903930721 ], [ 82.229927062988338, 24.669639587402457 ], [ 82.243659973144588, 24.775751113891715 ], [ 82.238372802734489, 24.754409790039062 ], [ 82.199485778808878, 24.752069473266658 ], [ 82.213401794433878, 24.744209289550895 ], [ 82.213752746582088, 24.728660583496094 ], [ 82.172882080078125, 24.739570617675838 ], [ 82.189361572265739, 24.782281875610352 ], [ 82.209472656250171, 24.781490325927791 ], [ 82.179008483886776, 24.804651260375977 ], [ 82.195968627929744, 24.824529647827148 ], [ 82.159393310546932, 24.792261123657283 ], [ 82.112190246582202, 24.792261123657283 ], [ 82.004890441894588, 24.850690841674805 ], [ 81.959152221679972, 24.830610275268498 ], [ 81.896446228027287, 24.892509460449219 ], [ 81.898468017578182, 25.009620666503906 ], [ 81.886131286621378, 24.992820739746094 ], [ 81.829368591308594, 25.019332885742188 ], [ 81.78922271728544, 25.010139465331974 ], [ 81.732391357422159, 25.048709869384822 ], [ 81.681892395019702, 25.043771743774357 ], [ 81.658691406250057, 25.079730987548828 ], [ 81.604347229003963, 25.060749053955192 ], [ 81.593795776367358, 25.079799652099666 ], [ 81.631950378418139, 25.103269577026424 ], [ 81.616752624511776, 25.122619628906307 ], [ 81.601226806640796, 25.100210189819393 ], [ 81.592117309570369, 25.136381149291992 ], [ 81.618988037109375, 25.159650802612305 ], [ 81.566398620605526, 25.195749282837028 ], [ 81.509567260742244, 25.187030792236442 ], [ 81.524650573730582, 25.143640518188533 ], [ 81.472877502441577, 25.137121200561467 ], [ 81.507575988769702, 25.10680961608881 ], [ 81.483726501465014, 25.074939727783203 ], [ 81.400848388671932, 25.107770919799805 ], [ 81.438339233398608, 25.110441207885742 ], [ 81.430221557617244, 25.133630752563477 ], [ 81.391220092773608, 25.123130798339844 ], [ 81.329956054687443, 25.172491073608455 ], [ 81.314666748047159, 25.116291046142521 ], [ 81.306388854980526, 25.165992736816406 ], [ 81.269119262695256, 25.167739868164062 ], [ 81.245697021484546, 25.105541229248104 ], [ 81.261589050293026, 25.068460464477596 ], [ 81.201698303222713, 24.995729446411133 ], [ 81.212608337402457, 24.93452072143549 ], [ 81.184417724609659, 24.929220199584904 ], [ 81.198959350586108, 24.934738159179744 ], [ 81.161430358886776, 24.958511352539062 ], [ 81.132446289062557, 24.892070770263729 ], [ 81.076416015625114, 24.95226097106945 ], [ 81.009529113769474, 24.954320907593001 ], [ 81.016777038574162, 24.932460784912109 ], [ 80.955230712890625, 24.925710678100813 ], [ 80.936820983887003, 24.972499847412109 ], [ 80.900047302246037, 24.939580917358398 ], [ 80.802200317382756, 24.944459915161133 ], [ 80.789993286132756, 24.971782684326172 ], [ 80.848182678222656, 24.998140335083121 ], [ 80.826683044433651, 25.039190292358626 ], [ 80.870651245117472, 25.071050643921126 ], [ 80.864982604980639, 25.123649597167969 ], [ 80.904922485351619, 25.160310745239201 ], [ 80.878036499023494, 25.195600509643782 ], [ 80.83628082275402, 25.192680358886662 ], [ 80.827697753906364, 25.110309600830135 ], [ 80.799575805664233, 25.146417617797852 ], [ 80.699638366699389, 25.137149810791016 ], [ 80.725242614746151, 25.097959518432674 ], [ 80.775978088378963, 25.084300994873047 ], [ 80.77593994140625, 25.061691284179688 ], [ 80.673568725585994, 25.054170608520735 ], [ 80.679260253906307, 25.081819534301985 ], [ 80.601356506347599, 25.104408264160156 ], [ 80.632392883300895, 25.123281478881893 ], [ 80.594589233398494, 25.155241012573185 ], [ 80.587776184082315, 25.109100341796989 ], [ 80.606781005859432, 25.07217979431158 ], [ 80.562438964843693, 25.091440200805607 ], [ 80.543418884277514, 25.067661285400334 ], [ 80.509506225585994, 25.101020812988338 ], [ 80.476127624511776, 25.102251052856502 ], [ 80.499977111816463, 25.089559555053768 ], [ 80.494209289550952, 25.045320510864258 ], [ 80.44071197509794, 25.082069396972656 ], [ 80.36576080322294, 25.057760238647575 ], [ 80.382186889648722, 25.009740829467773 ], [ 80.278495788574389, 25.021648406982536 ], [ 80.281959533691463, 25.063220977783317 ], [ 80.351287841797159, 25.144901275634709 ], [ 80.423698425293026, 25.174142837524641 ], [ 80.399063110351619, 25.242969512939453 ], [ 80.304046630859546, 25.288892745971737 ], [ 80.310752868652401, 25.387317657470646 ], [ 80.255867004394588, 25.428710937500057 ], [ 80.245185852050838, 25.404890060424918 ], [ 80.193916320801065, 25.416231155395621 ], [ 80.187896728515796, 25.383649826049862 ], [ 80.123298645019588, 25.338430404663143 ], [ 80.083297729492472, 25.355831146240348 ], [ 80.020736694336222, 25.343160629272461 ], [ 79.996726989746037, 25.268650054931754 ], [ 79.94256591796875, 25.271879196167049 ], [ 79.913452148437557, 25.233440399169922 ], [ 79.902397155761776, 25.256919860839957 ], [ 79.847137451171989, 25.240200042724666 ], [ 79.872100830078182, 25.150302886962891 ], [ 79.847671508789119, 25.133390426635799 ], [ 79.855895996093807, 25.098501205444393 ], [ 79.745635986328182, 25.143882751464844 ], [ 79.59787750244169, 25.131431579589957 ], [ 79.602806091308707, 25.154769897460938 ], [ 79.565521240234546, 25.177551269531307 ], [ 79.489875793457088, 25.082750320434627 ], [ 79.460533142090128, 25.096330642700252 ], [ 79.468376159668253, 25.134450912475529 ], [ 79.431068420410156, 25.107509613037053 ], [ 79.431137084961051, 25.135400772094783 ], [ 79.415122985839957, 25.13909912109375 ], [ 79.399147033691349, 25.113460540771484 ], [ 79.383872985840128, 25.170280456543196 ], [ 79.409576416015682, 25.208761215210188 ], [ 79.442703247070312, 25.21256065368658 ], [ 79.427017211914062, 25.22503852844244 ], [ 79.459190368652628, 25.269451141357365 ], [ 79.490402221679744, 25.27034950256342 ], [ 79.457412719726619, 25.283870697021541 ], [ 79.415306091308707, 25.259220123291016 ], [ 79.367416381835994, 25.294321060180721 ], [ 79.352966308594034, 25.265380859375 ], [ 79.330757141113338, 25.294048309326115 ], [ 79.345886230468864, 25.333040237426815 ], [ 79.294731140136776, 25.340219497680664 ], [ 79.260139465332202, 25.310239791870174 ], [ 79.259452819824276, 25.271440505981502 ], [ 79.287750244140909, 25.290241241455021 ], [ 79.310043334961222, 25.261920928955305 ], [ 79.340087890625, 25.272760391235408 ], [ 79.329116821289347, 25.229900360107479 ], [ 79.346961975097713, 25.214241027831974 ], [ 79.332588195800724, 25.200830459594783 ], [ 79.27359771728527, 25.248119354248047 ], [ 79.278800964355412, 25.197399139404297 ], [ 79.314537048339901, 25.151878356933594 ], [ 79.30322265625, 25.133329391479492 ], [ 79.260070800781534, 25.122100830078068 ], [ 79.259201049804858, 25.153272628784237 ], [ 79.235839843750284, 25.160961151123047 ], [ 79.213912963867472, 25.148380279541016 ], [ 79.2435302734375, 25.140790939331055 ], [ 79.238380432128906, 25.116369247436523 ], [ 79.206382751464844, 25.113761901855469 ], [ 79.184852600097713, 25.151132583618278 ], [ 79.166778564453239, 25.142349243164062 ], [ 79.179306030273494, 25.117692947387752 ], [ 79.129173278808651, 25.1107692718507 ], [ 79.107810974121151, 25.143699645996094 ], [ 79.120422363281307, 25.164180755615234 ], [ 79.084297180175952, 25.19252967834467 ], [ 79.043052673339787, 25.138170242309513 ], [ 79.021766662597713, 25.143190383911133 ], [ 79.056442260742358, 25.225709915161246 ], [ 79.01212310791044, 25.248249053955192 ], [ 79.004966735839844, 25.276969909668082 ], [ 78.971168518066577, 25.244920730590877 ], [ 78.994667053222656, 25.233749389648438 ], [ 78.995811462402344, 25.195938110351562 ], [ 78.948341369628963, 25.220180511474666 ], [ 78.871841430664119, 25.166000366210938 ], [ 78.875877380371151, 25.255769729614485 ], [ 78.970046997070483, 25.285209655761719 ], [ 78.952857971191577, 25.349870681762809 ], [ 78.927612304687784, 25.331710815429801 ], [ 78.876518249512003, 25.34445953369152 ], [ 78.841751098632869, 25.229160308838004 ], [ 78.805625915527514, 25.270931243896598 ], [ 78.811676025390909, 25.299840927124023 ], [ 78.783248901367472, 25.297611236572322 ], [ 78.843505859375284, 25.332361221313477 ], [ 78.874748229980526, 25.38765907287592 ], [ 78.949356079101847, 25.400159835815373 ], [ 78.892456054687557, 25.375297546386776 ], [ 78.928627014160156, 25.351800918579045 ], [ 78.978507995605526, 25.37601280212408 ], [ 78.960128784179858, 25.438890457153377 ], [ 78.903228759765909, 25.446937561035099 ], [ 78.935638427734659, 25.480020523071289 ], [ 78.916381835937784, 25.520750045776367 ], [ 78.941886901855526, 25.531150817871321 ], [ 78.930740356445483, 25.559720993042049 ], [ 78.916839599609546, 25.541290283203239 ], [ 78.874359130859432, 25.557012557983455 ], [ 78.876007080078296, 25.524320602416935 ], [ 78.828323364257983, 25.509981155395508 ], [ 78.857170104980526, 25.467140197753849 ], [ 78.834266662597713, 25.432460784912166 ], [ 78.813873291015682, 25.446308135986328 ], [ 78.845748901367244, 25.454389572143555 ], [ 78.829856872558764, 25.465690612792969 ], [ 78.731750488281534, 25.500650405883846 ], [ 78.724647521972713, 25.463308334350586 ], [ 78.755065917968921, 25.433851242065487 ], [ 78.812911987304744, 25.430427551269588 ], [ 78.743141174316463, 25.412700653076115 ], [ 78.764381408691349, 25.35840034484869 ], [ 78.713623046875284, 25.352989196777401 ], [ 78.709030151367472, 25.378749847412053 ], [ 78.657890319824276, 25.387979507446346 ], [ 78.656517028808651, 25.420129776000977 ], [ 78.669090270996151, 25.403881072998161 ], [ 78.701400756836222, 25.428859710693473 ], [ 78.652717590332088, 25.444000244140682 ], [ 78.628585815429631, 25.406461715698242 ], [ 78.561126708984375, 25.395692825317383 ], [ 78.576217651367244, 25.35193061828619 ], [ 78.525146484375114, 25.363012313842773 ], [ 78.541458129882983, 25.32659912109375 ], [ 78.525077819824219, 25.306529998779354 ], [ 78.492172241211222, 25.323829650878963 ], [ 78.467056274414233, 25.293010711670149 ], [ 78.427360534667912, 25.288671493530501 ], [ 78.454032897949503, 25.270601272583008 ], [ 78.496681213378963, 25.293859481811637 ], [ 78.568580627441463, 25.258609771728516 ], [ 78.597167968750171, 25.097871780395565 ], [ 78.641929626464787, 25.061491012573299 ], [ 78.62204742431652, 24.964900970458984 ], [ 78.668395996093864, 24.902399063110465 ], [ 78.764480590820369, 24.861368179321403 ], [ 78.780540466308707, 24.814971923828239 ], [ 78.772392272949162, 24.704141616821346 ], [ 78.740066528320369, 24.659959793090934 ], [ 78.749465942383097, 24.604980468750114 ], [ 78.776901245117244, 24.593090057373161 ], [ 78.881721496582202, 24.639699935913029 ], [ 78.966392517089844, 24.4969482421875 ], [ 78.930717468261719, 24.484540939331282 ], [ 78.913810729980526, 24.500841140747298 ], [ 78.908592224121094, 24.466770172119197 ], [ 78.984382629394588, 24.441360473632926 ], [ 78.966873168945369, 24.353660583496094 ], [ 78.907760620117301, 24.301231384277344 ], [ 78.878860473632983, 24.223051071167049 ], [ 78.813522338867244, 24.210279464721737 ], [ 78.791687011718921, 24.180240631103572 ], [ 78.760276794433651, 24.258489608764705 ], [ 78.745887756347599, 24.239271163940487 ], [ 78.669120788574276, 24.245019912719727 ], [ 78.578437805175781, 24.35708045959484 ], [ 78.505371093749943, 24.393949508667049 ], [ 78.406951904296818, 24.277009963989201 ], [ 78.342437744140909, 24.305381774902287 ], [ 78.325431823730526, 24.334369659423885 ], [ 78.360946655273722, 24.38578987121582 ], [ 78.266876220703182, 24.447370529174862 ], [ 78.269622802734318, 24.47618293762207 ], [ 78.216537475586051, 24.531642913818473 ], [ 78.25888824462902, 24.558189392089901 ], [ 78.268478393554631, 24.66710090637207 ], [ 78.208969116210881, 24.813070297241154 ], [ 78.163803100586108, 24.857099533081168 ], [ 78.165359497070369, 24.881740570068359 ], [ 78.327537536621151, 24.99955940246582 ], [ 78.327766418457315, 25.08876991271967 ], [ 78.395317077636662, 25.130527496337947 ], [ 78.442916870117244, 25.128770828247127 ], [ 78.418296813964901, 25.153499603271484 ], [ 78.446456909179858, 25.169021606445256 ], [ 78.385360717773722, 25.195159912109318 ], [ 78.397758483887003, 25.217750549316463 ], [ 78.354530334472827, 25.246080398559684 ], [ 78.345161437988281, 25.297941207885742 ], [ 78.308029174804744, 25.310989379882812 ], [ 78.331291198730469, 25.33671951293951 ], [ 78.295516967773722, 25.374799728393555 ], [ 78.347587585449503, 25.454839706421012 ], [ 78.377380371093693, 25.448379516601619 ], [ 78.420722961425952, 25.477619171142635 ], [ 78.408660888671818, 25.532901763916016 ], [ 78.429336547851619, 25.563859939575309 ], [ 78.455192565918253, 25.551950454711914 ], [ 78.486267089844034, 25.582229614257812 ], [ 78.581192016601619, 25.564308166503963 ], [ 78.608627319335994, 25.589080810546875 ], [ 78.64862060546875, 25.565639495849723 ], [ 78.677017211914347, 25.594100952148494 ], [ 78.805191040039347, 25.624557495117188 ], [ 78.811332702636889, 25.674480438232649 ], [ 78.746818542480753, 25.749090194702205 ], [ 78.820503234863452, 25.799400329589787 ], [ 78.800460815429858, 25.812879562378043 ], [ 78.811248779296989, 25.830120086670149 ], [ 78.861923217773494, 25.799198150634822 ], [ 78.846626281738452, 25.860500335693473 ], [ 78.882682800293139, 25.870269775390852 ], [ 78.876380920410327, 25.91566085815424 ], [ 78.929527282715128, 25.949359893798885 ], [ 78.944328308105526, 26.036951065063477 ], [ 79.00315093994169, 26.081792831421012 ], [ 78.942672729492301, 26.139141082763729 ], [ 79.000717163085938, 26.154979705810661 ], [ 78.977378845214957, 26.195499420166016 ], [ 79.014945983886776, 26.197469711303711 ], [ 79.017143249511889, 26.232168197631836 ], [ 79.062667846679972, 26.246931076050032 ], [ 79.037033081054744, 26.266990661621151 ], [ 79.067268371581974, 26.287620544433651 ], [ 79.083572387695369, 26.272409439086971 ], [ 79.093849182128906, 26.311941146850643 ], [ 79.126586914062443, 26.31603050231945 ], [ 79.115646362304744, 26.335090637207259 ], [ 79.133743286132869, 26.344970703125 ], [ 79.07675933837902, 26.366020202636776 ], [ 79.086822509765682, 26.417821884155501 ], [ 79.117233276367472, 26.417121887207088 ], [ 79.126762390137003, 26.444810867309798 ], [ 79.048461914062557, 26.456050872802734 ], [ 79.060935974121378, 26.503299713134879 ], [ 78.979621887207088, 26.574079513549918 ], [ 79.005661010742131, 26.610469818115348 ], [ 78.993179321289119, 26.684570312500114 ], [ 78.937911987304972, 26.662691116333121 ], [ 78.948143005371151, 26.696741104125977 ], [ 78.864929199218921, 26.704669952392635 ], [ 78.811386108398494, 26.765470504760742 ], [ 78.766380310058651, 26.76453971862793 ], [ 78.741081237793253, 26.792520523071516 ], [ 78.72293853759777, 26.779342651367244 ], [ 78.715347290039347, 26.800212860107649 ], [ 78.565849304199219, 26.7576904296875 ], [ 78.45078277587919, 26.798051834106673 ], [ 78.425872802734546, 26.832319259643612 ], [ 78.389739990234659, 26.824899673462085 ], [ 78.351356506347713, 26.874370574951229 ], [ 78.282066345215014, 26.86408805847168 ], [ 78.260887145996264, 26.820949554443359 ], [ 78.209793090820312, 26.836090087890625 ], [ 78.191139221191463, 26.888610839843977 ], [ 78.226570129394702, 26.88262939453125 ], [ 78.262237548828296, 26.923511505126896 ], [ 78.215896606445312, 26.953950881958121 ], [ 78.111343383789233, 26.953231811523438 ], [ 78.101470947265682, 26.904989242553768 ], [ 78.042236328125284, 26.915420532226562 ], [ 78.047805786132812, 26.874809265136719 ], [ 78.022026062012003, 26.860870361328125 ], [ 78.006660461425781, 26.91066169738798 ], [ 77.941970825195483, 26.899789810180948 ], [ 77.89994049072294, 26.92454910278326 ], [ 77.890106201172046, 26.889459609985465 ], [ 77.753379821777401, 26.937738418579215 ], [ 77.71891021728527, 26.91641044616722 ], [ 77.715843200683651, 26.881330490112362 ], [ 77.604507446289347, 26.83280181884777 ], [ 77.520690917968807, 26.82200813293457 ], [ 77.497978210449276, 26.847949981689567 ], [ 77.480361938476506, 26.753879547119197 ], [ 77.448310852050724, 26.746749877929801 ], [ 77.455970764160327, 26.780380249023438 ], [ 77.428596496582088, 26.770111083984546 ], [ 77.422470092773494, 26.867019653320312 ], [ 77.648941040039347, 26.973810195922795 ], [ 77.736343383789062, 26.988220214843864 ], [ 77.755012512206974, 27.022760391235408 ], [ 77.726486206054744, 27.031539916992472 ], [ 77.713920593261776, 26.997961044311523 ], [ 77.678169250488281, 27.050529479980526 ], [ 77.627403259277628, 27.015501022338867 ], [ 77.557395935058878, 27.036899566650618 ], [ 77.565681457519531, 27.078010559082259 ], [ 77.514297485351847, 27.070421218872298 ], [ 77.502319335937671, 27.09922027587902 ], [ 77.590782165527628, 27.123081207275391 ], [ 77.605117797851562, 27.168479919433707 ], [ 77.672996520996037, 27.200361251831225 ], [ 77.639518737793026, 27.217271804809627 ], [ 77.591667175293026, 27.300558090210188 ], [ 77.614112854004077, 27.343389511108398 ], [ 77.574546813965128, 27.326730728149414 ], [ 77.431892395019815, 27.399158477783317 ], [ 77.415176391601733, 27.425371170044002 ], [ 77.429595947265909, 27.4620494842531 ], [ 77.382415771484432, 27.516550064087141 ], [ 77.335136413574276, 27.530021667480526 ], [ 77.350112915039233, 27.593400955200252 ], [ 77.311210632324389, 27.611690521240234 ], [ 77.342323303222827, 27.653030395507812 ], [ 77.336547851562443, 27.696180343628043 ], [ 77.297607421875284, 27.718681335449446 ], [ 77.304145812988452, 27.788009643554631 ], [ 77.275779724121151, 27.806549072265625 ], [ 77.339332580566463, 27.859590530395451 ], [ 77.412391662597713, 27.859071731567383 ], [ 77.412292480468921, 27.896158218383903 ], [ 77.458488464355469, 27.885299682617188 ], [ 77.477661132812784, 27.94021034240734 ], [ 77.536132812500057, 27.949302673339901 ], [ 77.509582519531421, 27.973331451416016 ], [ 77.535217285156307, 27.993330001831168 ], [ 77.479110717773494, 28.044162750244197 ], [ 77.468872070312784, 28.086011886596737 ], [ 77.478233337402628, 28.107971191406477 ], [ 77.492309570312557, 28.098011016845817 ], [ 77.496368408203409, 28.159870147705078 ], [ 77.542366027832031, 28.181659698486328 ], [ 77.492118835449276, 28.185100555419979 ], [ 77.489120483398722, 28.211990356445426 ], [ 77.519119262695483, 28.201780319214095 ], [ 77.515579223632869, 28.22976112365734 ], [ 77.541206359863224, 28.24774169921875 ], [ 77.467300415039119, 28.269720077514762 ], [ 77.495788574219034, 28.307041168213004 ], [ 77.463752746582315, 28.338010787963981 ], [ 77.49423980712919, 28.358261108398551 ], [ 77.474555969238338, 28.413511276245174 ], [ 77.369361877441406, 28.480688095092887 ], [ 77.295188903808764, 28.561201095580998 ], [ 77.336181640625, 28.608869552612589 ], [ 77.311210632324389, 28.644641876220817 ], [ 77.323486328125057, 28.71587181091337 ], [ 77.284896850586108, 28.712459564209155 ], [ 77.194442749023381, 28.802291870117301 ], [ 77.21732330322294, 28.835279464721793 ], [ 77.178039550781193, 28.885562896728629 ], [ 77.221191406250171, 28.904132843017578 ], [ 77.190139770507869, 28.955661773681641 ], [ 77.214187622070369, 29.005960464477539 ], [ 77.122047424316463, 29.105768203735579 ], [ 77.139991760253963, 29.18208122253418 ], [ 77.125221252441406, 29.224870681762638 ], [ 77.144020080566463, 29.243331909179688 ], [ 77.129486083984432, 29.272790908813647 ], [ 77.153945922851619, 29.335479736328125 ], [ 77.117523193359489, 29.357151031494141 ], [ 77.146797180175952, 29.389770507812614 ], [ 77.125869750976619, 29.410640716552848 ], [ 77.139389038085938, 29.442100524902344 ], [ 77.11429595947294, 29.461860656738395 ], [ 77.119895935058764, 29.497329711914176 ], [ 77.084907531738395, 29.533590316772461 ], [ 77.10971832275419, 29.552989959716797 ], [ 77.085617065429744, 29.600799560546875 ], [ 77.131301879883097, 29.662990570068473 ], [ 77.119171142578125, 29.68584060668968 ], [ 77.143325805664006, 29.705970764160213 ], [ 77.117042541504077, 29.770900726318587 ], [ 77.152381896972713, 29.793279647827205 ], [ 77.189132690429858, 29.922042846679744 ], [ 77.263160705566577, 30.002149581909293 ], [ 77.270408630371264, 30.048339843750057 ], [ 77.4144287109375, 30.10713005065918 ], [ 77.398002624511889, 30.118722915649471 ], [ 77.423545837402514, 30.168479919433821 ], [ 77.473266601562784, 30.188591003418082 ], [ 77.526779174804744, 30.282312393188477 ], [ 77.57035064697294, 30.311229705810604 ], [ 77.592018127441463, 30.370861053466797 ], [ 77.563056945800838, 30.404489517211971 ] ] ] } },
{ "type": "Feature", "properties": { "ID_0": 105, "ISO": "IND", "NAME_0": "India", "ID_1": 34, "NAME_1": "Uttaranchal" }, "geometry": { "type": "Polygon", "coordinates": [ [ [ 79.128860473633097, 31.438730239868107 ], [ 79.248092651367131, 31.296619415283317 ], [ 79.233886718750057, 31.254039764404354 ], [ 79.272819519043026, 31.230739593505859 ], [ 79.284896850585881, 31.170101165771541 ], [ 79.325096130371207, 31.129810333251953 ], [ 79.381851196289233, 31.118350982666016 ], [ 79.4130859375, 31.037551879882926 ], [ 79.501258850097656, 31.039140701293888 ], [ 79.531120300293253, 30.974100112914982 ], [ 79.587242126465014, 30.943090438842887 ], [ 79.742149353027514, 31.006790161132869 ], [ 79.854927062988338, 30.978910446167106 ], [ 79.915046691894815, 30.892219543456974 ], [ 80.044113159179744, 30.843999862670955 ], [ 80.103149414062443, 30.779670715332315 ], [ 80.157272338867301, 30.812751770019531 ], [ 80.190452575683707, 30.763811111450423 ], [ 80.223838806152457, 30.764099121093921 ], [ 80.237297058105639, 30.737699508666992 ], [ 80.219772338867244, 30.697250366211051 ], [ 80.180496215820369, 30.66986083984375 ], [ 80.20896148681652, 30.645082473754826 ], [ 80.215736389160327, 30.579040527343693 ], [ 80.400550842285327, 30.531169891357649 ], [ 80.526489257812557, 30.45430946350109 ], [ 80.584190368652287, 30.487222671509016 ], [ 80.737487792969034, 30.398139953613509 ], [ 80.811286926269588, 30.319980621337891 ], [ 81.019607543945597, 30.252952575683821 ], [ 81.018875122070256, 30.236837387084961 ], [ 80.911918640136889, 30.223215103149414 ], [ 80.864570617675724, 30.168895721435547 ], [ 80.879219055176065, 30.128515243530273 ], [ 80.762931823730639, 30.049491882324276 ], [ 80.749397277832202, 30.00662994384777 ], [ 80.677917480468807, 29.958114624023665 ], [ 80.605339050293253, 29.95871734619169 ], [ 80.554512023925838, 29.849237442016829 ], [ 80.497215270996037, 29.797414779663086 ], [ 80.437713623046875, 29.8057155609132 ], [ 80.369720458984432, 29.750616073608512 ], [ 80.386016845703068, 29.675014495849723 ], [ 80.421920776367358, 29.639114379882983 ], [ 80.409492492675952, 29.594919204711914 ], [ 80.344352722168026, 29.552864074707315 ], [ 80.351325988769702, 29.51894569396984 ], [ 80.288436889648494, 29.477220535278491 ], [ 80.304222106933764, 29.453079223633097 ], [ 80.244819641113565, 29.444505691528548 ], [ 80.243347167968693, 29.411586761474894 ], [ 80.318138122558764, 29.315639495849666 ], [ 80.299003601074503, 29.205030441284407 ], [ 80.249916076660213, 29.220615386962947 ], [ 80.273406982421932, 29.142023086547908 ], [ 80.235015869140625, 29.118415832519531 ], [ 80.186019897460994, 29.137315750122013 ], [ 80.146026611328409, 29.103000640869254 ], [ 80.137321472168139, 29.007310867309798 ], [ 80.060142517089901, 28.916316986084155 ], [ 80.072380065918026, 28.829744338989485 ], [ 80.025688171387003, 28.799850463867301 ], [ 80.034767150878963, 28.763231277466105 ], [ 79.988258361816463, 28.717018127441463 ], [ 79.922378540039233, 28.732709884643555 ], [ 79.888938903808878, 28.785770416259822 ], [ 79.901290893554744, 28.802120208740234 ], [ 79.840530395507983, 28.808660507202376 ], [ 79.875633239746264, 28.818340301513899 ], [ 79.854049682617131, 28.844289779663086 ], [ 79.783363342285213, 28.805419921875 ], [ 79.80863189697294, 28.862831115722656 ], [ 79.774467468262003, 28.891830444335938 ], [ 79.66619873046875, 28.848329544067496 ], [ 79.613548278808594, 28.868730545044059 ], [ 79.550926208496207, 28.845891952514876 ], [ 79.536453247070597, 28.892539978027628 ], [ 79.50724029541027, 28.863300323486328 ], [ 79.411216735840014, 28.855880737304801 ], [ 79.401435852050724, 28.932260513305948 ], [ 79.359672546386662, 28.970479965210075 ], [ 79.351890563965014, 28.95243072509794 ], [ 79.298927307128963, 28.95311164855957 ], [ 79.204032897949162, 29.029100418090877 ], [ 79.158279418945483, 29.022878646850813 ], [ 79.130805969238281, 29.129360198974553 ], [ 79.026962280273494, 29.172269821167106 ], [ 79.017005920410213, 29.117860794067326 ], [ 78.962326049804972, 29.16681098937994 ], [ 78.900405883789233, 29.150619506835881 ], [ 78.899162292480526, 29.202592849731445 ], [ 78.852622985839901, 29.261310577392692 ], [ 78.799880981445312, 29.257852554321403 ], [ 78.713859558105469, 29.317350387573299 ], [ 78.757408142089901, 29.349760055541992 ], [ 78.788841247558764, 29.329282760620231 ], [ 78.808982849121378, 29.382879257202262 ], [ 78.828819274902628, 29.368181228637752 ], [ 78.870185852050895, 29.392362594604549 ], [ 78.922927856445483, 29.456180572509993 ], [ 78.785507202148551, 29.476030349731559 ], [ 78.605247497558651, 29.561798095703239 ], [ 78.527359008789233, 29.624362945556811 ], [ 78.473579406738281, 29.748470306396598 ], [ 78.331741333007926, 29.796180725097884 ], [ 78.231399536132869, 29.704090118408374 ], [ 78.193527221679688, 29.710058212280273 ], [ 78.139122009277628, 29.67609977722185 ], [ 78.082061767578182, 29.601810455322209 ], [ 78.043930053711051, 29.593070983886832 ], [ 78.036880493164347, 29.552629470825252 ], [ 77.988021850585994, 29.545860290527344 ], [ 77.983757019043139, 29.588050842285213 ], [ 77.947288513183594, 29.59043121337902 ], [ 77.951866149902344, 29.616039276123104 ], [ 77.976837158203068, 29.614038467407283 ], [ 77.951980590820369, 29.70536994934082 ], [ 77.873878479004077, 29.701971054077433 ], [ 77.828971862793082, 29.669330596923771 ], [ 77.792518615722713, 29.681921005249137 ], [ 77.757713317871264, 29.71591949462902 ], [ 77.764701843262003, 29.785459518432674 ], [ 77.702018737793139, 29.871780395507926 ], [ 77.786437988281364, 30.099969863891602 ], [ 77.813079833984432, 30.089630126953125 ], [ 77.838531494140909, 30.112270355224609 ], [ 77.931480407715014, 30.246959686279354 ], [ 77.710777282714844, 30.338760375976733 ], [ 77.634216308593807, 30.410879135131893 ], [ 77.562881469726619, 30.417079925537166 ], [ 77.679069519043253, 30.451730728149414 ], [ 77.810646057128963, 30.533180236816634 ], [ 77.803237915039347, 30.563779830932788 ], [ 77.761848449707315, 30.562988281250114 ], [ 77.729522705078125, 30.598382949829102 ], [ 77.781990051269588, 30.619358062744425 ], [ 77.779052734374943, 30.663770675659407 ], [ 77.733406066894645, 30.68582916259794 ], [ 77.741096496581974, 30.710660934448242 ], [ 77.688285827636889, 30.768669128417969 ], [ 77.744407653808651, 30.829851150512809 ], [ 77.744522094726506, 30.881191253662166 ], [ 77.78936767578125, 30.858549118042106 ], [ 77.795616149902628, 30.923799514770508 ], [ 77.745597839355526, 30.922309875488395 ], [ 77.734573364258097, 30.959569931030273 ], [ 77.763877868652401, 30.976989746093807 ], [ 77.817146301269645, 30.953569412231502 ], [ 77.796417236328125, 30.969820022583235 ], [ 77.825332641601619, 31.008132934570426 ], [ 77.800605773925724, 31.062080383301009 ], [ 77.842826843261776, 31.081291198730639 ], [ 77.887489318847713, 31.154701232910156 ], [ 77.954757690429858, 31.178779602050838 ], [ 78.014236450195312, 31.154939651489258 ], [ 78.029953002929744, 31.185310363769588 ], [ 78.087738037109432, 31.19079971313505 ], [ 78.147827148437557, 31.231571197509822 ], [ 78.232589721679972, 31.235019683838004 ], [ 78.298362731933707, 31.288209915161246 ], [ 78.356323242187557, 31.290870666503906 ], [ 78.397529602050838, 31.247791290283317 ], [ 78.444137573242131, 31.244199752807674 ], [ 78.470108032226733, 31.203750610351562 ], [ 78.595367431640909, 31.236391067504883 ], [ 78.647697448730639, 31.194669723510856 ], [ 78.795036315918082, 31.205039978027344 ], [ 78.862251281738281, 31.112409591674862 ], [ 78.94211578369169, 31.105028152465877 ], [ 78.996696472167912, 31.117589950561637 ], [ 78.971870422363565, 31.182371139526424 ], [ 78.909912109374943, 31.233888626098633 ], [ 78.923103332519702, 31.325389862060774 ], [ 78.991607666015796, 31.364030838012752 ], [ 79.045196533203296, 31.468120574951286 ], [ 79.128860473633097, 31.438730239868107 ] ] ] } },
{ "type": "Feature", "properties": { "ID_0": 105, "ISO": "IND", "NAME_0": "India", "ID_1": 35, "NAME_1": "West Bengal" }, "geometry": { "type": "MultiPolygon", "coordinates": [ [ [ [ 88.015830993652514, 21.581670761108398 ], [ 88.02054595947294, 21.566669464111612 ], [ 88.016670227050838, 21.572208404541129 ], [ 88.015830993652514, 21.581670761108398 ] ] ], [ [ [ 88.497711181640682, 21.599754333496378 ], [ 88.533889770507812, 21.578060150146541 ], [ 88.531387329101733, 21.542499542236271 ], [ 88.506111145019645, 21.541110992431925 ], [ 88.511672973633097, 21.558061599731559 ], [ 88.503051757812557, 21.565280914306697 ], [ 88.504173278808651, 21.544452667236328 ], [ 88.481704711914347, 21.554725646972713 ], [ 88.497711181640682, 21.599754333496378 ] ] ], [ [ [ 88.167778015137003, 21.591665267944563 ], [ 88.188888549804744, 21.581939697265625 ], [ 88.186668395996378, 21.559999465942326 ], [ 88.167778015137003, 21.591665267944563 ] ] ], [ [ [ 88.834724426269588, 21.607221603393725 ], [ 88.876113891601619, 21.592222213745174 ], [ 88.903610229492472, 21.55583381652832 ], [ 88.842781066894815, 21.553888320922795 ], [ 88.834724426269588, 21.607221603393725 ] ] ], [ [ [ 88.728851318359432, 21.637081146240348 ], [ 88.735580444336222, 21.611051559448242 ], [ 88.757186889648438, 21.598979949951172 ], [ 88.748138427734432, 21.590951919555664 ], [ 88.746948242187557, 21.577499389648381 ], [ 88.735832214355639, 21.571672439575195 ], [ 88.707206726074162, 21.594221115112248 ], [ 88.728851318359432, 21.637081146240348 ] ] ], [ [ [ 88.524375915527401, 21.65320014953619 ], [ 88.587501525878963, 21.601942062378157 ], [ 88.550003051758097, 21.563610076904581 ], [ 88.536949157714901, 21.586950302124137 ], [ 88.542861938476619, 21.589162826538313 ], [ 88.556358337402514, 21.599111557006893 ], [ 88.556663513183878, 21.604446411132812 ], [ 88.536933898925952, 21.588397979736385 ], [ 88.510002136230639, 21.602220535278548 ], [ 88.524375915527401, 21.65320014953619 ] ] ], [ [ [ 88.889999389648494, 21.6544704437257 ], [ 88.893890380859659, 21.649166107177734 ], [ 88.889007568359546, 21.654573440551871 ], [ 88.889999389648494, 21.6544704437257 ] ] ], [ [ [ 88.771942138671932, 21.653062820434513 ], [ 88.798057556152344, 21.591665267944563 ], [ 88.751945495605526, 21.576665878296012 ], [ 88.758239746093807, 21.600038528442326 ], [ 88.729568481445483, 21.639949798583928 ], [ 88.771942138671932, 21.653062820434513 ] ] ], [ [ [ 88.965766906738338, 21.641534805298079 ], [ 88.969902038574389, 21.640340805053995 ], [ 88.986549377441463, 21.644840240478572 ], [ 88.991386413574503, 21.64356994628929 ], [ 88.992500305176065, 21.616666793823299 ], [ 88.955917358398381, 21.61756706237793 ], [ 88.939720153808594, 21.646667480468807 ], [ 88.955207824707202, 21.67709159851097 ], [ 88.961616516113565, 21.664192199707259 ], [ 88.962020874023381, 21.648679733276424 ], [ 88.965766906738338, 21.641534805298079 ] ] ], [ [ [ 88.63944244384794, 21.668056488037109 ], [ 88.630279541015739, 21.649166107177734 ], [ 88.640396118164347, 21.678573608398381 ], [ 88.63944244384794, 21.668056488037109 ] ] ], [ [ [ 88.567527770996207, 21.69046974182146 ], [ 88.585830688476619, 21.658054351806754 ], [ 88.605712890625284, 21.624401092529524 ], [ 88.602218627929744, 21.620557785034123 ], [ 88.553977966308651, 21.63953018188505 ], [ 88.570808410644815, 21.666000366210881 ], [ 88.567527770996207, 21.69046974182146 ] ] ], [ [ [ 88.587791442871378, 21.701440811157283 ], [ 88.606338500976733, 21.679977416992188 ], [ 88.588546752929972, 21.657331466674918 ], [ 88.580390930175952, 21.682994842529354 ], [ 88.591941833496207, 21.690559387207145 ], [ 88.587791442871378, 21.701440811157283 ] ] ], [ [ [ 88.973159790039119, 21.697389602661133 ], [ 88.987907409668082, 21.652980804443359 ], [ 88.996391296386889, 21.649038314819336 ], [ 89.022758483886776, 21.654026031494425 ], [ 89.028762817383097, 21.60482215881342 ], [ 89.000000000000171, 21.601671218872298 ], [ 88.992362976074219, 21.64414024353033 ], [ 88.982894897460994, 21.64591217041044 ], [ 88.968399047851619, 21.641698837280387 ], [ 88.964019775390682, 21.645740509033203 ], [ 88.963256835937557, 21.662990570068644 ], [ 88.950843811035213, 21.700721740722827 ], [ 88.973159790039119, 21.697389602661133 ] ] ], [ [ [ 88.806655883789119, 21.706672668457031 ], [ 88.796943664550838, 21.655277252197266 ], [ 88.730552673339901, 21.68472099304222 ], [ 88.758331298828125, 21.682500839233512 ], [ 88.806655883789119, 21.706672668457031 ] ] ], [ [ [ 88.311080932617358, 21.7063503265382 ], [ 88.34610748291044, 21.688610076904467 ], [ 88.358070373535213, 21.647500991821403 ], [ 88.315277099609546, 21.608055114746094 ], [ 88.311080932617358, 21.7063503265382 ] ] ], [ [ [ 88.454032897949276, 21.709341049194563 ], [ 88.470687866210881, 21.672990798950423 ], [ 88.442230224609659, 21.614999771118391 ], [ 88.418556213378963, 21.68256950378418 ], [ 88.454032897949276, 21.709341049194563 ] ] ], [ [ [ 88.697120666504077, 21.712879180908203 ], [ 88.707427978515796, 21.681190490722713 ], [ 88.751373291015682, 21.648719787597884 ], [ 88.722892761230639, 21.638620376586914 ], [ 88.687042236328296, 21.683330535888899 ], [ 88.697120666504077, 21.712879180908203 ] ] ], [ [ [ 88.204505920410213, 21.721181869506893 ], [ 88.21659088134794, 21.700540542602653 ], [ 88.198333740234375, 21.694444656372184 ], [ 88.195556640625057, 21.681943893432731 ], [ 88.23166656494169, 21.643610000610579 ], [ 88.211669921874943, 21.620830535888956 ], [ 88.211944580078182, 21.601667404174748 ], [ 88.181388854980639, 21.686109542846964 ], [ 88.204505920410213, 21.721181869506893 ] ] ], [ [ [ 89.059204101562557, 21.721803665161133 ], [ 89.095039367675838, 21.643960952758789 ], [ 89.051589965820369, 21.61753082275402 ], [ 89.028488159179744, 21.635318756103572 ], [ 89.024726867676065, 21.69486045837408 ], [ 89.022003173828182, 21.700380325317326 ], [ 89.009796142578182, 21.704870223999194 ], [ 89.059204101562557, 21.721803665161133 ] ] ], [ [ [ 88.977996826172159, 21.726875305175781 ], [ 88.999725341796932, 21.715278625488509 ], [ 89.020523071289176, 21.713550567627067 ], [ 89.00778961181669, 21.707130432128963 ], [ 89.024162292480753, 21.68773269653326 ], [ 89.007759094238565, 21.652221679687614 ], [ 88.990074157714844, 21.654121398926065 ], [ 88.992759704590014, 21.700000762939567 ], [ 88.977996826172159, 21.726875305175781 ] ] ], [ [ [ 88.545669555664233, 21.736129760742472 ], [ 88.560043334960994, 21.729360580444393 ], [ 88.570831298828068, 21.732500076294173 ], [ 88.590698242187671, 21.690628051757812 ], [ 88.580245971679744, 21.68468093872076 ], [ 88.569938659667969, 21.71062088012701 ], [ 88.552803039550838, 21.724040985107536 ], [ 88.543014526367358, 21.723913192749137 ], [ 88.568298339844034, 21.709760665893839 ], [ 88.574203491211051, 21.694026947021541 ], [ 88.562721252441463, 21.706363677978516 ], [ 88.556945800781421, 21.706390380859489 ], [ 88.552780151367244, 21.702779769897631 ], [ 88.569168090820483, 21.669443130493278 ], [ 88.550918579101619, 21.636489868164062 ], [ 88.517242431640625, 21.71084022521984 ], [ 88.545669555664233, 21.736129760742472 ] ] ], [ [ [ 88.199996948242472, 21.728889465332315 ], [ 88.195869445800952, 21.730068206787337 ], [ 88.201377868652287, 21.736669540405387 ], [ 88.199996948242472, 21.728889465332315 ] ] ], [ [ [ 88.883056640624943, 21.745279312134016 ], [ 88.940277099609318, 21.695278167724553 ], [ 88.920829772949162, 21.632221221924055 ], [ 88.873054504394588, 21.694444656372184 ], [ 88.883056640624943, 21.745279312134016 ] ] ], [ [ [ 88.401771545410213, 21.737825393676758 ], [ 88.428565979004077, 21.702011108398551 ], [ 88.413307189941577, 21.691066741943303 ], [ 88.411163330078409, 21.658662796020508 ], [ 88.431938171387003, 21.627359390258789 ], [ 88.398612976074389, 21.595556259155217 ], [ 88.379722595214844, 21.680831909179801 ], [ 88.40354156494169, 21.71667289733881 ], [ 88.368637084961222, 21.727340698242244 ], [ 88.386741638183878, 21.733850479126204 ], [ 88.394996643066577, 21.755001068115234 ], [ 88.401771545410213, 21.737825393676758 ] ] ], [ [ [ 88.220909118652401, 21.762149810791072 ], [ 88.272003173828296, 21.75440597534174 ], [ 88.262069702148608, 21.730173110961914 ], [ 88.310279846191349, 21.676389694214151 ], [ 88.291664123535213, 21.563053131103629 ], [ 88.248336791992358, 21.563888549804744 ], [ 88.216392517090128, 21.616388320922908 ], [ 88.234733581543253, 21.635377883911133 ], [ 88.233329772949276, 21.668056488037109 ], [ 88.197776794433764, 21.689168930053995 ], [ 88.220382690429744, 21.700029373168945 ], [ 88.220909118652401, 21.762149810791072 ] ] ], [ [ [ 88.92710113525419, 21.761949539184684 ], [ 88.968894958496037, 21.73919868469261 ], [ 88.987480163574276, 21.744720458984659 ], [ 88.969444274902628, 21.722778320312784 ], [ 88.983329772949332, 21.705831527710131 ], [ 88.922782897949389, 21.719707489013842 ], [ 88.92710113525419, 21.761949539184684 ] ] ], [ [ [ 88.342788696289119, 21.754390716552678 ], [ 88.370826721191463, 21.760818481445312 ], [ 88.360237121582315, 21.747350692749137 ], [ 88.359672546387003, 21.734880447387809 ], [ 88.365280151367188, 21.722219467163029 ], [ 88.398056030273608, 21.713333129882812 ], [ 88.360557556152401, 21.68638992309593 ], [ 88.337509155273722, 21.710769653320597 ], [ 88.348892211914119, 21.72555351257347 ], [ 88.342788696289119, 21.754390716552678 ] ] ], [ [ [ 89.001571655273438, 21.750020980835075 ], [ 89.025413513183594, 21.756969451904354 ], [ 89.059280395508097, 21.72591972351097 ], [ 89.017410278320369, 21.717779159546183 ], [ 89.016372680664347, 21.732442855835018 ], [ 89.001571655273438, 21.750020980835075 ] ] ], [ [ [ 88.808891296386889, 21.748331069946516 ], [ 88.865280151367472, 21.758611679077262 ], [ 88.839164733887003, 21.706943511962891 ], [ 88.859954833984659, 21.637226104736385 ], [ 88.844200134277514, 21.626995086669865 ], [ 88.842781066894815, 21.645280838012695 ], [ 88.830566406250284, 21.65195274353033 ], [ 88.828613281250057, 21.650554656982649 ], [ 88.845832824707315, 21.620000839233569 ], [ 88.808898925781421, 21.638790130615348 ], [ 88.815002441406421, 21.710000991821346 ], [ 88.762512207031193, 21.701370239257869 ], [ 88.781593322753849, 21.715999603271541 ], [ 88.790832519531307, 21.74917030334484 ], [ 88.797622680664062, 21.747030258178881 ], [ 88.808891296386889, 21.748331069946516 ] ] ], [ [ [ 88.384902954101733, 21.764440536499251 ], [ 88.386695861816463, 21.740678787231445 ], [ 88.362396240234546, 21.732326507568359 ], [ 88.361518859863338, 21.747659683227653 ], [ 88.384902954101733, 21.764440536499251 ] ] ], [ [ [ 88.19388580322294, 21.763330459594897 ], [ 88.202217102050838, 21.761390686035156 ], [ 88.19638824462919, 21.757499694824503 ], [ 88.19388580322294, 21.763330459594897 ] ] ], [ [ [ 88.281944274902401, 21.768611907959212 ], [ 88.280563354492358, 21.767219543457315 ], [ 88.279167175293253, 21.769721984863395 ], [ 88.281944274902401, 21.768611907959212 ] ] ], [ [ [ 88.582221984863565, 21.777780532837028 ], [ 88.585609436035213, 21.753890991211051 ], [ 88.61637115478544, 21.727626800537166 ], [ 88.579719543457088, 21.725839614868391 ], [ 88.582221984863565, 21.777780532837028 ] ] ], [ [ [ 88.288909912109659, 21.778484344482422 ], [ 88.29727935791044, 21.705600738525391 ], [ 88.278030395508097, 21.728170394897461 ], [ 88.288909912109659, 21.778484344482422 ] ] ], [ [ [ 88.506935119628849, 21.78750038146984 ], [ 88.501014709472599, 21.781831741333178 ], [ 88.506385803222827, 21.788333892822379 ], [ 88.506935119628849, 21.78750038146984 ] ] ], [ [ [ 88.951110839844034, 21.757778167724894 ], [ 89.011581420898722, 21.780227661132926 ], [ 88.997695922851506, 21.771390914917106 ], [ 88.996665954589901, 21.765832901000977 ], [ 89.001396179199276, 21.745950698852482 ], [ 89.015396118164347, 21.725650787353516 ], [ 89.004280090332088, 21.716072082519759 ], [ 88.976669311523722, 21.728610992431754 ], [ 88.988662719726619, 21.739849090576456 ], [ 88.987876892089901, 21.746648788452319 ], [ 88.951110839844034, 21.757778167724894 ] ] ], [ [ [ 88.609725952148722, 21.790279388427905 ], [ 88.630836486816463, 21.742500305175952 ], [ 88.608886718750057, 21.70805549621582 ], [ 88.623054504394815, 21.736665725708008 ], [ 88.586250305176065, 21.756597518920898 ], [ 88.609725952148722, 21.790279388427905 ] ] ], [ [ [ 88.263626098632869, 21.792360305786133 ], [ 88.287391662597599, 21.784429550170898 ], [ 88.283332824707145, 21.769443511963004 ], [ 88.263626098632869, 21.792360305786133 ] ] ], [ [ [ 88.185279846191463, 21.790554046631087 ], [ 88.179168701171932, 21.790000915527344 ], [ 88.180831909179858, 21.795833587646484 ], [ 88.185279846191463, 21.790554046631087 ] ] ], [ [ [ 88.423362731933878, 21.767724990844897 ], [ 88.474998474121151, 21.791389465332259 ], [ 88.467216491699503, 21.737220764160384 ], [ 88.433135986328296, 21.704481124877873 ], [ 88.423362731933878, 21.767724990844897 ] ] ], [ [ [ 88.716201782226733, 21.807380676269531 ], [ 88.728057861328125, 21.777778625488452 ], [ 88.759262084961222, 21.75921821594261 ], [ 88.752227783203125, 21.748609542846907 ], [ 88.752769470215128, 21.731578826904297 ], [ 88.776657104492358, 21.721109390259073 ], [ 88.735862731933764, 21.719291687011946 ], [ 88.762756347656421, 21.692930221557674 ], [ 88.729293823242472, 21.686756134033203 ], [ 88.730773925781307, 21.68203163146984 ], [ 88.754997253418026, 21.665639877319563 ], [ 88.748046875000171, 21.658330917358569 ], [ 88.711112976074276, 21.690179824829329 ], [ 88.694999694824162, 21.743890762329102 ], [ 88.716201782226733, 21.807380676269531 ] ] ], [ [ [ 88.165267944336051, 21.800279617309684 ], [ 88.174148559570483, 21.799720764160327 ], [ 88.169166564941577, 21.790559768676871 ], [ 88.165267944336051, 21.800279617309684 ] ] ], [ [ [ 88.544570922851562, 21.810319900512923 ], [ 88.572219848632983, 21.787782669067383 ], [ 88.572502136230753, 21.735555648803654 ], [ 88.541717529296932, 21.737678527832145 ], [ 88.519447326660213, 21.719165802001953 ], [ 88.504386901855526, 21.75741004943842 ], [ 88.525482177734546, 21.773660659790039 ], [ 88.53263092041044, 21.782960891723576 ], [ 88.535285949707088, 21.792020797729435 ], [ 88.504173278808651, 21.770828247070369 ], [ 88.544570922851562, 21.810319900512923 ] ] ], [ [ [ 88.382659912109432, 21.779100418091105 ], [ 88.429634094238565, 21.799587249755973 ], [ 88.442687988281421, 21.799650192260685 ], [ 88.420860290527628, 21.767230987548828 ], [ 88.422760009765739, 21.719820022582951 ], [ 88.382659912109432, 21.779100418091105 ] ] ], [ [ [ 88.990180969238338, 21.7900390625 ], [ 89.016479492187557, 21.811969757080192 ], [ 89.023735046386776, 21.759050369262752 ], [ 88.998809814453409, 21.766941070556925 ], [ 89.012786865234546, 21.779800415039119 ], [ 88.990180969238338, 21.7900390625 ] ] ], [ [ [ 88.750633239746207, 21.814214706420898 ], [ 88.746109008789006, 21.772222518920898 ], [ 88.728332519531534, 21.779722213745345 ], [ 88.750633239746207, 21.814214706420898 ] ] ], [ [ [ 88.821670532226733, 21.822900772094954 ], [ 88.830276489257983, 21.76666450500511 ], [ 88.790832519531307, 21.750009536743164 ], [ 88.821670532226733, 21.822900772094954 ] ] ], [ [ [ 88.787498474121037, 21.745000839233455 ], [ 88.756660461425952, 21.73340988159174 ], [ 88.764389038086222, 21.760499954223633 ], [ 88.749755859375171, 21.769649505615178 ], [ 88.766372680664233, 21.786790847778491 ], [ 88.782104492187614, 21.825193405151481 ], [ 88.787498474121037, 21.745000839233455 ] ] ], [ [ [ 88.883056640624943, 21.80805778503435 ], [ 88.937232971191349, 21.816669464111385 ], [ 88.933326721191463, 21.814441680908317 ], [ 88.927780151367244, 21.806388854980639 ], [ 88.926666259765682, 21.798328399658203 ], [ 88.917778015136662, 21.79166412353527 ], [ 88.923332214355639, 21.788055419921818 ], [ 88.911392211914119, 21.761671066284293 ], [ 88.912780761719034, 21.755279541015796 ], [ 88.897781372070483, 21.75194358825695 ], [ 88.906936645507983, 21.794170379638899 ], [ 88.883056640624943, 21.80805778503435 ] ] ], [ [ [ 88.177780151367358, 21.824718475341854 ], [ 88.185478210449276, 21.820650100708065 ], [ 88.185554504394531, 21.819164276123274 ], [ 88.177780151367358, 21.824718475341854 ] ] ], [ [ [ 88.555778503418139, 21.825769424438704 ], [ 88.56027984619152, 21.827499389648722 ], [ 88.556640625000057, 21.824024200439396 ], [ 88.555778503418139, 21.825769424438704 ] ] ], [ [ [ 88.484878540039119, 21.834690093994084 ], [ 88.496086120605639, 21.807781219482536 ], [ 88.453140258789006, 21.805660247803019 ], [ 88.450332641601733, 21.815130233764648 ], [ 88.484878540039119, 21.834690093994084 ] ] ], [ [ [ 88.932777404785213, 21.836944580078125 ], [ 88.953903198242244, 21.825292587280501 ], [ 88.976669311523722, 21.820556640625 ], [ 88.940277099609318, 21.79305458068859 ], [ 88.940422058105753, 21.782365798950309 ], [ 88.958885192871151, 21.770833969116325 ], [ 88.921386718750284, 21.766111373901367 ], [ 88.914169311523608, 21.755559921264762 ], [ 88.938888549804801, 21.81666755676298 ], [ 88.924446105956974, 21.835832595825195 ], [ 88.932777404785213, 21.836944580078125 ] ] ], [ [ [ 88.592216491699389, 21.850000381469783 ], [ 88.618049621582088, 21.829244613647461 ], [ 88.607223510742472, 21.815832138061637 ], [ 88.614166259765796, 21.798059463500977 ], [ 88.576042175292969, 21.817033767700252 ], [ 88.592216491699389, 21.850000381469783 ] ] ], [ [ [ 88.515830993652401, 21.839445114135799 ], [ 88.527496337890909, 21.843330383301065 ], [ 88.524169921875057, 21.835000991821403 ], [ 88.515830993652401, 21.839445114135799 ] ] ], [ [ [ 88.540794372558651, 21.855062484741438 ], [ 88.536491394042912, 21.853717803955362 ], [ 88.541618347168253, 21.857379913330192 ], [ 88.540794372558651, 21.855062484741438 ] ] ], [ [ [ 88.331130981445483, 21.860687255859659 ], [ 88.352722167968807, 21.854242324829386 ], [ 88.350372314453296, 21.826400756835881 ], [ 88.36081695556669, 21.79683113098173 ], [ 88.379966735839844, 21.78726959228527 ], [ 88.342933654785327, 21.759588241577092 ], [ 88.340278625488452, 21.740476608276651 ], [ 88.345001220703068, 21.721666336059627 ], [ 88.317100524902628, 21.708909988403605 ], [ 88.310859680175724, 21.795635223388672 ], [ 88.293891906738281, 21.802780151367188 ], [ 88.310348510742188, 21.793485641479549 ], [ 88.296012878418139, 21.774049758911133 ], [ 88.285980224609432, 21.789068222046126 ], [ 88.259773254394702, 21.804206848144588 ], [ 88.307022094726847, 21.829690933227482 ], [ 88.331130981445483, 21.860687255859659 ] ] ], [ [ [ 88.834999084472599, 21.78166770935087 ], [ 88.855278015136719, 21.858060836791992 ], [ 88.857498168945256, 21.855556488037109 ], [ 88.877220153808651, 21.851669311523494 ], [ 88.875000000000284, 21.845554351806754 ], [ 88.882232666015682, 21.797218322753849 ], [ 88.898056030273494, 21.778610229492415 ], [ 88.891387939453182, 21.753610610962085 ], [ 88.921386718750284, 21.743610382080305 ], [ 88.913330078125114, 21.727779388427962 ], [ 88.834999084472599, 21.78166770935087 ] ] ], [ [ [ 88.585800170898494, 21.873992919922102 ], [ 88.581138610839844, 21.872528076171989 ], [ 88.584686279296932, 21.876590728759822 ], [ 88.585800170898494, 21.873992919922102 ] ] ], [ [ [ 88.136947631836108, 21.875000000000114 ], [ 88.172500610351619, 21.811952590942326 ], [ 88.163642883300952, 21.799549102783487 ], [ 88.170661926269474, 21.742401123046932 ], [ 88.143402099609375, 21.679552078247184 ], [ 88.154724121093807, 21.649999618530501 ], [ 88.109169006347713, 21.625833511352539 ], [ 88.041664123535213, 21.649166107177734 ], [ 88.036666870117244, 21.675001144409237 ], [ 88.136947631836108, 21.875000000000114 ] ] ], [ [ [ 88.776947021484432, 21.866952896118164 ], [ 88.792503356933764, 21.87388992309576 ], [ 88.78610992431652, 21.868331909179801 ], [ 88.785835266113452, 21.865278244018725 ], [ 88.787780761718807, 21.86361122131359 ], [ 88.829719543457031, 21.86222076416027 ], [ 88.794998168945483, 21.791389465332259 ], [ 88.789718627929744, 21.821390151977596 ], [ 88.784156799316463, 21.826110839843807 ], [ 88.765830993652401, 21.828889846801871 ], [ 88.782211303711108, 21.859720230102766 ], [ 88.776947021484432, 21.866952896118164 ] ] ], [ [ [ 88.979057312011889, 21.893489837646484 ], [ 89.028892517089901, 21.86584281921381 ], [ 89.02475738525419, 21.849216461181811 ], [ 88.998130798340014, 21.871059417724666 ], [ 88.989242553711051, 21.868122100830078 ], [ 89.029991149902344, 21.834529876709155 ], [ 88.970497131347713, 21.775091171264648 ], [ 88.942787170410327, 21.78650093078636 ], [ 88.976638793945369, 21.805089950561751 ], [ 88.977867126464844, 21.823511123657283 ], [ 88.950286865234432, 21.838090896606388 ], [ 88.979125976562557, 21.867441177368278 ], [ 88.979057312011889, 21.893489837646484 ] ] ], [ [ [ 88.621665954589901, 21.897779464721737 ], [ 88.633331298828239, 21.869722366333121 ], [ 88.653518676757869, 21.867708206176758 ], [ 88.63889312744169, 21.784717559814396 ], [ 88.621109008789119, 21.831390380859375 ], [ 88.594718933105639, 21.85444450378418 ], [ 88.621665954589901, 21.897779464721737 ] ] ], [ [ [ 88.137809753418253, 21.896150588989485 ], [ 88.136016845703125, 21.894470214843864 ], [ 88.138595581054972, 21.898099899291992 ], [ 88.137809753418253, 21.896150588989485 ] ] ], [ [ [ 88.811386108398608, 21.896389007568587 ], [ 88.840835571289119, 21.886943817138786 ], [ 88.829437255859659, 21.864717483520565 ], [ 88.800277709960881, 21.87055587768549 ], [ 88.809165954589901, 21.883329391479776 ], [ 88.811386108398608, 21.896389007568587 ] ] ], [ [ [ 88.562339782714901, 21.897460937500227 ], [ 88.572738647460881, 21.858360290527571 ], [ 88.551033020019702, 21.817291259765625 ], [ 88.53055572509794, 21.849168777465991 ], [ 88.542503356933651, 21.855560302734489 ], [ 88.550262451172046, 21.880958557128849 ], [ 88.54886627197294, 21.892208099365462 ], [ 88.541160583496151, 21.902561187744254 ], [ 88.562339782714901, 21.897460937500227 ] ] ], [ [ [ 88.422775268554972, 21.906110763549805 ], [ 88.425125122070483, 21.90360260009794 ], [ 88.420700073242472, 21.903877258300781 ], [ 88.422775268554972, 21.906110763549805 ] ] ], [ [ [ 88.432815551757869, 21.900766372680721 ], [ 88.459136962890682, 21.894201278686808 ], [ 88.482109069824503, 21.887819290161417 ], [ 88.490150451660099, 21.856380462646541 ], [ 88.448066711425838, 21.815282821655217 ], [ 88.461456298828182, 21.789810180664062 ], [ 88.424026489257812, 21.812400817871151 ], [ 88.401527404785213, 21.798030853271769 ], [ 88.392517089843921, 21.832601547241495 ], [ 88.399986267090014, 21.87249946594261 ], [ 88.418846130371264, 21.889299392700423 ], [ 88.419006347656193, 21.902402877807901 ], [ 88.432815551757869, 21.900766372680721 ] ] ], [ [ [ 88.71805572509794, 21.907222747802734 ], [ 88.780563354492244, 21.8594398498538 ], [ 88.768608093262003, 21.852500915527457 ], [ 88.757766723632983, 21.781110763549918 ], [ 88.751663208007983, 21.815282821655217 ], [ 88.725830078125057, 21.794446945190714 ], [ 88.718330383300781, 21.808059692382926 ], [ 88.707496643066463, 21.811389923095817 ], [ 88.728057861328125, 21.837499618530501 ], [ 88.696662902832315, 21.838054656982479 ], [ 88.71805572509794, 21.907222747802734 ] ] ], [ [ [ 88.112777709960994, 21.910554885864201 ], [ 88.109298706054858, 21.883880615234375 ], [ 88.104446411133097, 21.897779464721737 ], [ 88.112777709960994, 21.910554885864201 ] ] ], [ [ [ 88.504722595214901, 21.912780761718864 ], [ 88.490280151367301, 21.889444351196289 ], [ 88.476936340332315, 21.898330688476733 ], [ 88.488609313965128, 21.91028022766136 ], [ 88.504722595214901, 21.912780761718864 ] ] ], [ [ [ 88.456474304199276, 21.913814544677848 ], [ 88.445678710937784, 21.906129837036417 ], [ 88.442260742187784, 21.908769607544002 ], [ 88.456474304199276, 21.913814544677848 ] ] ], [ [ [ 88.639999389648494, 21.921680450439396 ], [ 88.667503356933878, 21.91167068481468 ], [ 88.634452819824276, 21.87055969238304 ], [ 88.623382568359432, 21.901409149170206 ], [ 88.639999389648494, 21.921680450439396 ] ] ], [ [ [ 88.116111755371037, 21.918319702148551 ], [ 88.144622802734432, 21.91526031494152 ], [ 88.129447937012003, 21.89888954162609 ], [ 88.116111755371037, 21.918319702148551 ] ] ], [ [ [ 88.836555480957202, 21.917892456054744 ], [ 88.890068054199503, 21.914655685424748 ], [ 88.915176391601619, 21.928180694580249 ], [ 88.973892211914233, 21.897779464721737 ], [ 88.976669311523722, 21.867500305175838 ], [ 88.955558776855639, 21.853889465332202 ], [ 88.958885192871151, 21.869722366333121 ], [ 88.949447631835938, 21.88667106628418 ], [ 88.943336486816349, 21.884721755981673 ], [ 88.947219848632869, 21.840562820434513 ], [ 88.939163208007983, 21.853612899780387 ], [ 88.917778015136662, 21.860557556152514 ], [ 88.915000915527401, 21.880832672119254 ], [ 88.906936645507983, 21.878889083862532 ], [ 88.921669006347713, 21.853889465332202 ], [ 88.939163208007983, 21.850000381469783 ], [ 88.888046264648608, 21.812221527099609 ], [ 88.878051757812784, 21.853889465332202 ], [ 88.819618225097713, 21.92819976806669 ], [ 88.836555480957202, 21.917892456054744 ] ] ], [ [ [ 88.723609924316349, 21.931943893432674 ], [ 88.736114501953182, 21.918056488037053 ], [ 88.799446105957088, 21.919721603393782 ], [ 88.808052062988565, 21.884443283081282 ], [ 88.776107788086108, 21.869720458984546 ], [ 88.718887329101733, 21.909166336059627 ], [ 88.723609924316349, 21.931943893432674 ] ] ], [ [ [ 88.159721374511776, 21.928609848022631 ], [ 88.171401977539347, 21.932218551635685 ], [ 88.165267944336051, 21.916110992431754 ], [ 88.159721374511776, 21.928609848022631 ] ] ], [ [ [ 88.745391845703296, 21.97973823547369 ], [ 88.750709533691577, 21.954851150512695 ], [ 88.775840759277628, 21.941450119018782 ], [ 88.786453247070369, 21.95265007019043 ], [ 88.788902282714844, 21.94071388244646 ], [ 88.805786132812784, 21.936479568481559 ], [ 88.799392700195312, 21.925928115844954 ], [ 88.733329772949162, 21.924720764160213 ], [ 88.723731994628963, 21.973815917968864 ], [ 88.745391845703296, 21.97973823547369 ] ] ], [ [ [ 88.758293151855753, 22.007120132446289 ], [ 88.752777099609659, 21.988332748413086 ], [ 88.74283599853544, 21.983400344848746 ], [ 88.758293151855753, 22.007120132446289 ] ] ], [ [ [ 88.659973144531307, 22.019212722778377 ], [ 88.715782165527287, 22.000640869140852 ], [ 88.693084716796818, 21.96980094909685 ], [ 88.686439514160327, 21.973501205444393 ], [ 88.692871093750284, 21.984052658081168 ], [ 88.690086364746264, 21.989540100097656 ], [ 88.686668395996094, 21.991109848022575 ], [ 88.678153991699332, 21.942867279052905 ], [ 88.628646850586108, 21.958030700683764 ], [ 88.659973144531307, 22.019212722778377 ] ] ], [ [ [ 88.141387939453182, 22.026390075683821 ], [ 88.087501525878849, 21.932779312133846 ], [ 88.047225952148722, 21.91167068481468 ], [ 88.073326110839901, 21.995281219482536 ], [ 88.141387939453182, 22.026390075683821 ] ] ], [ [ [ 88.761726379394815, 22.014907836914062 ], [ 88.902496337890909, 22.011669158935661 ], [ 88.907272338867472, 21.929536819458065 ], [ 88.856582641601733, 21.919059753418082 ], [ 88.787223815918026, 21.954999923706112 ], [ 88.752502441406307, 21.956111907959212 ], [ 88.753326416015909, 21.98527908325201 ], [ 88.764442443847827, 21.984441757202262 ], [ 88.774444580078182, 21.989721298218001 ], [ 88.781967163085881, 21.972703933715934 ], [ 88.80029296875, 21.970453262329045 ], [ 88.776664733886889, 21.99083328247076 ], [ 88.753608703613452, 21.988058090210075 ], [ 88.761726379394815, 22.014907836914062 ] ] ], [ [ [ 88.730934143066463, 22.043598175048828 ], [ 88.733390808105639, 22.043600082397404 ], [ 88.733985900878963, 22.042261123657283 ], [ 88.730934143066463, 22.043598175048828 ] ] ], [ [ [ 88.761672973632869, 22.02139091491722 ], [ 88.775657653808878, 22.049722671508846 ], [ 88.77890777587919, 22.03718376159668 ], [ 88.791046142578182, 22.029371261596907 ], [ 88.761672973632869, 22.02139091491722 ] ] ], [ [ [ 88.902786254882869, 22.045333862304801 ], [ 88.891700744629077, 22.014724731445312 ], [ 88.851982116699219, 22.041231155395678 ], [ 88.890213012695369, 22.045843124389933 ], [ 88.892044067382983, 22.049337387085131 ], [ 88.886398315429744, 22.057773590088118 ], [ 88.902786254882869, 22.045333862304801 ] ] ], [ [ [ 88.029441833496151, 22.062498092651538 ], [ 88.029167175293139, 22.058889389038086 ], [ 88.027496337890682, 22.061946868896712 ], [ 88.029441833496151, 22.062498092651538 ] ] ], [ [ [ 88.984931945800952, 22.054948806762638 ], [ 89.073577880859659, 22.004159927368448 ], [ 89.059761047363338, 21.931970596313477 ], [ 88.99954986572294, 21.949483871460188 ], [ 89.032501220703182, 22.002082824707202 ], [ 88.992439270019588, 21.973630905151367 ], [ 88.989692687988281, 21.98567008972168 ], [ 88.975563049316349, 21.991392135620117 ], [ 88.983062744140796, 21.992799758911133 ], [ 88.999359130859659, 22.007104873657227 ], [ 88.974472045898608, 21.993642807007006 ], [ 88.979156494140909, 22.004720687866211 ], [ 88.968078613281534, 22.015541076660213 ], [ 88.985504150390796, 22.045915603637752 ], [ 88.984931945800952, 22.054948806762638 ] ] ], [ [ [ 88.632225036621378, 22.061668395996151 ], [ 88.629447937011719, 22.052501678466911 ], [ 88.628608703613565, 22.061950683593693 ], [ 88.632225036621378, 22.061668395996151 ] ] ], [ [ [ 88.780158996582088, 22.03783226013212 ], [ 88.831428527832202, 22.050241470336914 ], [ 88.832206726074276, 22.027170181274414 ], [ 88.780158996582088, 22.03783226013212 ] ] ], [ [ [ 88.852920532226506, 22.078752517700309 ], [ 88.868331909179972, 22.069650650024585 ], [ 88.870162963867244, 22.06305122375494 ], [ 88.890289306640909, 22.047832489013899 ], [ 88.853950500488338, 22.044626235962028 ], [ 88.850036621094034, 22.041032791137638 ], [ 88.859230041503906, 22.02557373046875 ], [ 88.835960388183594, 22.025449752807731 ], [ 88.845550537109375, 22.061670303344727 ], [ 88.819999694824276, 22.064172744750977 ], [ 88.834381103515909, 22.063890457153434 ], [ 88.852920532226506, 22.078752517700309 ] ] ], [ [ [ 88.690361022949332, 22.081071853637638 ], [ 88.688964843750057, 22.081111907959098 ], [ 88.688995361328182, 22.081903457641602 ], [ 88.690361022949332, 22.081071853637638 ] ] ], [ [ [ 88.897216796875171, 22.089151382446289 ], [ 88.890907287597827, 22.060356140136776 ], [ 88.870964050293026, 22.06435775756853 ], [ 88.870208740234432, 22.086900711059798 ], [ 88.881401062011889, 22.083942413330362 ], [ 88.897216796875171, 22.089151382446289 ] ] ], [ [ [ 88.722305297851733, 22.09913444519043 ], [ 88.703987121582202, 22.088302612304858 ], [ 88.692886352539347, 22.078077316284464 ], [ 88.692031860351619, 22.085519790649414 ], [ 88.722305297851733, 22.09913444519043 ] ] ], [ [ [ 88.803466796875114, 22.085273742675781 ], [ 88.815017700195483, 22.080583572387923 ], [ 88.827781677246264, 22.08603477478033 ], [ 88.836212158203182, 22.066339492798136 ], [ 88.748428344726733, 22.057422637939737 ], [ 88.78375244140625, 22.106943130493221 ], [ 88.803466796875114, 22.085273742675781 ] ] ], [ [ [ 88.817901611328182, 22.123029708862532 ], [ 88.845726013183764, 22.119421005249251 ], [ 88.849243164062614, 22.10397148132347 ], [ 88.867942810058878, 22.085020065307617 ], [ 88.838447570800952, 22.090192794799805 ], [ 88.867500305175838, 22.082502365112248 ], [ 88.851181030273722, 22.079362869262638 ], [ 88.838088989257983, 22.073078155517692 ], [ 88.819206237793139, 22.1044216156007 ], [ 88.805900573730526, 22.084753036499308 ], [ 88.817901611328182, 22.123029708862532 ] ] ], [ [ [ 88.735519409179744, 22.123619079589844 ], [ 88.729850769043253, 22.12344932556158 ], [ 88.736274719238338, 22.128776550292969 ], [ 88.735519409179744, 22.123619079589844 ] ] ], [ [ [ 88.848846435546932, 22.168888092041186 ], [ 88.899940490722713, 22.148092269897575 ], [ 88.915748596191463, 22.090299606323356 ], [ 88.892219543456974, 22.114448547363281 ], [ 88.894966125488338, 22.09122276306158 ], [ 88.87225341796875, 22.087804794311808 ], [ 88.845863342285099, 22.121961593628043 ], [ 88.830696105957088, 22.127080917358455 ], [ 88.860244750976619, 22.142448425292912 ], [ 88.848846435546932, 22.168888092041186 ] ] ], [ [ [ 88.949966430664347, 22.189191818237305 ], [ 88.984916687011662, 22.127122879028548 ], [ 88.968902587890625, 22.082612991332951 ], [ 88.955978393554858, 22.101770401001033 ], [ 88.950546264648722, 22.104169845581282 ], [ 88.966941833496378, 22.078611373901595 ], [ 88.924636840820256, 22.064592361450423 ], [ 88.923942565917969, 22.024202346801871 ], [ 88.946105957031307, 22.000001907348746 ], [ 88.934860229492244, 22.05513954162592 ], [ 88.963638305664119, 22.056991577148381 ], [ 88.960136413574389, 22.052009582519645 ], [ 88.961463928222656, 22.048997879028434 ], [ 88.977096557617131, 22.038393020629883 ], [ 88.962219238281193, 22.017221450805664 ], [ 88.972496032715128, 21.987791061401595 ], [ 88.992233276367244, 21.970003128051815 ], [ 89.013526916503849, 21.979106903076342 ], [ 88.990936279296932, 21.951934814453125 ], [ 89.021347045898381, 21.921659469604549 ], [ 89.012573242187443, 21.901994705200366 ], [ 88.968833923339957, 21.921138763427734 ], [ 88.971969604492358, 21.928653717041072 ], [ 88.964675903320597, 21.934801101684741 ], [ 88.976188659668139, 21.93895339965826 ], [ 88.976387023925952, 21.946111679077262 ], [ 88.962501525878963, 21.934999465942553 ], [ 88.966102600097713, 21.922929763794059 ], [ 88.935882568359659, 21.93649101257347 ], [ 88.912719726562557, 21.994359970092887 ], [ 88.901435852050781, 22.06528282165533 ], [ 88.940345764160156, 22.127977371215934 ], [ 88.913169860840128, 22.130029678344783 ], [ 88.893936157226506, 22.169698715210131 ], [ 88.919715881347827, 22.161111831665096 ], [ 88.949966430664347, 22.189191818237305 ] ] ], [ [ [ 89.001930236816577, 22.199171066284237 ], [ 89.022216796875057, 22.148611068725813 ], [ 89.050476074219034, 22.130632400512809 ], [ 89.014648437500284, 22.114007949829158 ], [ 89.035530090332088, 22.109294891357479 ], [ 89.038223266601619, 22.053392410278434 ], [ 89.027671813965014, 22.053522109985579 ], [ 89.029968261718921, 22.059122085571403 ], [ 89.028800964355639, 22.077131271362418 ], [ 89.027687072754077, 22.079153060913313 ], [ 89.023376464843807, 22.078786849975643 ], [ 89.026046752929744, 22.052932739257869 ], [ 88.985290527343693, 22.056982040405273 ], [ 88.977912902832202, 22.039922714233683 ], [ 88.962356567383097, 22.060480117797795 ], [ 88.996940612792969, 22.138027191162109 ], [ 88.972686767578409, 22.193437576294116 ], [ 89.001930236816577, 22.199171066284237 ] ] ], [ [ [ 88.695190429687443, 22.208612442016658 ], [ 88.789169311523722, 22.16944885253929 ], [ 88.738052368164347, 22.134540557861271 ], [ 88.683052062988338, 22.080831527709961 ], [ 88.735740661621151, 22.031614303588867 ], [ 88.721046447753963, 22.005300521850586 ], [ 88.663772583007983, 22.023761749267578 ], [ 88.634185791015796, 22.106210708618448 ], [ 88.695190429687443, 22.208612442016658 ] ] ], [ [ [ 88.844749450683764, 22.189191818237305 ], [ 88.850250244140568, 22.192199707031364 ], [ 88.853240966796932, 22.20433235168457 ], [ 88.860488891601619, 22.203294754028605 ], [ 88.868286132812557, 22.171186447143668 ], [ 88.850791931152628, 22.173564910888729 ], [ 88.843299865722713, 22.167179107666016 ], [ 88.855888366699276, 22.144453048706339 ], [ 88.777641296386889, 22.111221313476562 ], [ 88.739166259765682, 22.056991577148381 ], [ 88.704719543456974, 22.065000534057617 ], [ 88.749160766601506, 22.135000228881836 ], [ 88.809196472168253, 22.179410934448185 ], [ 88.829589843750057, 22.165290832519815 ], [ 88.838272094726733, 22.167032241821346 ], [ 88.840507507324503, 22.174940109252987 ], [ 88.828056335449276, 22.208040237426815 ], [ 88.835472106933651, 22.206735610962028 ], [ 88.838867187500171, 22.193601608276595 ], [ 88.844749450683764, 22.189191818237305 ] ] ], [ [ [ 87.991943359374943, 22.212778091430721 ], [ 87.993888854980639, 22.215562820434741 ], [ 87.996665954590128, 22.212778091430721 ], [ 87.991943359374943, 22.212778091430721 ] ] ], [ [ [ 88.932373046875057, 22.225000381469954 ], [ 88.96158599853527, 22.197210311889648 ], [ 88.931480407715128, 22.177011489868107 ], [ 88.908065795898608, 22.196310043335018 ], [ 88.932373046875057, 22.225000381469954 ] ] ], [ [ [ 88.812599182128963, 22.283391952514648 ], [ 88.825675964355639, 22.241441726684855 ], [ 88.798469543457088, 22.225973129272461 ], [ 88.805541992187557, 22.208353042602539 ], [ 88.818229675293139, 22.195589065551758 ], [ 88.827499389648551, 22.194986343383789 ], [ 88.834053039550781, 22.166852951049805 ], [ 88.809616088867472, 22.183338165283317 ], [ 88.794151306152628, 22.170570373535384 ], [ 88.747245788574503, 22.198629379272575 ], [ 88.752937316894815, 22.231452941894588 ], [ 88.791564941406421, 22.25843620300293 ], [ 88.795051574707088, 22.276075363159293 ], [ 88.812599182128963, 22.283391952514648 ] ] ], [ [ [ 88.836112976074503, 22.358335494995288 ], [ 88.936927795410213, 22.29911231994646 ], [ 88.93033599853544, 22.259412765502987 ], [ 88.954078674316406, 22.225240707397461 ], [ 88.918968200683764, 22.233032226562614 ], [ 88.913871765136776, 22.219903945922965 ], [ 88.887046813965128, 22.236299514770621 ], [ 88.895477294922046, 22.252389907836914 ], [ 88.88761138916044, 22.265932083129883 ], [ 88.876770019531193, 22.274492263793888 ], [ 88.872619628906421, 22.274549484253043 ], [ 88.865097045898722, 22.270809173584041 ], [ 88.863151550293026, 22.276399612426701 ], [ 88.849967956543026, 22.289308547973917 ], [ 88.843330383300895, 22.289720535278434 ], [ 88.864860534668026, 22.270151138305664 ], [ 88.887237548828409, 22.264909744262809 ], [ 88.885658264160213, 22.236213684082088 ], [ 88.913887023925838, 22.216108322143782 ], [ 88.904487609863281, 22.197242736816406 ], [ 88.918609619140682, 22.165349960327148 ], [ 88.898223876953182, 22.177907943725586 ], [ 88.872268676757869, 22.171369552612418 ], [ 88.866180419921932, 22.194147109985465 ], [ 88.883438110351506, 22.200052261352823 ], [ 88.88608551025419, 22.206823348999308 ], [ 88.883506774902344, 22.212270736694336 ], [ 88.841011047363338, 22.214263916015852 ], [ 88.875839233398608, 22.252803802490405 ], [ 88.839431762695483, 22.215526580810604 ], [ 88.841949462890682, 22.211740493774357 ], [ 88.84946441650419, 22.209789276123274 ], [ 88.882278442383097, 22.2115993499757 ], [ 88.881080627441463, 22.200164794921932 ], [ 88.854469299316577, 22.206212997436751 ], [ 88.850372314453182, 22.202470779419173 ], [ 88.848312377929972, 22.191551208496321 ], [ 88.844268798828182, 22.190317153930948 ], [ 88.836791992187557, 22.207059860229435 ], [ 88.829902648925952, 22.210130691528377 ], [ 88.824615478515682, 22.20433616638212 ], [ 88.825462341308537, 22.19840049743658 ], [ 88.819488525390739, 22.196359634399641 ], [ 88.800559997558651, 22.225841522217081 ], [ 88.818550109863565, 22.230939865112305 ], [ 88.828422546386776, 22.241905212402571 ], [ 88.829566955566463, 22.253721237182674 ], [ 88.815452575683651, 22.282972335815373 ], [ 88.806526184082315, 22.285749435425032 ], [ 88.812232971191463, 22.315832138061523 ], [ 88.804168701171932, 22.329721450805721 ], [ 88.807777404785327, 22.333890914916935 ], [ 88.818336486816463, 22.358892440795842 ], [ 88.836112976074503, 22.358335494995288 ] ] ], [ [ [ 88.984756469726733, 22.382432937622013 ], [ 88.983612060547046, 22.325338363647631 ], [ 89.023330688476619, 22.297502517700252 ], [ 88.993888854980469, 22.286111831664982 ], [ 89.066902160644815, 22.198314666748274 ], [ 89.068641662597599, 22.147361755371378 ], [ 89.096260070801065, 22.155012130737475 ], [ 89.062187194824389, 22.12842941284174 ], [ 89.022949218750057, 22.16626167297369 ], [ 89.019721984863338, 22.205553054809627 ], [ 88.972518920898381, 22.209711074829329 ], [ 88.947219848632869, 22.255559921264648 ], [ 88.974166870117244, 22.395002365112305 ], [ 88.967361450195256, 22.407690048217887 ], [ 88.984756469726733, 22.382432937622013 ] ] ], [ [ [ 87.937232971191577, 22.403610229492188 ], [ 87.93277740478544, 22.408889770507926 ], [ 87.933334350586051, 22.409721374511719 ], [ 87.937232971191577, 22.403610229492188 ] ] ], [ [ [ 88.860832214355526, 22.370832443237362 ], [ 88.880577087402287, 22.403211593628157 ], [ 88.874847412109659, 22.386831283569563 ], [ 88.898612976074276, 22.336673736572379 ], [ 88.860832214355526, 22.370832443237362 ] ] ], [ [ [ 88.871948242187784, 22.405277252197322 ], [ 88.869720458984375, 22.410001754760685 ], [ 88.874443054199503, 22.405555725097884 ], [ 88.871948242187784, 22.405277252197322 ] ] ], [ [ [ 88.917190551758097, 22.429029464721964 ], [ 88.917221069336108, 22.423612594604492 ], [ 88.911430358887003, 22.42369651794445 ], [ 88.917190551758097, 22.429029464721964 ] ] ], [ [ [ 87.923377990722713, 22.427911758423079 ], [ 87.919212341308651, 22.429109573364315 ], [ 87.919357299804744, 22.429519653320483 ], [ 87.923377990722713, 22.427911758423079 ] ] ], [ [ [ 87.908058166504077, 22.430831909179631 ], [ 87.912780761719034, 22.431110382080192 ], [ 87.918319702148381, 22.430000305175838 ], [ 87.908058166504077, 22.430831909179631 ] ] ], [ [ [ 88.856941223144531, 22.472501754760799 ], [ 88.858612060547159, 22.462226867676009 ], [ 88.856109619140739, 22.458890914916992 ], [ 88.856941223144531, 22.472501754760799 ] ] ], [ [ [ 88.781387329101847, 22.500562667846793 ], [ 88.809837341308764, 22.481193542480412 ], [ 88.812347412109546, 22.454179763794116 ], [ 88.827301025390682, 22.446769714355696 ], [ 88.821685791015796, 22.434789657592717 ], [ 88.834831237793139, 22.433803558349553 ], [ 88.819229125976562, 22.432252883911133 ], [ 88.803970336914062, 22.444452285766772 ], [ 88.800804138183878, 22.46111869812006 ], [ 88.781387329101847, 22.500562667846793 ] ] ], [ [ [ 88.897697448730753, 22.548860549926985 ], [ 88.892326354980526, 22.465353012084961 ], [ 88.902778625488338, 22.41472434997587 ], [ 88.921669006347713, 22.401390075683651 ], [ 88.888046264648608, 22.378332138061467 ], [ 88.896392822265909, 22.373611450195256 ], [ 88.898056030273494, 22.366666793823356 ], [ 88.876602172851733, 22.386917114258097 ], [ 88.882186889648494, 22.403636932373161 ], [ 88.856124877929972, 22.422780990600529 ], [ 88.867736816406307, 22.48786735534668 ], [ 88.860237121582031, 22.50025749206543 ], [ 88.843612670898608, 22.50679969787592 ], [ 88.856666564941463, 22.509973526001033 ], [ 88.867851257324389, 22.522291183471964 ], [ 88.867301940918026, 22.534511566162053 ], [ 88.86895751953125, 22.540473937988395 ], [ 88.897697448730753, 22.548860549926985 ] ] ], [ [ [ 88.930007934570483, 22.563127517700195 ], [ 88.936271667480412, 22.561334609985465 ], [ 88.933609008789006, 22.557783126831168 ], [ 88.930007934570483, 22.563127517700195 ] ] ], [ [ [ 88.895042419433878, 22.559640884399357 ], [ 88.933502197265682, 22.556119918823413 ], [ 88.959960937500171, 22.548620223999308 ], [ 88.998611450195597, 22.430292129516715 ], [ 88.964164733886889, 22.409166336059741 ], [ 88.957778930664347, 22.36472129821783 ], [ 88.939445495605526, 22.419010162353572 ], [ 88.941947937012003, 22.309881210327319 ], [ 88.896430969238452, 22.379829406738509 ], [ 88.930000305175952, 22.390279769897518 ], [ 88.925819396972827, 22.406232833862305 ], [ 88.907775878906307, 22.41583251953125 ], [ 88.918556213379077, 22.422010421752873 ], [ 88.920539855957088, 22.426691055297795 ], [ 88.894721984863452, 22.466112136840877 ], [ 88.914443969726619, 22.51111030578619 ], [ 88.895042419433878, 22.559640884399357 ] ] ], [ [ [ 88.936050415039347, 22.62157058715826 ], [ 88.936508178711108, 22.619136810303019 ], [ 88.9345703125, 22.621492385864258 ], [ 88.936050415039347, 22.62157058715826 ] ] ], [ [ [ 88.675971984863452, 24.315500259399528 ], [ 88.674819946289233, 24.314569473266715 ], [ 88.675102233886832, 24.315378189086914 ], [ 88.675971984863452, 24.315500259399528 ] ] ], [ [ [ 88.126907348632869, 27.123081207275391 ], [ 88.304496765136776, 27.128601074218864 ], [ 88.323837280273438, 27.104900360107365 ], [ 88.431945800781534, 27.081609725952205 ], [ 88.529930114746151, 27.150150299072436 ], [ 88.520751953125057, 27.178180694580078 ], [ 88.591476440429858, 27.194459915161246 ], [ 88.656455993652628, 27.162401199340934 ], [ 88.691497802734432, 27.178699493408317 ], [ 88.724540710449503, 27.138521194458235 ], [ 88.800048828125284, 27.136819839477596 ], [ 88.869918823242188, 27.108720779418945 ], [ 88.874984741210994, 26.951545715332259 ], [ 88.919006347656307, 26.996200561523494 ], [ 88.953689575195483, 26.968204498291016 ], [ 88.939865112304972, 26.942409515380859 ], [ 88.96237945556669, 26.92413139343256 ], [ 89.024917602539176, 26.940271377563477 ], [ 89.046455383300838, 26.903650283813477 ], [ 89.090339660644645, 26.893970489501953 ], [ 89.131072998047046, 26.80806922912592 ], [ 89.255592346191577, 26.81686973571783 ], [ 89.377166748046932, 26.866291046142521 ], [ 89.391006469726562, 26.840957641601676 ], [ 89.449226379394531, 26.833860397338981 ], [ 89.459281921386719, 26.806259155273551 ], [ 89.558883666992358, 26.815553665161303 ], [ 89.644737243652401, 26.78094482421875 ], [ 89.654510498046932, 26.763511657714901 ], [ 89.613441467285327, 26.728120803833121 ], [ 89.632179260253963, 26.719249725341797 ], [ 89.673812866211222, 26.740381240844727 ], [ 89.726409912109432, 26.722333908080998 ], [ 89.756660461425952, 26.73646354675293 ], [ 89.774398803711108, 26.699558258056754 ], [ 89.856941223144815, 26.703781127929915 ], [ 89.876373291015909, 26.649499893188533 ], [ 89.857292175293253, 26.632089614868221 ], [ 89.877227783203296, 26.61305046081543 ], [ 89.853500366211222, 26.517232894897575 ], [ 89.869499206543253, 26.448419570922908 ], [ 89.827278137207088, 26.396472930908317 ], [ 89.857292175293253, 26.38446044921875 ], [ 89.825592041015682, 26.379318237304744 ], [ 89.820098876953409, 26.350381851196346 ], [ 89.820419311523494, 26.370620727539176 ], [ 89.782012939453125, 26.353279113769645 ], [ 89.750541687011719, 26.32146072387718 ], [ 89.758659362793026, 26.289329528808651 ], [ 89.715682983398438, 26.301980972290096 ], [ 89.737457275390682, 26.271100997924805 ], [ 89.704811096191406, 26.269901275634766 ], [ 89.728767395019815, 26.238201141357365 ], [ 89.697227478027401, 26.217229843139762 ], [ 89.732032775878906, 26.212289810180721 ], [ 89.694839477539062, 26.189071655273381 ], [ 89.733757019042969, 26.173370361328182 ], [ 89.68707275390625, 26.159032821655387 ], [ 89.705177307129077, 26.171649932861328 ], [ 89.676361083984546, 26.201360702514705 ], [ 89.689346313476733, 26.228281021118164 ], [ 89.637580871582315, 26.227678298950195 ], [ 89.653038024902628, 26.189939498901481 ], [ 89.629837036132983, 26.186189651489315 ], [ 89.660621643066463, 26.175630569458008 ], [ 89.594696044921818, 26.157039642334212 ], [ 89.608177185058707, 26.116529464721793 ], [ 89.632987976074503, 26.118900299072493 ], [ 89.596656799316577, 26.100891113281307 ], [ 89.632667541503906, 26.106969833374137 ], [ 89.652351379394702, 26.062231063842773 ], [ 89.608360290527401, 26.063610076904354 ], [ 89.581481933593864, 26.024208068847713 ], [ 89.590660095215128, 25.975650787353743 ], [ 89.554496765136889, 25.964620590210018 ], [ 89.552291870117301, 26.000860214233455 ], [ 89.46734619140625, 25.998001098632812 ], [ 89.433921813964844, 26.011920928955135 ], [ 89.429542541504077, 26.045618057251033 ], [ 89.398406982422159, 26.006879806518498 ], [ 89.352447509765909, 26.010509490966797 ], [ 89.261566162109432, 26.063920974731673 ], [ 89.272201538086108, 26.091640472412166 ], [ 89.230171203613565, 26.122640609741325 ], [ 89.167236328125284, 26.133840560913143 ], [ 89.140586853027514, 26.180099487304801 ], [ 89.146881103515796, 26.235361099243221 ], [ 89.108428955078182, 26.282342910766715 ], [ 89.112518310546818, 26.316989898681641 ], [ 89.130500793457202, 26.288499832153263 ], [ 89.144447326660213, 26.320779800415039 ], [ 89.091140747070597, 26.321880340576286 ], [ 89.107200622558764, 26.338960647583235 ], [ 89.093536376953182, 26.39923286438011 ], [ 89.041038513183764, 26.397920608520565 ], [ 88.964340209961108, 26.463132858276367 ], [ 88.951446533203182, 26.429170608520735 ], [ 88.911270141601847, 26.412069320678711 ], [ 88.919891357421875, 26.369939804077205 ], [ 88.963623046875057, 26.365802764892521 ], [ 88.963798522949389, 26.332670211791992 ], [ 88.991432189941577, 26.352210998535156 ], [ 89.00762939453125, 26.328639984130859 ], [ 88.991889953613338, 26.304779052734432 ], [ 89.06516265869152, 26.293939590454329 ], [ 89.069702148437557, 26.255332946777344 ], [ 88.970436096191406, 26.241558074951229 ], [ 88.934852600097713, 26.288299560546875 ], [ 88.888351440429801, 26.291570663452205 ], [ 88.868209838867358, 26.277469635009879 ], [ 88.88510894775402, 26.238849639892635 ], [ 88.846786499023722, 26.234270095825252 ], [ 88.819206237793139, 26.259700775146598 ], [ 88.821586608886832, 26.300712585449219 ], [ 88.761581420898438, 26.300590515136776 ], [ 88.749191284179858, 26.353240966796932 ], [ 88.704368591308764, 26.334360122680721 ], [ 88.681816101074503, 26.380310058593807 ], [ 88.702682495117358, 26.388460159301758 ], [ 88.624549865722713, 26.435430526733512 ], [ 88.620697021484432, 26.471069335937557 ], [ 88.595207214355753, 26.471799850464095 ], [ 88.597023010253906, 26.449390411376953 ], [ 88.557121276855639, 26.45685005187994 ], [ 88.561058044433878, 26.488920211791992 ], [ 88.526657104492244, 26.481740951538143 ], [ 88.486061096191463, 26.541311264038029 ], [ 88.435409545898381, 26.546819686889762 ], [ 88.415351867676065, 26.63412284851097 ], [ 88.377540588378963, 26.593509674072379 ], [ 88.334365844726733, 26.478679656982536 ], [ 88.355911254882983, 26.445810317993278 ], [ 88.367607116699276, 26.487052917480469 ], [ 88.483245849609659, 26.461109161377067 ], [ 88.524826049804972, 26.359838485718001 ], [ 88.487022399902401, 26.349220275878963 ], [ 88.457893371582315, 26.373750686645451 ], [ 88.438102722168139, 26.337049484252873 ], [ 88.40695953369169, 26.330419540405273 ], [ 88.416130065918253, 26.315971374511719 ], [ 88.351753234863338, 26.281581878662166 ], [ 88.352516174316463, 26.219989776611555 ], [ 88.180442810058764, 26.145692825317383 ], [ 88.160957336425781, 26.077981948852539 ], [ 88.186157226562671, 26.068708419799805 ], [ 88.187110900879077, 26.02406120300293 ], [ 88.143997192382983, 26.011819839477596 ], [ 88.086761474609375, 25.912500381469783 ], [ 88.108352661132983, 25.889591217041016 ], [ 88.117141723632869, 25.796659469604606 ], [ 88.151702880859432, 25.773771286010856 ], [ 88.269927978515682, 25.808139801025391 ], [ 88.271759033203068, 25.7799205780031 ], [ 88.378578186035156, 25.71255111694353 ], [ 88.40714263916044, 25.669319152831974 ], [ 88.456726074219034, 25.66049957275419 ], [ 88.446395874023494, 25.596981048583984 ], [ 88.500045776367472, 25.58126258850092 ], [ 88.542922973632926, 25.506620407104492 ], [ 88.609428405761776, 25.513160705566406 ], [ 88.649818420410327, 25.476999282836971 ], [ 88.698883056640682, 25.469970703125114 ], [ 88.711120605468807, 25.497041702270565 ], [ 88.769096374511776, 25.492300033569336 ], [ 88.76285552978544, 25.521320343017805 ], [ 88.810386657714787, 25.519750595092717 ], [ 88.839073181152401, 25.469591140747298 ], [ 88.816886901855469, 25.408178329467773 ], [ 88.844963073730639, 25.392019271850586 ], [ 88.843658447265682, 25.362409591674805 ], [ 88.925605773925781, 25.303560256958008 ], [ 89.011253356933594, 25.292381286621207 ], [ 88.95664215087919, 25.259269714355469 ], [ 88.958877563476619, 25.219600677490291 ], [ 88.934852600097713, 25.21815109252924 ], [ 88.947387695312671, 25.184040069580078 ], [ 88.923027038574276, 25.167129516601506 ], [ 88.844909667968693, 25.211200714111385 ], [ 88.803787231445369, 25.17229080200201 ], [ 88.709228515625057, 25.209600448608342 ], [ 88.617073059082088, 25.206108093261776 ], [ 88.565811157226676, 25.177690505981445 ], [ 88.499717712402514, 25.211679458618164 ], [ 88.445846557617301, 25.196289062500114 ], [ 88.462646484375284, 25.142030715942383 ], [ 88.436538696289347, 25.050180435180721 ], [ 88.453811645507869, 25.035600662231445 ], [ 88.3974609375, 24.969120025634822 ], [ 88.401496887207202, 24.945690155029524 ], [ 88.341728210449503, 24.939010620117131 ], [ 88.326332092285327, 24.910699844360352 ], [ 88.347892761230639, 24.892179489135856 ], [ 88.325149536133097, 24.865890502929744 ], [ 88.277427673339957, 24.895732879638729 ], [ 88.263816833496151, 24.875459671020565 ], [ 88.263572692871094, 24.918260574340763 ], [ 88.227966308593807, 24.959430694580135 ], [ 88.139686584472713, 24.936128616333065 ], [ 88.175605773926065, 24.860982894897461 ], [ 88.147605895996094, 24.850231170654297 ], [ 88.136108398437784, 24.80531120300293 ], [ 88.122459411621264, 24.821630477905387 ], [ 88.105926513671932, 24.779449462890682 ], [ 88.070587158203296, 24.769420623779354 ], [ 88.064743041992244, 24.721380233764648 ], [ 88.010566711425838, 24.666660308837947 ], [ 88.147850036621151, 24.505630493164176 ], [ 88.333007812500171, 24.383190155029524 ], [ 88.448379516601506, 24.377040863037109 ], [ 88.528709411621264, 24.344181060791129 ], [ 88.555000305175724, 24.296489715576286 ], [ 88.586257934570597, 24.325941085815373 ], [ 88.702507019043026, 24.31065940856945 ], [ 88.734687805175781, 24.275239944458121 ], [ 88.731979370117472, 24.197399139404297 ], [ 88.699516296386832, 24.166030883789119 ], [ 88.694686889648494, 24.113399505615178 ], [ 88.737632751464901, 24.059429168701115 ], [ 88.727188110351847, 23.994501113891715 ], [ 88.758743286132983, 24.008182525634766 ], [ 88.770988464355526, 23.984781265258903 ], [ 88.734962463378963, 23.978170394897575 ], [ 88.731536865234432, 23.912982940673828 ], [ 88.702117919921875, 23.912879943847656 ], [ 88.658622741699389, 23.868059158325309 ], [ 88.575981140136662, 23.859750747680664 ], [ 88.601730346679631, 23.816850662231502 ], [ 88.559280395507869, 23.784130096435604 ], [ 88.578796386719034, 23.765340805053825 ], [ 88.561676025390568, 23.642070770263786 ], [ 88.592422485351733, 23.636571884155387 ], [ 88.580856323242244, 23.600740432739315 ], [ 88.644920349121151, 23.608060836791992 ], [ 88.659187316894702, 23.55265998840332 ], [ 88.742919921875171, 23.480779647827092 ], [ 88.798507690429801, 23.494890213012752 ], [ 88.790946960449219, 23.441350936889648 ], [ 88.765296936035213, 23.442810058593807 ], [ 88.757408142090014, 23.41900825500494 ], [ 88.76230621337919, 23.361749649047908 ], [ 88.733558654785327, 23.346300125122127 ], [ 88.746078491211222, 23.309801101684513 ], [ 88.697402954101619, 23.296480178833008 ], [ 88.720359802246037, 23.25266265869152 ], [ 88.796707153320483, 23.215570449829045 ], [ 88.817878723144702, 23.25098991394043 ], [ 88.852760314941577, 23.224609375000057 ], [ 88.913467407226619, 23.229999542236385 ], [ 88.919158935547046, 23.208311080932674 ], [ 88.994697570800952, 23.212360382080192 ], [ 88.869567871093921, 23.095359802246037 ], [ 88.873413085937557, 23.004341125488395 ], [ 88.846733093261776, 23.002431869506779 ], [ 88.867973327637003, 22.989601135254134 ], [ 88.861473083496378, 22.955150604248104 ], [ 88.895446777344034, 22.950510025024414 ], [ 88.913879394531307, 22.918619155883789 ], [ 88.909332275390909, 22.877401351928938 ], [ 88.946006774902287, 22.877439498901651 ], [ 88.967529296875284, 22.842628479003849 ], [ 88.958442687988452, 22.794210433959961 ], [ 88.919189453125057, 22.761711120605753 ], [ 88.959190368652514, 22.691169738769645 ], [ 88.947280883789176, 22.659851074218807 ], [ 88.931945800781421, 22.645549774169922 ], [ 88.920257568359318, 22.666948318481502 ], [ 88.911758422851619, 22.676561355590763 ], [ 88.905029296875171, 22.679105758667106 ], [ 88.864852905273494, 22.66486930847168 ], [ 88.864112854003963, 22.693651199340877 ], [ 88.847976684570312, 22.709030151367415 ], [ 88.809593200683878, 22.710670471191577 ], [ 88.811584472656421, 22.742061614990234 ], [ 88.809082031250171, 22.751136779785156 ], [ 88.813964843750284, 22.74090766906761 ], [ 88.825744628906307, 22.737632751464901 ], [ 88.829185485839901, 22.737960815429688 ], [ 88.834228515624943, 22.745452880859432 ], [ 88.836479187012003, 22.737016677856388 ], [ 88.839416503906421, 22.734941482544116 ], [ 88.842300415039233, 22.736467361450366 ], [ 88.847129821777401, 22.744049072265796 ], [ 88.847305297851619, 22.751741409301758 ], [ 88.839996337890796, 22.735643386840934 ], [ 88.835601806640796, 22.746540069580135 ], [ 88.808914184570483, 22.753431320190657 ], [ 88.805770874023722, 22.733200073242188 ], [ 88.809013366699503, 22.709463119506779 ], [ 88.861282348633097, 22.694194793701172 ], [ 88.863784790039347, 22.663747787475586 ], [ 88.910278320312614, 22.67500114440918 ], [ 88.932556152343807, 22.618743896484375 ], [ 88.957710266113338, 22.610780715942383 ], [ 88.937606811523381, 22.569932937622013 ], [ 88.896385192871378, 22.563333511352766 ], [ 88.868888854980582, 22.545835494995117 ], [ 88.842811584472599, 22.507873535156364 ], [ 88.844604492187557, 22.500904083252067 ], [ 88.858848571777344, 22.499151229858626 ], [ 88.865249633789119, 22.48751640319847 ], [ 88.851112365722713, 22.475000381469727 ], [ 88.852447509765682, 22.432832717895508 ], [ 88.824531555175952, 22.436119079589901 ], [ 88.829681396484546, 22.44675254821783 ], [ 88.811561584472827, 22.481378555298136 ], [ 88.771667480468693, 22.513380050659123 ], [ 88.782821655273494, 22.521150588989258 ], [ 88.784164428710994, 22.524999618530387 ], [ 88.766387939453296, 22.560834884643668 ], [ 88.768882751464901, 22.513591766357422 ], [ 88.701942443847713, 22.530561447143725 ], [ 88.690666198730639, 22.524412155151481 ], [ 88.691329956054972, 22.534059524536246 ], [ 88.682342529296932, 22.537443161010742 ], [ 88.682266235351733, 22.543781280517635 ], [ 88.673591613769815, 22.550022125244141 ], [ 88.680870056152628, 22.577384948730469 ], [ 88.67740631103544, 22.593498229980582 ], [ 88.672225952148494, 22.54944038391136 ], [ 88.689254760742472, 22.52404975891136 ], [ 88.777992248535327, 22.506502151489485 ], [ 88.802520751953409, 22.443422317505167 ], [ 88.818481445312557, 22.430572509765682 ], [ 88.848342895507756, 22.430564880371321 ], [ 88.846107482910327, 22.388332366943416 ], [ 88.861106872558878, 22.365022659301815 ], [ 88.874748229980526, 22.358118057251033 ], [ 88.876289367675838, 22.355310440063761 ], [ 88.818885803222713, 22.363611221313477 ], [ 88.802619934082202, 22.328983306884822 ], [ 88.804428100586222, 22.282730102539119 ], [ 88.792709350586108, 22.276189804077376 ], [ 88.790794372558764, 22.25970268249506 ], [ 88.743614196777628, 22.229166030884016 ], [ 88.733612060546932, 22.195554733276424 ], [ 88.701957702636776, 22.209442138671875 ], [ 88.665626525878849, 22.217451095581112 ], [ 88.635040283203182, 22.216400146484659 ], [ 88.658065795898494, 22.239360809326229 ], [ 88.684921264648608, 22.294275283813761 ], [ 88.690551757812614, 22.326665878296069 ], [ 88.666122436523494, 22.339040756225529 ], [ 88.679168701171818, 22.293891906738224 ], [ 88.630912780761662, 22.222049713134879 ], [ 88.639343261718921, 22.208120346069563 ], [ 88.67246246337919, 22.201198577881087 ], [ 88.619285583496094, 22.108840942382926 ], [ 88.604629516601733, 22.159774780273551 ], [ 88.572746276855469, 22.189100265503043 ], [ 88.603370666503963, 22.159088134765625 ], [ 88.597572326660327, 22.130620956420898 ], [ 88.619964599609432, 22.104549407959098 ], [ 88.627296447753906, 22.054809570312727 ], [ 88.629539489746378, 22.050611495971964 ], [ 88.636657714843921, 22.045289993286133 ], [ 88.603401184082315, 22.023559570312557 ], [ 88.606353759765796, 22.047721862792969 ], [ 88.596733093262003, 22.063297271728743 ], [ 88.601661682128963, 22.073610305786246 ], [ 88.596580505371037, 22.067266464233569 ], [ 88.596229553222827, 22.061040878296126 ], [ 88.604919433594034, 22.048328399658146 ], [ 88.599906921386776, 22.023595809936694 ], [ 88.614440917968807, 22.019720077514762 ], [ 88.60666656494169, 21.913057327270678 ], [ 88.578330993652344, 21.889444351196289 ], [ 88.586387634277401, 21.928050994873274 ], [ 88.572502136230753, 21.907222747802734 ], [ 88.550277709961108, 21.921390533447493 ], [ 88.551391601562671, 21.934722900390739 ], [ 88.543609619140796, 21.970001220703239 ], [ 88.556388854980639, 21.97278976440424 ], [ 88.56333160400402, 21.960556030273438 ], [ 88.567779541015568, 21.958890914917106 ], [ 88.557670593261662, 21.973239898681641 ], [ 88.546249389648608, 21.973489761352653 ], [ 88.542633056640796, 21.97063064575201 ], [ 88.540885925292912, 21.960212707519759 ], [ 88.548667907715128, 21.922279357910213 ], [ 88.570541381835994, 21.903608322143498 ], [ 88.540557861328296, 21.90386962890625 ], [ 88.52805328369169, 21.853055953979435 ], [ 88.494262695312557, 21.879091262817326 ], [ 88.521774291992472, 21.913742065429801 ], [ 88.525535583496151, 21.929441452026424 ], [ 88.521720886230526, 21.942680358886776 ], [ 88.493698120117244, 21.967052459716911 ], [ 88.519119262695597, 21.988243103027571 ], [ 88.53702545166044, 21.978805541992131 ], [ 88.543319702148722, 21.981994628906534 ], [ 88.549980163574332, 21.996206283569563 ], [ 88.556632995605526, 22.023180007934798 ], [ 88.554618835449162, 22.035709381103629 ], [ 88.54141998291044, 21.981710433960188 ], [ 88.517570495605753, 21.988727569580305 ], [ 88.491569519043026, 21.966890335083008 ], [ 88.520660400390568, 21.91539573669445 ], [ 88.483238220215128, 21.909959793090934 ], [ 88.473556518554631, 21.895341873168945 ], [ 88.452896118164176, 21.939537048339844 ], [ 88.468238830566577, 21.952831268310547 ], [ 88.470207214355526, 21.958900451660213 ], [ 88.463684082031421, 21.963520050049055 ], [ 88.445930480957202, 21.965959548950423 ], [ 88.460891723632869, 22.011579513549975 ], [ 88.441627502441463, 21.991060256957951 ], [ 88.445327758789006, 21.964155197143612 ], [ 88.468925476074503, 21.957969665527457 ], [ 88.451484680175952, 21.942026138305607 ], [ 88.458480834960881, 21.918840408325423 ], [ 88.419723510742472, 21.906551361084269 ], [ 88.40866851806669, 21.885330200195256 ], [ 88.384742736816463, 21.899152755737362 ], [ 88.407775878906421, 21.919492721557617 ], [ 88.398811340332202, 21.953092575073299 ], [ 88.373886108398494, 21.965278625488452 ], [ 88.394309997558651, 21.970661163330192 ], [ 88.375816345214901, 21.969720840454102 ], [ 88.372779846191463, 21.966659545898438 ], [ 88.374443054199276, 21.962818145752237 ], [ 88.398056030273608, 21.952220916748047 ], [ 88.406364440918253, 21.919784545898494 ], [ 88.382797241211108, 21.900680541992415 ], [ 88.390670776367244, 21.798980712890625 ], [ 88.364006042480526, 21.797830581664982 ], [ 88.354881286621378, 21.822799682617358 ], [ 88.370559692382756, 21.896530151367244 ], [ 88.365226745605469, 21.912139892578352 ], [ 88.356452941894531, 21.924310684204272 ], [ 88.353179931640909, 21.856924057006836 ], [ 88.326286315918253, 21.862159729003963 ], [ 88.30893707275419, 21.856399536132812 ], [ 88.309799194335994, 21.877683639526538 ], [ 88.261978149414347, 21.858690261840763 ], [ 88.266387939453409, 21.883611679077148 ], [ 88.258903503418026, 21.858806610107649 ], [ 88.313827514648494, 21.84660720825218 ], [ 88.258972167968693, 21.807621002197209 ], [ 88.258361816406534, 21.800769805908374 ], [ 88.263626098632869, 21.788000106811637 ], [ 88.281936645507869, 21.761100769043026 ], [ 88.251663208007869, 21.80194282531761 ], [ 88.282737731933651, 21.757581710815657 ], [ 88.272003173828296, 21.730480194091854 ], [ 88.272781372070369, 21.755750656128043 ], [ 88.217224121093921, 21.764444351196403 ], [ 88.163330078125057, 21.87944412231451 ], [ 88.177207946777514, 21.926111221313704 ], [ 88.15366363525419, 21.959173202514648 ], [ 88.223892211914062, 22.075275421142578 ], [ 88.203056335449503, 22.166940689086914 ], [ 88.165557861328296, 22.19889068603527 ], [ 88.069725036621378, 22.211944580078125 ], [ 88.105003356933878, 22.304698944091797 ], [ 88.049156188965128, 22.220001220703182 ], [ 87.984863281250284, 22.245700836181754 ], [ 87.958686828613338, 22.28466987609886 ], [ 87.946388244629077, 22.406110763549862 ], [ 87.923332214355639, 22.43499946594261 ], [ 87.88376617431669, 22.44158935546875 ], [ 87.942222595215014, 22.366388320922965 ], [ 87.940002441406307, 22.260278701782454 ], [ 87.981407165527628, 22.215850830078239 ], [ 88.008613586425838, 22.201389312744368 ], [ 88.135559082031534, 22.184722900390682 ], [ 88.188888549804744, 22.099166870117358 ], [ 88.062232971191463, 22.013059616088981 ], [ 88.031944274902457, 22.063886642456055 ], [ 87.991943359374943, 22.102500915527571 ], [ 87.963356018066577, 22.103477478027401 ], [ 88.053054809570369, 22.01027870178234 ], [ 87.929168701172159, 21.800556182861271 ], [ 87.889846801757926, 21.793535232544002 ], [ 87.789718627929801, 21.694999694824219 ], [ 87.482032775878963, 21.608703613281307 ], [ 87.443672180175838, 21.760889053344727 ], [ 87.370117187500284, 21.760072708129826 ], [ 87.262420654297046, 21.813859939575138 ], [ 87.234848022460994, 21.954380035400447 ], [ 87.167442321777514, 21.973409652709904 ], [ 87.158287048340014, 21.930549621581974 ], [ 87.093536376953239, 21.907899856567326 ], [ 87.094642639160213, 21.86034011840826 ], [ 87.030242919922159, 21.865310668945256 ], [ 86.997932434082088, 21.907501220703125 ], [ 87.034317016601733, 21.989191055297852 ], [ 87.01761627197277, 22.041280746460075 ], [ 86.957237243652514, 22.083368301391545 ], [ 86.832008361816463, 22.095109939575423 ], [ 86.790321350097599, 22.153940200805607 ], [ 86.715446472168026, 22.143491744995231 ], [ 86.722785949707315, 22.215248107910213 ], [ 86.767036437988565, 22.211341857910156 ], [ 86.779968261718864, 22.231721878051871 ], [ 86.776016235351506, 22.213779449462947 ], [ 86.800117492675838, 22.213630676269531 ], [ 86.790267944336051, 22.262800216674805 ], [ 86.799606323242301, 22.240972518921012 ], [ 86.811866760253849, 22.263931274414176 ], [ 86.885681152343693, 22.252120971679631 ], [ 86.886230468750284, 22.294120788574219 ], [ 86.829193115234659, 22.324590682983398 ], [ 86.84393310546875, 22.396060943603516 ], [ 86.762260437012003, 22.425231933593807 ], [ 86.745407104492244, 22.475679397583121 ], [ 86.789222717285327, 22.474510192871037 ], [ 86.798606872558651, 22.498821258545036 ], [ 86.759941101074332, 22.572429656982536 ], [ 86.651702880859546, 22.575790405273381 ], [ 86.617866516113565, 22.673389434814453 ], [ 86.539253234863395, 22.720649719238338 ], [ 86.506591796875057, 22.701520919799862 ], [ 86.416152954101733, 22.776508331298942 ], [ 86.463043212890796, 22.89663124084484 ], [ 86.432823181152457, 22.923402786254883 ], [ 86.470420837402628, 22.949449539184684 ], [ 86.518356323242358, 22.944330215454215 ], [ 86.540283203125, 22.987230300903434 ], [ 86.512237548828125, 22.966260910034237 ], [ 86.497352600097599, 22.989908218383903 ], [ 86.416282653808537, 22.994791030883846 ], [ 86.393035888671875, 22.974239349365291 ], [ 86.298255920410327, 23.013282775878963 ], [ 86.206428527832145, 22.994070053100586 ], [ 86.150016784667912, 23.040899276733512 ], [ 86.136566162109432, 23.083101272583065 ], [ 86.047966003418253, 23.10868072509777 ], [ 86.03692626953125, 23.143610000610465 ], [ 85.914993286133097, 23.129529953002987 ], [ 85.857521057128963, 23.194362640381087 ], [ 85.832412719726847, 23.19264030456543 ], [ 85.826362609863281, 23.263120651245231 ], [ 85.877983093261832, 23.323709487914982 ], [ 85.866256713867358, 23.364849090576229 ], [ 85.895690917968807, 23.370590209960881 ], [ 85.862876892089901, 23.409971237182731 ], [ 85.86602783203125, 23.470230102539119 ], [ 85.943908691406307, 23.454620361328352 ], [ 86.047225952148438, 23.493642807006893 ], [ 86.010772705078409, 23.551649093628157 ], [ 86.037376403808651, 23.58345985412609 ], [ 86.144767761230526, 23.567771911621207 ], [ 86.145530700683651, 23.473070144653263 ], [ 86.238746643066577, 23.469690322875977 ], [ 86.224662780761719, 23.435680389404411 ], [ 86.243179321289119, 23.419580459594783 ], [ 86.278472900390682, 23.441120147705078 ], [ 86.300003051757812, 23.420061111450195 ], [ 86.300148010253906, 23.443710327148438 ], [ 86.371948242187557, 23.482660293579102 ], [ 86.357971191406421, 23.543060302734375 ], [ 86.439880371093864, 23.629610061645621 ], [ 86.528656005859546, 23.628980636596623 ], [ 86.591606140136889, 23.671150207519645 ], [ 86.693847656250171, 23.694520950317383 ], [ 86.792037963867131, 23.687370300293082 ], [ 86.819770812988338, 23.761070251464844 ], [ 86.792839050293139, 23.831380844116211 ], [ 86.820770263671932, 23.811309814453182 ], [ 86.871215820312671, 23.844181060791072 ], [ 86.88226318359375, 23.814479827880973 ], [ 86.875267028808651, 23.862380981445369 ], [ 86.895011901855753, 23.879951477051009 ], [ 86.93637847900419, 23.84486007690424 ], [ 86.966911315918253, 23.865299224853516 ], [ 87.124160766601733, 23.795038223266602 ], [ 87.166442871093693, 23.819589614868278 ], [ 87.130928039551065, 23.866960525512695 ], [ 87.195655822754077, 23.854259490966797 ], [ 87.188568115234318, 23.840837478637695 ], [ 87.236236572265909, 23.853069305419922 ], [ 87.218559265136889, 23.830801010131836 ], [ 87.242729187012003, 23.826160430908146 ], [ 87.248222351074332, 23.907011032104549 ], [ 87.270416259765625, 23.872940063476676 ], [ 87.294548034668026, 23.898571014404354 ], [ 87.291816711425952, 23.955699920654297 ], [ 87.261543273925838, 23.966169357299918 ], [ 87.237976074218693, 24.041219711303711 ], [ 87.332359313965128, 24.031009674072209 ], [ 87.327873229980469, 23.995990753173885 ], [ 87.356636047363452, 24.009189605712947 ], [ 87.457969665527401, 23.981420516967887 ], [ 87.433830261230753, 24.008321762085075 ], [ 87.510551452636719, 24.039831161498967 ], [ 87.491226196289347, 24.052021026611328 ], [ 87.493598937988452, 24.115209579467773 ], [ 87.576156616210938, 24.085260391235408 ], [ 87.569221496582145, 24.106750488281307 ], [ 87.607612609863224, 24.128942489624023 ], [ 87.569381713867244, 24.155651092529354 ], [ 87.69248199462919, 24.154470443725529 ], [ 87.692558288574219, 24.186180114746037 ], [ 87.637725830078409, 24.211580276489201 ], [ 87.635711669922046, 24.242530822753963 ], [ 87.681358337402401, 24.246440887451229 ], [ 87.710319519043026, 24.292070388793888 ], [ 87.756278991699276, 24.303592681884766 ], [ 87.810020446777514, 24.406620025634766 ], [ 87.784751892089957, 24.414541244507063 ], [ 87.822875976562557, 24.49440956115734 ], [ 87.806671142578182, 24.510601043701229 ], [ 87.795150756836108, 24.491050720214901 ], [ 87.806343078613565, 24.545200347900504 ], [ 87.769409179687671, 24.581760406494368 ], [ 87.848213195800838, 24.55105018615734 ], [ 87.909973144531421, 24.593868255615178 ], [ 87.872741699218693, 24.61071968078619 ], [ 87.901611328125057, 24.612581253051758 ], [ 87.884613037109546, 24.626649856567383 ], [ 87.913406372070483, 24.65855979919445 ], [ 87.886619567871378, 24.674102783203125 ], [ 87.900833129882983, 24.721599578857479 ], [ 87.818061828613281, 24.765981674194336 ], [ 87.837532043457088, 24.787801742553938 ], [ 87.835243225097713, 24.76323127746582 ], [ 87.854537963867244, 24.764310836791992 ], [ 87.876663208007869, 24.79368972778326 ], [ 87.867668151855526, 24.822982788086051 ], [ 87.898422241210994, 24.824529647827148 ], [ 87.888977050781421, 24.852939605712891 ], [ 87.973342895507869, 24.896482467651367 ], [ 87.876976013183764, 25.028039932251204 ], [ 87.772666931152344, 25.099098205566406 ], [ 87.787582397460994, 25.220489501953239 ], [ 87.83664703369169, 25.199260711669865 ], [ 87.822776794433594, 25.234340667724723 ], [ 87.856521606445256, 25.277772903442496 ], [ 87.783981323242244, 25.332429885864315 ], [ 87.788825988769531, 25.372249603271428 ], [ 87.759750366210994, 25.410089492797908 ], [ 87.786521911621037, 25.448699951171875 ], [ 87.808647155761662, 25.434190750122013 ], [ 87.863471984863338, 25.465389251708984 ], [ 87.879219055175724, 25.515970230102653 ], [ 87.898986816406307, 25.504301071166935 ], [ 87.924110412597656, 25.535648345947322 ], [ 87.986038208007756, 25.524829864502067 ], [ 87.986633300781421, 25.502630233764648 ], [ 88.027549743652401, 25.486141204833984 ], [ 88.070411682128963, 25.480501174927042 ], [ 88.072853088379077, 25.503900527954329 ], [ 88.021026611328182, 25.586921691894474 ], [ 88.05429840087919, 25.632860183716048 ], [ 88.035552978515682, 25.63683128356945 ], [ 88.048629760742358, 25.690570831298942 ], [ 87.960998535156364, 25.724681854248161 ], [ 87.932395935058878, 25.771320343017578 ], [ 87.898468017578409, 25.769760131836165 ], [ 87.910507202148381, 25.814809799194279 ], [ 87.88339996337919, 25.828609466552791 ], [ 87.910911560058764, 25.851749420166129 ], [ 87.822837829589901, 25.871467590332145 ], [ 87.803581237793026, 25.920721054077148 ], [ 87.829933166503963, 25.935451507568473 ], [ 87.842117309570369, 26.044481277465877 ], [ 87.912933349609489, 26.090972900390682 ], [ 87.931129455566577, 26.068950653076229 ], [ 87.968132019043139, 26.081361770629826 ], [ 87.964057922363565, 26.151979446411133 ], [ 88.013069152832145, 26.140871047973576 ], [ 88.037437438964901, 26.177700042724723 ], [ 88.069831848144531, 26.175718307495117 ], [ 88.291915893554801, 26.353910446167049 ], [ 88.267593383789233, 26.381160736084212 ], [ 88.237609863281193, 26.375377655029297 ], [ 88.230445861816463, 26.393960952758903 ], [ 88.267906188965128, 26.421752929687614 ], [ 88.228973388671989, 26.447151184081974 ], [ 88.226226806640796, 26.476251602172852 ], [ 88.179039001465128, 26.490579605102596 ], [ 88.231201171875057, 26.551982879638672 ], [ 88.145393371582088, 26.510971069335994 ], [ 88.105049133300724, 26.535848617553711 ], [ 88.163040161132756, 26.63629341125511 ], [ 88.190498352050724, 26.77141189575218 ], [ 88.176086425781307, 26.865205764770735 ], [ 88.123016357422046, 26.950115203857649 ], [ 88.137481689453068, 26.985267639160156 ], [ 88.079551696777514, 27.035074234008789 ], [ 88.040260314941577, 27.036317825317667 ], [ 87.994171142578182, 27.105207443237532 ], [ 88.016967773437671, 27.218872070312671 ], [ 88.074951171875171, 27.200839996337834 ], [ 88.085845947265796, 27.141510009765682 ], [ 88.126907348632869, 27.123081207275391 ] ] ] ] } }
]
}
